#include "ttffonts.h"

const uint8_t ttffont_regular[] = {
    0x00, 0x01, 0x00, 0x00, 0x00, 0x12, 0x01, 0x00, 0x00, 0x04, 0x00, 0x20, 0x47, 0x44, 0x45, 0x46, 0x00, 0xf5, 0x00, 0xea, 
    0x00, 0x00, 0x4b, 0xac, 0x00, 0x00, 0x00, 0x22, 0x47, 0x50, 0x4f, 0x53, 0x1d, 0xb1, 0x07, 0x23, 0x00, 0x00, 0x4b, 0xd0, 
    0x00, 0x00, 0x09, 0x6c, 0x47, 0x53, 0x55, 0x42, 0x34, 0xbb, 0x0d, 0x11, 0x00, 0x00, 0x55, 0x3c, 0x00, 0x00, 0x01, 0xca, 
    0x4f, 0x53, 0x2f, 0x32, 0x72, 0x8c, 0x01, 0xcd, 0x00, 0x00, 0x01, 0xa8, 0x00, 0x00, 0x00, 0x60, 0x63, 0x6d, 0x61, 0x70, 
    0x01, 0x25, 0x21, 0x68, 0x00, 0x00, 0x04, 0x5c, 0x00, 0x00, 0x00, 0x44, 0x63, 0x76, 0x74, 0x20, 0x2b, 0xa8, 0x07, 0x9d, 
    0x00, 0x00, 0x07, 0xa8, 0x00, 0x00, 0x00, 0x54, 0x66, 0x70, 0x67, 0x6d, 0x77, 0xf8, 0x60, 0xab, 0x00, 0x00, 0x04, 0xa0, 
    0x00, 0x00, 0x01, 0xbc, 0x67, 0x61, 0x73, 0x70, 0x00, 0x08, 0x00, 0x13, 0x00, 0x00, 0x4b, 0xa0, 0x00, 0x00, 0x00, 0x0c, 
    0x67, 0x6c, 0x79, 0x66, 0x94, 0x79, 0x48, 0x2c, 0x00, 0x00, 0x08, 0xf4, 0x00, 0x00, 0x41, 0x76, 0x68, 0x64, 0x6d, 0x78, 
    0x8f, 0x87, 0x8e, 0x07, 0x00, 0x00, 0x03, 0xd4, 0x00, 0x00, 0x00, 0x88, 0x68, 0x65, 0x61, 0x64, 0x0e, 0x68, 0x81, 0xe0, 
    0x00, 0x00, 0x01, 0x2c, 0x00, 0x00, 0x00, 0x36, 0x68, 0x68, 0x65, 0x61, 0x0e, 0x1b, 0x05, 0xa4, 0x00, 0x00, 0x01, 0x64, 
    0x00, 0x00, 0x00, 0x24, 0x68, 0x6d, 0x74, 0x78, 0xb6, 0x1f, 0x2a, 0xb5, 0x00, 0x00, 0x02, 0x08, 0x00, 0x00, 0x01, 0xcc, 
    0x6c, 0x6f, 0x63, 0x61, 0xea, 0x43, 0xfb, 0xaa, 0x00, 0x00, 0x07, 0xfc, 0x00, 0x00, 0x00, 0xf8, 0x6d, 0x61, 0x78, 0x70, 
    0x02, 0x94, 0x02, 0x92, 0x00, 0x00, 0x01, 0x88, 0x00, 0x00, 0x00, 0x20, 0x6e, 0x61, 0x6d, 0x65, 0x12, 0x7b, 0x2d, 0x7d, 
    0x00, 0x00, 0x4a, 0x6c, 0x00, 0x00, 0x01, 0x14, 0x70, 0x6f, 0x73, 0x74, 0xff, 0x6d, 0x00, 0x64, 0x00, 0x00, 0x4b, 0x80, 
    0x00, 0x00, 0x00, 0x20, 0x70, 0x72, 0x65, 0x70, 0xa2, 0x66, 0xfa, 0xc9, 0x00, 0x00, 0x06, 0x5c, 0x00, 0x00, 0x01, 0x49, 
    0x00, 0x01, 0x00, 0x00, 0x00, 0x02, 0x23, 0x12, 0xc0, 0x7b, 0xa9, 0x4a, 0x5f, 0x0f, 0x3c, 0xf5, 0x00, 0x1b, 0x08, 0x00, 
    0x00, 0x00, 0x00, 0x00, 0xc4, 0xf0, 0x11, 0x2e, 0x00, 0x00, 0x00, 0x00, 0xe3, 0x9c, 0x03, 0xdc, 0xff, 0xbf, 0xfe, 0x2a, 
    0x06, 0xed, 0x06, 0x9c, 0x00, 0x00, 0x00, 0x09, 0x00, 0x02, 0x00, 0x00, 0x00, 0x00, 0x00, 0x00, 0x00, 0x01, 0x00, 0x00, 
    0x07, 0x6c, 0xfe, 0x0c, 0x00, 0x00, 0x07, 0x2f, 0xff, 0xbf, 0xff, 0xfd, 0x06, 0xed, 0x00, 0x01, 0x00, 0x00, 0x00, 0x00, 
    0x00, 0x00, 0x00, 0x00, 0x00, 0x00, 0x00, 0x00, 0x00, 0x00, 0x00, 0x6b, 0x00, 0x01, 0x00, 0x00, 0x00, 0x7b, 0x00, 0x43, 
    0x00, 0x05, 0x00, 0x29, 0x00, 0x03, 0x00, 0x01, 0x00, 0x00, 0x00, 0x00, 0x00, 0x0e, 0x00, 0x00, 0x02, 0x00, 0x02, 0x24, 
    0x00, 0x02, 0x00, 0x01, 0x00, 0x03, 0x04, 0x86, 0x01, 0x90, 0x00, 0x05, 0x00, 0x00, 0x05, 0x9a, 0x05, 0x33, 0x00, 0x00, 
    0x01, 0x1f, 0x05, 0x9a, 0x05, 0x33, 0x00, 0x00, 0x03, 0xd1, 0x00, 0x66, 0x02, 0x00, 0x00, 0x00, 0x02, 0x00, 0x00, 0x00, 
    0x00, 0x00, 0x00, 0x00, 0x00, 0x00, 0x80, 0x00, 0x00, 0x03, 0x00, 0x00, 0x00, 0x00, 0x00, 0x00, 0x00, 0x00, 0x00, 0x00, 
    0x00, 0x00, 0x47, 0x4f, 0x4f, 0x47, 0x00, 0x40, 0x00, 0x20, 0x20, 0x22, 0x06, 0x00, 0xfe, 0x00, 0x00, 0x66, 0x07, 0x9a, 
    0x02, 0x00, 0x00, 0x00, 0x00, 0x01, 0x00, 0x00, 0x00, 0x00, 0x04, 0x3a, 0x05, 0xb0, 0x00, 0x20, 0x00, 0x20, 0x00, 0x03, 
    0x03, 0x8c, 0x00, 0x64, 0x01, 0xfb, 0x00, 0x00, 0x02, 0x0f, 0x00, 0xa0, 0x02, 0x8f, 0x00, 0x88, 0x04, 0xed, 0x00, 0x77, 
    0x04, 0x7e, 0x00, 0x6e, 0x05, 0xdc, 0x00, 0x69, 0x04, 0xf9, 0x00, 0x65, 0x01, 0x65, 0x00, 0x67, 0x02, 0xbc, 0x00, 0x85, 
    0x02, 0xc8, 0x00, 0x26, 0x03, 0x72, 0x00, 0x1c, 0x04, 0x89, 0x00, 0x4e, 0x01, 0x92, 0x00, 0x1d, 0x02, 0x35, 0x00, 0x25, 
    0x02, 0x1b, 0x00, 0x90, 0x03, 0x4c, 0x00, 0x12, 0x04, 0x7e, 0x00, 0x73, 0x04, 0x7e, 0x00, 0xaa, 0x04, 0x7e, 0x00, 0x5d, 
    0x04, 0x7e, 0x00, 0x5e, 0x04, 0x7e, 0x00, 0x35, 0x04, 0x7e, 0x00, 0x9a, 0x04, 0x7e, 0x00, 0x84, 0x04, 0x7e, 0x00, 0x4d, 
    0x04, 0x7e, 0x00, 0x70, 0x04, 0x7e, 0x00, 0x64, 0x01, 0xf0, 0x00, 0x86, 0x01, 0xb1, 0x00, 0x29, 0x04, 0x11, 0x00, 0x48, 
    0x04, 0x64, 0x00, 0x98, 0x04, 0x2e, 0x00, 0x86, 0x03, 0xc7, 0x00, 0x4b, 0x07, 0x2f, 0x00, 0x6a, 0x05, 0x38, 0x00, 0x1c, 
    0x04, 0xfb, 0x00, 0xa9, 0x05, 0x35, 0x00, 0x77, 0x05, 0x3f, 0x00, 0xa9, 0x04, 0x8c, 0x00, 0xa9, 0x04, 0x6c, 0x00, 0xa9, 
    0x05, 0x73, 0x00, 0x7a, 0x05, 0xb4, 0x00, 0xa9, 0x02, 0x2d, 0x00, 0xb7, 0x04, 0x6a, 0x00, 0x35, 0x05, 0x04, 0x00, 0xa9, 
    0x04, 0x4e, 0x00, 0xa9, 0x06, 0xfc, 0x00, 0xa9, 0x05, 0xb4, 0x00, 0xa9, 0x05, 0x80, 0x00, 0x76, 0x05, 0x0c, 0x00, 0xa9, 
    0x05, 0x80, 0x00, 0x6d, 0x04, 0xed, 0x00, 0xa8, 0x04, 0xbf, 0x00, 0x50, 0x04, 0xc6, 0x00, 0x31, 0x05, 0x30, 0x00, 0x8c, 
    0x05, 0x17, 0x00, 0x1c, 0x07, 0x19, 0x00, 0x3d, 0x05, 0x04, 0x00, 0x39, 0x04, 0xce, 0x00, 0x0f, 0x04, 0xca, 0x00, 0x56, 
    0x02, 0x1f, 0x00, 0x92, 0x03, 0x48, 0x00, 0x28, 0x02, 0x1f, 0x00, 0x09, 0x03, 0x58, 0x00, 0x40, 0x03, 0x9c, 0x00, 0x04, 
    0x02, 0x79, 0x00, 0x39, 0x04, 0x5a, 0x00, 0x6d, 0x04, 0x7d, 0x00, 0x8c, 0x04, 0x30, 0x00, 0x5c, 0x04, 0x83, 0x00, 0x5f, 
    0x04, 0x3d, 0x00, 0x5d, 0x02, 0xc7, 0x00, 0x3c, 0x04, 0x7d, 0x00, 0x60, 0x04, 0x68, 0x00, 0x8c, 0x01, 0xf1, 0x00, 0x8d, 
    0x01, 0xe9, 0xff, 0xbf, 0x04, 0x0e, 0x00, 0x8d, 0x01, 0xf1, 0x00, 0x9c, 0x07, 0x03, 0x00, 0x8b, 0x04, 0x6a, 0x00, 0x8c, 
    0x04, 0x90, 0x00, 0x5b, 0x04, 0x7d, 0x00, 0x8c, 0x04, 0x8c, 0x00, 0x5f, 0x02, 0xb5, 0x00, 0x8c, 0x04, 0x20, 0x00, 0x5f, 
    0x02, 0x9d, 0x00, 0x09, 0x04, 0x69, 0x00, 0x88, 0x03, 0xe0, 0x00, 0x21, 0x06, 0x03, 0x00, 0x2b, 0x03, 0xf7, 0x00, 0x29, 
    0x03, 0xc9, 0x00, 0x16, 0x03, 0xf7, 0x00, 0x58, 0x02, 0xb5, 0x00, 0x40, 0x01, 0xf3, 0x00, 0xaf, 0x02, 0xb5, 0x00, 0x13, 
    0x05, 0x71, 0x00, 0x83, 0x02, 0xfd, 0x00, 0x82, 0x02, 0xef, 0x00, 0x42, 0x02, 0xef, 0x00, 0x3e, 0x02, 0xef, 0x00, 0x7a, 
    0x02, 0xb2, 0x00, 0x8a, 0x03, 0xa3, 0x00, 0x3b, 0x04, 0x6e, 0x00, 0x1f, 0x04, 0x8b, 0x00, 0x3c, 0x06, 0xd4, 0x00, 0x3c, 
    0x06, 0xd4, 0x00, 0x3c, 0x02, 0xef, 0x00, 0x42, 0x00, 0x7a, 0x00, 0x50, 0x00, 0x3e, 0x00, 0x36, 0x00, 0x5b, 0x00, 0x56, 
    0x00, 0x3a, 0x00, 0x4f, 0x00, 0x49, 0x00, 0x50, 0x00, 0x36, 0x00, 0x5b, 0x00, 0x56, 0x00, 0x3a, 0x00, 0x4f, 0x00, 0x49, 
    0x00, 0x00, 0x00, 0x01, 0x00, 0x00, 0x00, 0x80, 0x09, 0x08, 0x04, 0x02, 0x02, 0x03, 0x06, 0x05, 0x07, 0x06, 0x02, 0x03, 
    0x03, 0x04, 0x05, 0x02, 0x02, 0x02, 0x04, 0x05, 0x05, 0x05, 0x05, 0x05, 0x05, 0x05, 0x05, 0x05, 0x05, 0x02, 0x02, 0x05, 
    0x05, 0x05, 0x04, 0x08, 0x06, 0x06, 0x06, 0x06, 0x05, 0x05, 0x06, 0x06, 0x02, 0x05, 0x06, 0x05, 0x08, 0x06, 0x06, 0x06, 
    0x06, 0x06, 0x05, 0x05, 0x06, 0x06, 0x08, 0x06, 0x05, 0x05, 0x02, 0x04, 0x02, 0x04, 0x04, 0x03, 0x05, 0x05, 0x05, 0x05, 
    0x05, 0x03, 0x05, 0x05, 0x02, 0x02, 0x05, 0x02, 0x08, 0x05, 0x05, 0x05, 0x05, 0x03, 0x05, 0x03, 0x05, 0x04, 0x07, 0x04, 
    0x04, 0x04, 0x03, 0x02, 0x03, 0x06, 0x03, 0x03, 0x03, 0x03, 0x03, 0x04, 0x05, 0x05, 0x08, 0x08, 0x03, 0x03, 0x03, 0x03, 
    0x03, 0x03, 0x03, 0x03, 0x03, 0x03, 0x03, 0x03, 0x03, 0x03, 0x03, 0x03, 0x03, 0x00, 0x00, 0x00, 0x00, 0x00, 0x00, 0x02, 
    0x00, 0x00, 0x00, 0x03, 0x00, 0x00, 0x00, 0x14, 0x00, 0x03, 0x00, 0x01, 0x00, 0x00, 0x00, 0x14, 0x00, 0x04, 0x00, 0x30, 
    0x00, 0x00, 0x00, 0x08, 0x00, 0x08, 0x00, 0x02, 0x00, 0x00, 0x00, 0x7e, 0x00, 0xb0, 0x20, 0x22, 0xff, 0xff, 0x00, 0x00, 
    0x00, 0x20, 0x00, 0xb0, 0x20, 0x22, 0xff, 0xff, 0xff, 0xe1, 0xff, 0xb0, 0xe0, 0x42, 0x00, 0x01, 0x00, 0x00, 0x00, 0x00, 
    0x00, 0x00, 0x00, 0x00, 0xb0, 0x00, 0x2c, 0x4b, 0xb0, 0x09, 0x50, 0x58, 0xb1, 0x01, 0x01, 0x8e, 0x59, 0xb8, 0x01, 0xff, 
    0x85, 0xb0, 0x84, 0x1d, 0xb1, 0x09, 0x03, 0x5f, 0x5e, 0x2d, 0xb0, 0x01, 0x2c, 0x20, 0x20, 0x45, 0x69, 0x44, 0xb0, 0x01, 
    0x60, 0x2d, 0xb0, 0x02, 0x2c, 0xb0, 0x01, 0x2a, 0x21, 0x2d, 0xb0, 0x03, 0x2c, 0x20, 0x46, 0xb0, 0x03, 0x25, 0x46, 0x52, 
    0x58, 0x23, 0x59, 0x20, 0x8a, 0x20, 0x8a, 0x49, 0x64, 0x8a, 0x20, 0x46, 0x20, 0x68, 0x61, 0x64, 0xb0, 0x04, 0x25, 0x46, 
    0x20, 0x68, 0x61, 0x64, 0x52, 0x58, 0x23, 0x65, 0x8a, 0x59, 0x2f, 0x20, 0xb0, 0x00, 0x53, 0x58, 0x69, 0x20, 0xb0, 0x00, 
    0x54, 0x58, 0x21, 0xb0, 0x40, 0x59, 0x1b, 0x69, 0x20, 0xb0, 0x00, 0x54, 0x58, 0x21, 0xb0, 0x40, 0x65, 0x59, 0x59, 0x3a, 
    0x2d, 0xb0, 0x04, 0x2c, 0x20, 0x46, 0xb0, 0x04, 0x25, 0x46, 0x52, 0x58, 0x23, 0x8a, 0x59, 0x20, 0x46, 0x20, 0x6a, 0x61, 
    0x64, 0xb0, 0x04, 0x25, 0x46, 0x20, 0x6a, 0x61, 0x64, 0x52, 0x58, 0x23, 0x8a, 0x59, 0x2f, 0xfd, 0x2d, 0xb0, 0x05, 0x2c, 
    0x4b, 0x20, 0xb0, 0x03, 0x26, 0x50, 0x58, 0x51, 0x58, 0xb0, 0x80, 0x44, 0x1b, 0xb0, 0x40, 0x44, 0x59, 0x1b, 0x21, 0x21, 
    0x20, 0x45, 0xb0, 0xc0, 0x50, 0x58, 0xb0, 0xc0, 0x44, 0x1b, 0x21, 0x59, 0x59, 0x2d, 0xb0, 0x06, 0x2c, 0x20, 0x20, 0x45, 
    0x69, 0x44, 0xb0, 0x01, 0x60, 0x20, 0x20, 0x45, 0x7d, 0x69, 0x18, 0x44, 0xb0, 0x01, 0x60, 0x2d, 0xb0, 0x07, 0x2c, 0xb0, 
    0x06, 0x2a, 0x2d, 0xb0, 0x08, 0x2c, 0x4b, 0x20, 0xb0, 0x03, 0x26, 0x53, 0x58, 0xb0, 0x40, 0x1b, 0xb0, 0x00, 0x59, 0x8a, 
    0x8a, 0x20, 0xb0, 0x03, 0x26, 0x53, 0x58, 0x23, 0x21, 0xb0, 0x80, 0x8a, 0x8a, 0x1b, 0x8a, 0x23, 0x59, 0x20, 0xb0, 0x03, 
    0x26, 0x53, 0x58, 0x23, 0x21, 0xb0, 0xc0, 0x8a, 0x8a, 0x1b, 0x8a, 0x23, 0x59, 0x20, 0xb0, 0x03, 0x26, 0x53, 0x58, 0x23, 
    0x21, 0xb8, 0x01, 0x00, 0x8a, 0x8a, 0x1b, 0x8a, 0x23, 0x59, 0x20, 0xb0, 0x03, 0x26, 0x53, 0x58, 0x23, 0x21, 0xb8, 0x01, 
    0x40, 0x8a, 0x8a, 0x1b, 0x8a, 0x23, 0x59, 0x20, 0xb0, 0x03, 0x26, 0x53, 0x58, 0xb0, 0x03, 0x25, 0x45, 0xb8, 0x01, 0x80, 
    0x50, 0x58, 0x23, 0x21, 0xb8, 0x01, 0x80, 0x23, 0x21, 0x1b, 0xb0, 0x03, 0x25, 0x45, 0x23, 0x21, 0x23, 0x21, 0x59, 0x1b, 
    0x21, 0x59, 0x44, 0x2d, 0xb0, 0x09, 0x2c, 0x4b, 0x53, 0x58, 0x45, 0x44, 0x1b, 0x21, 0x21, 0x59, 0x2d, 0xb0, 0x0a, 0x2c, 
    0xb0, 0x28, 0x45, 0x2d, 0xb0, 0x0b, 0x2c, 0xb0, 0x29, 0x45, 0x2d, 0xb0, 0x0c, 0x2c, 0xb1, 0x27, 0x01, 0x88, 0x20, 0x8a, 
    0x53, 0x58, 0xb9, 0x40, 0x00, 0x04, 0x00, 0x63, 0xb8, 0x08, 0x00, 0x88, 0x54, 0x58, 0xb9, 0x00, 0x28, 0x03, 0xe8, 0x70, 
    0x59, 0x1b, 0xb0, 0x23, 0x53, 0x58, 0xb0, 0x20, 0x88, 0xb8, 0x10, 0x00, 0x54, 0x58, 0xb9, 0x00, 0x28, 0x03, 0xe8, 0x70, 
    0x59, 0x59, 0x59, 0x2d, 0xb0, 0x0d, 0x2c, 0xb0, 0x40, 0x88, 0xb8, 0x20, 0x00, 0x5a, 0x58, 0xb1, 0x29, 0x00, 0x44, 0x1b, 
    0xb9, 0x00, 0x29, 0x03, 0xe8, 0x44, 0x59, 0x2d, 0xb0, 0x0c, 0x2b, 0xb0, 0x00, 0x2b, 0x00, 0xb2, 0x01, 0x10, 0x02, 0x2b, 
    0x01, 0xb2, 0x11, 0x01, 0x02, 0x2b, 0x01, 0xb7, 0x11, 0x3a, 0x30, 0x25, 0x1b, 0x10, 0x00, 0x08, 0x2b, 0x00, 0xb7, 0x01, 
    0x48, 0x3b, 0x2e, 0x21, 0x14, 0x00, 0x08, 0x2b, 0xb7, 0x02, 0x58, 0x48, 0x38, 0x28, 0x14, 0x00, 0x08, 0x2b, 0xb7, 0x03, 
    0x52, 0x43, 0x34, 0x25, 0x16, 0x00, 0x08, 0x2b, 0xb7, 0x04, 0x5e, 0x4d, 0x3c, 0x2b, 0x19, 0x00, 0x08, 0x2b, 0xb7, 0x05, 
    0x36, 0x2c, 0x22, 0x19, 0x0f, 0x00, 0x08, 0x2b, 0xb7, 0x06, 0x71, 0x5d, 0x46, 0x32, 0x1b, 0x00, 0x08, 0x2b, 0xb7, 0x07, 
    0x91, 0x77, 0x5c, 0x3a, 0x23, 0x00, 0x08, 0x2b, 0xb7, 0x08, 0x7e, 0x67, 0x50, 0x39, 0x1a, 0x00, 0x08, 0x2b, 0xb7, 0x09, 
    0x54, 0x45, 0x36, 0x26, 0x14, 0x00, 0x08, 0x2b, 0xb7, 0x0a, 0x76, 0x60, 0x4b, 0x36, 0x1d, 0x00, 0x08, 0x2b, 0xb7, 0x0b, 
    0x83, 0x64, 0x4e, 0x3a, 0x23, 0x00, 0x08, 0x2b, 0xb7, 0x0c, 0xd9, 0xb2, 0x8a, 0x63, 0x3c, 0x00, 0x08, 0x2b, 0xb7, 0x0d, 
    0x14, 0x10, 0x0c, 0x09, 0x06, 0x00, 0x08, 0x2b, 0xb7, 0x0e, 0x3c, 0x32, 0x27, 0x1c, 0x11, 0x00, 0x08, 0x2b, 0xb7, 0x0f, 
    0x40, 0x34, 0x29, 0x1d, 0x14, 0x00, 0x08, 0x2b, 0xb7, 0x10, 0x50, 0x41, 0x2e, 0x21, 0x14, 0x00, 0x08, 0x2b, 0x00, 0xb2, 
    0x12, 0x0b, 0x07, 0x2b, 0xb0, 0x00, 0x20, 0x45, 0x7d, 0x69, 0x18, 0x44, 0xb2, 0x3f, 0x1a, 0x01, 0x73, 0xb2, 0x5f, 0x1a, 
    0x01, 0x73, 0xb2, 0x7f, 0x1a, 0x01, 0x73, 0xb2, 0x2f, 0x1a, 0x01, 0x74, 0xb2, 0x4f, 0x1a, 0x01, 0x74, 0xb2, 0x6f, 0x1a, 
    0x01, 0x74, 0xb2, 0x8f, 0x1a, 0x01, 0x74, 0xb2, 0xaf, 0x1a, 0x01, 0x74, 0xb2, 0xff, 0x1a, 0x01, 0x74, 0xb2, 0x1f, 0x1a, 
    0x01, 0x75, 0xb2, 0x3f, 0x1a, 0x01, 0x75, 0xb2, 0x5f, 0x1a, 0x01, 0x75, 0xb2, 0x7f, 0x1a, 0x01, 0x75, 0xb2, 0x0f, 0x1e, 
    0x01, 0x73, 0xb2, 0x7f, 0x1e, 0x01, 0x73, 0xb2, 0xef, 0x1e, 0x01, 0x73, 0xb2, 0x1f, 0x1e, 0x01, 0x74, 0xb2, 0x5f, 0x1e, 
    0x01, 0x74, 0xb2, 0x8f, 0x1e, 0x01, 0x74, 0xb2, 0xcf, 0x1e, 0x01, 0x74, 0xb2, 0xff, 0x1e, 0x01, 0x74, 0xb2, 0x3f, 0x1e, 
    0x01, 0x75, 0xb2, 0x6f, 0x1e, 0x01, 0x75, 0xb2, 0x2f, 0x20, 0x01, 0x73, 0xb2, 0x6f, 0x20, 0x01, 0x73, 0x00, 0x00, 0x00, 
    0x00, 0x2a, 0x00, 0x9d, 0x00, 0x80, 0x00, 0x8a, 0x00, 0x78, 0x00, 0xd4, 0x00, 0x64, 0x00, 0x4e, 0x00, 0x5a, 0x00, 0x87, 
    0x00, 0x60, 0x00, 0x56, 0x00, 0x34, 0x02, 0x3c, 0x00, 0xbc, 0x00, 0xb2, 0x00, 0x8e, 0x00, 0xc4, 0x00, 0x00, 0x00, 0x14, 
    0xfe, 0x60, 0x00, 0x14, 0x02, 0x9b, 0x00, 0x20, 0x03, 0x21, 0x00, 0x0b, 0x04, 0x3a, 0x00, 0x14, 0x04, 0x8d, 0x00, 0x10, 
    0x05, 0xb0, 0x00, 0x14, 0x06, 0x18, 0x00, 0x15, 0x01, 0xa6, 0x00, 0x11, 0x06, 0xc0, 0x00, 0x0e, 0x06, 0xd9, 0x00, 0x06, 
    0x00, 0x00, 0x00, 0x00, 0x00, 0x00, 0x00, 0x00, 0x00, 0x00, 0x00, 0x33, 0x00, 0x58, 0x00, 0xd9, 0x01, 0x4d, 0x01, 0xdf, 
    0x02, 0x73, 0x02, 0x8a, 0x02, 0xb4, 0x02, 0xde, 0x03, 0x11, 0x03, 0x37, 0x03, 0x56, 0x03, 0x6d, 0x03, 0x8f, 0x03, 0xa6, 
    0x03, 0xf4, 0x04, 0x22, 0x04, 0x72, 0x04, 0xe9, 0x05, 0x2d, 0x05, 0x8f, 0x05, 0xf0, 0x06, 0x1d, 0x06, 0x92, 0x06, 0xfa, 
    0x07, 0x0f, 0x07, 0x24, 0x07, 0x43, 0x07, 0x6b, 0x07, 0x8a, 0x07, 0xe9, 0x08, 0x8e, 0x08, 0xd4, 0x09, 0x34, 0x09, 0x89, 
    0x09, 0xcf, 0x0a, 0x11, 0x0a, 0x48, 0x0a, 0xb5, 0x0b, 0x00, 0x0b, 0x1b, 0x0b, 0x4e, 0x0b, 0xa3, 0x0b, 0xc7, 0x0c, 0x15, 
    0x0c, 0x51, 0x0c, 0xa7, 0x0c, 0xf3, 0x0d, 0x59, 0x0d, 0xb6, 0x0e, 0x22, 0x0e, 0x4d, 0x0e, 0x8f, 0x0e, 0xbf, 0x0f, 0x14, 
    0x0f, 0x69, 0x0f, 0x99, 0x0f, 0xd2, 0x0f, 0xf7, 0x10, 0x0e, 0x10, 0x34, 0x10, 0x5b, 0x10, 0x76, 0x10, 0x96, 0x11, 0x10, 
    0x11, 0x6f, 0x11, 0xc3, 0x12, 0x22, 0x12, 0x8b, 0x12, 0xde, 0x13, 0x59, 0x13, 0x9f, 0x13, 0xd8, 0x14, 0x25, 0x14, 0x7c, 
    0x14, 0x97, 0x15, 0x03, 0x15, 0x4e, 0x15, 0x9d, 0x16, 0x02, 0x16, 0x64, 0x16, 0xa2, 0x17, 0x0e, 0x17, 0x61, 0x17, 0xa8, 
    0x17, 0xd8, 0x18, 0x26, 0x18, 0x6d, 0x18, 0xb3, 0x18, 0xec, 0x19, 0x2d, 0x19, 0x44, 0x19, 0x84, 0x19, 0xcc, 0x1a, 0x09, 
    0x1a, 0x5a, 0x1a, 0xd6, 0x1b, 0x08, 0x1b, 0x2c, 0x1b, 0x3f, 0x1b, 0xa8, 0x1b, 0xfb, 0x1c, 0x88, 0x1c, 0xf7, 0x1d, 0x47, 
    0x1d, 0x73, 0x1d, 0xbd, 0x1e, 0x2d, 0x1e, 0x70, 0x1e, 0xcd, 0x1f, 0x27, 0x1f, 0x54, 0x1f, 0xd1, 0x20, 0x30, 0x20, 0x44, 
    0x20, 0x58, 0x20, 0x6a, 0x20, 0x7e, 0x20, 0x90, 0x20, 0xa7, 0x20, 0xbb, 0x00, 0x02, 0x00, 0xa0, 0xff, 0xf5, 0x01, 0x7b, 
    0x05, 0xb0, 0x00, 0x03, 0x00, 0x0c, 0x00, 0x30, 0x00, 0xb0, 0x00, 0x45, 0x58, 0xb0, 0x02, 0x2f, 0x1b, 0xb1, 0x02, 0x1e, 
    0x3e, 0x59, 0xb0, 0x00, 0x45, 0x58, 0xb0, 0x0b, 0x2f, 0x1b, 0xb1, 0x0b, 0x12, 0x3e, 0x59, 0xb1, 0x06, 0x05, 0xb0, 0x0a, 
    0x2b, 0x58, 0x21, 0xd8, 0x1b, 0xf4, 0x59, 0xb2, 0x01, 0x06, 0x02, 0x11, 0x12, 0x39, 0x30, 0x31, 0x01, 0x23, 0x03, 0x33, 
    0x03, 0x34, 0x36, 0x32, 0x16, 0x14, 0x06, 0x22, 0x26, 0x01, 0x5b, 0xa7, 0x0d, 0xc2, 0xc9, 0x37, 0x6c, 0x38, 0x38, 0x6c, 
    0x37, 0x01, 0x9b, 0x04, 0x15, 0xfa, 0xad, 0x2d, 0x3d, 0x3d, 0x5a, 0x3b, 0x3b, 0x00, 0x00, 0x02, 0x00, 0x88, 0x04, 0x12, 
    0x02, 0x23, 0x06, 0x00, 0x00, 0x04, 0x00, 0x09, 0x00, 0x19, 0x00, 0xb0, 0x03, 0x2f, 0xb2, 0x02, 0x0a, 0x03, 0x11, 0x12, 
    0x39, 0xb0, 0x02, 0x2f, 0xb0, 0x07, 0xd0, 0xb0, 0x03, 0x10, 0xb0, 0x08, 0xd0, 0x30, 0x31, 0x01, 0x03, 0x23, 0x13, 0x33, 
    0x05, 0x03, 0x23, 0x13, 0x33, 0x01, 0x15, 0x1e, 0x6f, 0x01, 0x8c, 0x01, 0x0e, 0x1e, 0x6f, 0x01, 0x8c, 0x05, 0x78, 0xfe, 
    0x9a, 0x01, 0xee, 0x88, 0xfe, 0x9a, 0x01, 0xee, 0x00, 0x02, 0x00, 0x77, 0x00, 0x00, 0x04, 0xd3, 0x05, 0xb0, 0x00, 0x1b, 
    0x00, 0x1f, 0x00, 0x91, 0x00, 0xb0, 0x00, 0x45, 0x58, 0xb0, 0x0c, 0x2f, 0x1b, 0xb1, 0x0c, 0x1e, 0x3e, 0x59, 0xb0, 0x00, 
    0x45, 0x58, 0xb0, 0x10, 0x2f, 0x1b, 0xb1, 0x10, 0x1e, 0x3e, 0x59, 0xb0, 0x00, 0x45, 0x58, 0xb0, 0x02, 0x2f, 0x1b, 0xb1, 
    0x02, 0x12, 0x3e, 0x59, 0xb0, 0x00, 0x45, 0x58, 0xb0, 0x1a, 0x2f, 0x1b, 0xb1, 0x1a, 0x12, 0x3e, 0x59, 0xb2, 0x1d, 0x0c, 
    0x02, 0x11, 0x12, 0x39, 0x7c, 0xb0, 0x1d, 0x2f, 0x18, 0xb1, 0x00, 0x03, 0xb0, 0x0a, 0x2b, 0x58, 0x21, 0xd8, 0x1b, 0xf4, 
    0x59, 0xb0, 0x04, 0xd0, 0xb0, 0x1d, 0x10, 0xb0, 0x06, 0xd0, 0xb0, 0x1d, 0x10, 0xb0, 0x0b, 0xd0, 0xb0, 0x0b, 0x2f, 0xb1, 
    0x08, 0x03, 0xb0, 0x0a, 0x2b, 0x58, 0x21, 0xd8, 0x1b, 0xf4, 0x59, 0xb0, 0x0b, 0x10, 0xb0, 0x0e, 0xd0, 0xb0, 0x0b, 0x10, 
    0xb0, 0x12, 0xd0, 0xb0, 0x08, 0x10, 0xb0, 0x14, 0xd0, 0xb0, 0x1d, 0x10, 0xb0, 0x16, 0xd0, 0xb0, 0x00, 0x10, 0xb0, 0x18, 
    0xd0, 0xb0, 0x08, 0x10, 0xb0, 0x1e, 0xd0, 0x30, 0x31, 0x01, 0x21, 0x03, 0x23, 0x13, 0x23, 0x35, 0x21, 0x13, 0x21, 0x35, 
    0x21, 0x13, 0x33, 0x03, 0x21, 0x13, 0x33, 0x03, 0x33, 0x15, 0x23, 0x03, 0x33, 0x15, 0x23, 0x03, 0x23, 0x03, 0x21, 0x13, 
    0x21, 0x02, 0xfd, 0xfe, 0xf8, 0x50, 0x8f, 0x50, 0xef, 0x01, 0x09, 0x45, 0xfe, 0xfe, 0x01, 0x1d, 0x52, 0x8f, 0x52, 0x01, 
    0x08, 0x52, 0x90, 0x52, 0xcc, 0xe7, 0x45, 0xe1, 0xfb, 0x50, 0x90, 0x9e, 0x01, 0x08, 0x45, 0xfe, 0xf8, 0x01, 0x9a, 0xfe, 
    0x66, 0x01, 0x9a, 0x89, 0x01, 0x62, 0x8b, 0x01, 0xa0, 0xfe, 0x60, 0x01, 0xa0, 0xfe, 0x60, 0x8b, 0xfe, 0x9e, 0x89, 0xfe, 
    0x66, 0x02, 0x23, 0x01, 0x62, 0x00, 0x00, 0x01, 0x00, 0x6e, 0xff, 0x30, 0x04, 0x11, 0x06, 0x9c, 0x00, 0x2b, 0x00, 0x69, 
    0x00, 0xb0, 0x00, 0x45, 0x58, 0xb0, 0x09, 0x2f, 0x1b, 0xb1, 0x09, 0x1e, 0x3e, 0x59, 0xb0, 0x00, 0x45, 0x58, 0xb0, 0x22, 
    0x2f, 0x1b, 0xb1, 0x22, 0x12, 0x3e, 0x59, 0xb2, 0x02, 0x22, 0x09, 0x11, 0x12, 0x39, 0xb0, 0x09, 0x10, 0xb0, 0x0c, 0xd0, 
    0xb0, 0x09, 0x10, 0xb0, 0x10, 0xd0, 0xb0, 0x09, 0x10, 0xb1, 0x13, 0x01, 0xb0, 0x0a, 0x2b, 0x58, 0x21, 0xd8, 0x1b, 0xf4, 
    0x59, 0xb0, 0x02, 0x10, 0xb1, 0x19, 0x01, 0xb0, 0x0a, 0x2b, 0x58, 0x21, 0xd8, 0x1b, 0xf4, 0x59, 0xb0, 0x22, 0x10, 0xb0, 
    0x1f, 0xd0, 0xb0, 0x22, 0x10, 0xb0, 0x26, 0xd0, 0xb0, 0x22, 0x10, 0xb1, 0x29, 0x01, 0xb0, 0x0a, 0x2b, 0x58, 0x21, 0xd8, 
    0x1b, 0xf4, 0x59, 0x30, 0x31, 0x01, 0x34, 0x26, 0x27, 0x26, 0x26, 0x35, 0x34, 0x36, 0x37, 0x35, 0x33, 0x15, 0x16, 0x16, 
    0x15, 0x23, 0x34, 0x26, 0x23, 0x22, 0x06, 0x15, 0x14, 0x16, 0x04, 0x16, 0x16, 0x15, 0x14, 0x06, 0x07, 0x15, 0x23, 0x35, 
    0x26, 0x26, 0x35, 0x33, 0x14, 0x16, 0x33, 0x32, 0x36, 0x03, 0x58, 0x81, 0x99, 0xd5, 0xc3, 0xbf, 0xa7, 0x95, 0xa8, 0xbb, 
    0xb8, 0x86, 0x72, 0x77, 0x7e, 0x85, 0x01, 0x31, 0xab, 0x51, 0xcb, 0xb7, 0x94, 0xba, 0xd3, 0xb9, 0x92, 0x86, 0x83, 0x96, 
    0x01, 0x77, 0x5c, 0x7e, 0x33, 0x41, 0xd1, 0xa1, 0xa4, 0xd2, 0x14, 0xdb, 0xdc, 0x17, 0xec, 0xcd, 0x8d, 0xa6, 0x7b, 0x6e, 
    0x66, 0x79, 0x63, 0x77, 0x9e, 0x6a, 0xa9, 0xce, 0x13, 0xbf, 0xbf, 0x11, 0xe7, 0xc6, 0x8b, 0x96, 0x7e, 0x00, 0x00, 0x05, 
    0x00, 0x69, 0xff, 0xeb, 0x05, 0x83, 0x05, 0xc5, 0x00, 0x0d, 0x00, 0x1a, 0x00, 0x26, 0x00, 0x34, 0x00, 0x38, 0x00, 0x7c, 
    0x00, 0xb0, 0x00, 0x45, 0x58, 0xb0, 0x03, 0x2f, 0x1b, 0xb1, 0x03, 0x1e, 0x3e, 0x59, 0xb0, 0x00, 0x45, 0x58, 0xb0, 0x23, 
    0x2f, 0x1b, 0xb1, 0x23, 0x12, 0x3e, 0x59, 0xb0, 0x03, 0x10, 0xb0, 0x0a, 0xd0, 0xb0, 0x0a, 0x2f, 0xb1, 0x11, 0x04, 0xb0, 
    0x0a, 0x2b, 0x58, 0x21, 0xd8, 0x1b, 0xf4, 0x59, 0xb0, 0x03, 0x10, 0xb1, 0x18, 0x04, 0xb0, 0x0a, 0x2b, 0x58, 0x21, 0xd8, 
    0x1b, 0xf4, 0x59, 0xb0, 0x23, 0x10, 0xb0, 0x1d, 0xd0, 0xb0, 0x1d, 0x2f, 0xb0, 0x23, 0x10, 0xb1, 0x2a, 0x04, 0xb0, 0x0a, 
    0x2b, 0x58, 0x21, 0xd8, 0x1b, 0xf4, 0x59, 0xb0, 0x1d, 0x10, 0xb1, 0x31, 0x04, 0xb0, 0x0a, 0x2b, 0x58, 0x21, 0xd8, 0x1b, 
    0xf4, 0x59, 0xb2, 0x35, 0x23, 0x03, 0x11, 0x12, 0x39, 0xb0, 0x35, 0x2f, 0xb2, 0x37, 0x03, 0x23, 0x11, 0x12, 0x39, 0xb0, 
    0x37, 0x2f, 0x30, 0x31, 0x13, 0x34, 0x36, 0x33, 0x32, 0x16, 0x15, 0x15, 0x14, 0x06, 0x23, 0x22, 0x26, 0x35, 0x17, 0x14, 
    0x16, 0x33, 0x32, 0x36, 0x35, 0x35, 0x34, 0x26, 0x22, 0x06, 0x15, 0x01, 0x34, 0x36, 0x20, 0x16, 0x15, 0x15, 0x14, 0x06, 
    0x20, 0x26, 0x35, 0x17, 0x14, 0x16, 0x33, 0x32, 0x36, 0x35, 0x35, 0x34, 0x26, 0x23, 0x22, 0x06, 0x15, 0x05, 0x27, 0x01, 
    0x17, 0x69, 0xa7, 0x83, 0x85, 0xa5, 0xa7, 0x81, 0x82, 0xaa, 0x8a, 0x58, 0x4a, 0x47, 0x57, 0x56, 0x94, 0x56, 0x02, 0x3b, 
    0xa7, 0x01, 0x06, 0xa8, 0xa7, 0xfe, 0xfc, 0xaa, 0x8a, 0x58, 0x4a, 0x48, 0x56, 0x57, 0x49, 0x47, 0x59, 0xfe, 0x07, 0x69, 
    0x02, 0xc7, 0x69, 0x04, 0x98, 0x83, 0xaa, 0xab, 0x88, 0x47, 0x84, 0xa7, 0xa7, 0x8b, 0x07, 0x4e, 0x65, 0x62, 0x55, 0x49, 
    0x4e, 0x66, 0x66, 0x52, 0xfc, 0xd1, 0x83, 0xa9, 0xa8, 0x8b, 0x47, 0x83, 0xa9, 0xa7, 0x8b, 0x06, 0x4f, 0x65, 0x63, 0x55, 
    0x4a, 0x4f, 0x64, 0x63, 0x54, 0xf3, 0x42, 0x04, 0x72, 0x42, 0x00, 0x03, 0x00, 0x65, 0xff, 0xec, 0x04, 0xf3, 0x05, 0xc4, 
    0x00, 0x1e, 0x00, 0x27, 0x00, 0x33, 0x00, 0x87, 0x00, 0xb0, 0x00, 0x45, 0x58, 0xb0, 0x09, 0x2f, 0x1b, 0xb1, 0x09, 0x1e, 
    0x3e, 0x59, 0xb0, 0x00, 0x45, 0x58, 0xb0, 0x1c, 0x2f, 0x1b, 0xb1, 0x1c, 0x12, 0x3e, 0x59, 0xb0, 0x00, 0x45, 0x58, 0xb0, 
    0x18, 0x2f, 0x1b, 0xb1, 0x18, 0x12, 0x3e, 0x59, 0xb2, 0x22, 0x1c, 0x09, 0x11, 0x12, 0x39, 0xb2, 0x2a, 0x09, 0x1c, 0x11, 
    0x12, 0x39, 0xb2, 0x03, 0x22, 0x2a, 0x11, 0x12, 0x39, 0xb2, 0x10, 0x2a, 0x22, 0x11, 0x12, 0x39, 0xb2, 0x11, 0x09, 0x1c, 
    0x11, 0x12, 0x39, 0xb2, 0x13, 0x1c, 0x09, 0x11, 0x12, 0x39, 0xb2, 0x19, 0x1c, 0x09, 0x11, 0x12, 0x39, 0xb2, 0x16, 0x11, 
    0x19, 0x11, 0x12, 0x39, 0xb0, 0x1c, 0x10, 0xb1, 0x1f, 0x01, 0xb0, 0x0a, 0x2b, 0x58, 0x21, 0xd8, 0x1b, 0xf4, 0x59, 0xb2, 
    0x21, 0x1f, 0x11, 0x11, 0x12, 0x39, 0xb0, 0x09, 0x10, 0xb1, 0x31, 0x01, 0xb0, 0x0a, 0x2b, 0x58, 0x21, 0xd8, 0x1b, 0xf4, 
    0x59, 0x30, 0x31, 0x13, 0x34, 0x36, 0x37, 0x26, 0x26, 0x35, 0x34, 0x36, 0x33, 0x32, 0x16, 0x15, 0x14, 0x06, 0x07, 0x07, 
    0x01, 0x36, 0x35, 0x33, 0x14, 0x07, 0x17, 0x23, 0x27, 0x06, 0x06, 0x23, 0x22, 0x24, 0x05, 0x32, 0x37, 0x01, 0x07, 0x06, 
    0x15, 0x14, 0x16, 0x03, 0x14, 0x17, 0x37, 0x36, 0x36, 0x35, 0x34, 0x26, 0x23, 0x22, 0x06, 0x65, 0x75, 0xa5, 0x61, 0x42, 
    0xc4, 0xa8, 0x96, 0xc4, 0x59, 0x6f, 0x6b, 0x01, 0x44, 0x44, 0xa7, 0x7b, 0xd0, 0xde, 0x61, 0x4a, 0xc7, 0x67, 0xd5, 0xfe, 
    0xfe, 0x01, 0xd7, 0x93, 0x7a, 0xfe, 0x9d, 0x21, 0xa7, 0x99, 0x22, 0x76, 0x76, 0x44, 0x32, 0x64, 0x4c, 0x52, 0x60, 0x01, 
    0x87, 0x69, 0xb0, 0x75, 0x76, 0x90, 0x47, 0xa6, 0xbc, 0xaf, 0x85, 0x58, 0x95, 0x52, 0x4f, 0xfe, 0x7d, 0x82, 0x9f, 0xff, 
    0xa8, 0xf9, 0x73, 0x42, 0x45, 0xe2, 0x4b, 0x70, 0x01, 0xa9, 0x18, 0x7b, 0x82, 0x76, 0x8e, 0x03, 0xe5, 0x60, 0x90, 0x53, 
    0x30, 0x57, 0x3e, 0x43, 0x59, 0x6f, 0x00, 0x01, 0x00, 0x67, 0x04, 0x21, 0x00, 0xfd, 0x06, 0x00, 0x00, 0x04, 0x00, 0x10, 
    0x00, 0xb0, 0x03, 0x2f, 0xb2, 0x02, 0x05, 0x03, 0x11, 0x12, 0x39, 0xb0, 0x02, 0x2f, 0x30, 0x31, 0x13, 0x03, 0x23, 0x13, 
    0x33, 0xfd, 0x15, 0x81, 0x01, 0x95, 0x05, 0x91, 0xfe, 0x90, 0x01, 0xdf, 0x00, 0x01, 0x00, 0x85, 0xfe, 0x2a, 0x02, 0x95, 
    0x06, 0x6b, 0x00, 0x11, 0x00, 0x09, 0x00, 0xb0, 0x0e, 0x2f, 0xb0, 0x04, 0x2f, 0x30, 0x31, 0x13, 0x34, 0x12, 0x12, 0x37, 
    0x17, 0x06, 0x02, 0x03, 0x07, 0x10, 0x13, 0x16, 0x17, 0x07, 0x26, 0x27, 0x02, 0x85, 0x79, 0xf0, 0x81, 0x26, 0x92, 0xbb, 
    0x09, 0x01, 0x8d, 0x55, 0x75, 0x26, 0x85, 0x79, 0xec, 0x02, 0x4f, 0xe2, 0x01, 0xa0, 0x01, 0x54, 0x46, 0x7a, 0x70, 0xfe, 
    0x34, 0xfe, 0xe3, 0x55, 0xfe, 0x7e, 0xfe, 0xe4, 0xaa, 0x60, 0x71, 0x4a, 0xae, 0x01, 0x54, 0x00, 0x00, 0x01, 0x00, 0x26, 
    0xfe, 0x2a, 0x02, 0x37, 0x06, 0x6b, 0x00, 0x11, 0x00, 0x09, 0x00, 0xb0, 0x0e, 0x2f, 0xb0, 0x04, 0x2f, 0x30, 0x31, 0x01, 
    0x14, 0x02, 0x02, 0x07, 0x27, 0x36, 0x12, 0x13, 0x35, 0x34, 0x02, 0x02, 0x27, 0x37, 0x16, 0x12, 0x12, 0x02, 0x37, 0x75, 
    0xf1, 0x84, 0x27, 0x9a, 0xbb, 0x02, 0x58, 0x9d, 0x62, 0x27, 0x84, 0xef, 0x77, 0x02, 0x45, 0xdf, 0xfe, 0x67, 0xfe, 0xa6, 
    0x49, 0x71, 0x76, 0x01, 0xf1, 0x01, 0x2f, 0x20, 0xd2, 0x01, 0x69, 0x01, 0x1e, 0x50, 0x71, 0x49, 0xfe, 0xaa, 0xfe, 0x64, 
    0x00, 0x01, 0x00, 0x1c, 0x02, 0x61, 0x03, 0x55, 0x05, 0xb0, 0x00, 0x0e, 0x00, 0x20, 0x00, 0xb0, 0x00, 0x45, 0x58, 0xb0, 
    0x04, 0x2f, 0x1b, 0xb1, 0x04, 0x1e, 0x3e, 0x59, 0xb0, 0x00, 0xd0, 0x19, 0xb0, 0x00, 0x2f, 0x18, 0xb0, 0x09, 0xd0, 0x19, 
    0xb0, 0x09, 0x2f, 0x18, 0x30, 0x31, 0x01, 0x25, 0x37, 0x05, 0x03, 0x33, 0x03, 0x25, 0x17, 0x05, 0x13, 0x07, 0x03, 0x03, 
    0x27, 0x01, 0x4a, 0xfe, 0xd2, 0x2e, 0x01, 0x2e, 0x09, 0x99, 0x0a, 0x01, 0x29, 0x2e, 0xfe, 0xcd, 0xc6, 0x7c, 0xba, 0xb4, 
    0x7d, 0x03, 0xd7, 0x5a, 0x97, 0x70, 0x01, 0x58, 0xfe, 0xa3, 0x6e, 0x98, 0x5b, 0xfe, 0xf1, 0x5e, 0x01, 0x20, 0xfe, 0xe7, 
    0x5b, 0x00, 0x00, 0x01, 0x00, 0x4e, 0x00, 0x92, 0x04, 0x34, 0x04, 0xb6, 0x00, 0x0b, 0x00, 0x1b, 0x00, 0xb0, 0x09, 0x2f, 
    0xb0, 0x00, 0xd0, 0xb0, 0x09, 0x10, 0xb1, 0x06, 0x01, 0xb0, 0x0a, 0x2b, 0x58, 0x21, 0xd8, 0x1b, 0xf4, 0x59, 0xb0, 0x03, 
    0xd0, 0x30, 0x31, 0x01, 0x21, 0x15, 0x21, 0x11, 0x23, 0x11, 0x21, 0x35, 0x21, 0x11, 0x33, 0x02, 0x9e, 0x01, 0x96, 0xfe, 
    0x6a, 0xba, 0xfe, 0x6a, 0x01, 0x96, 0xba, 0x03, 0x0d, 0xaf, 0xfe, 0x34, 0x01, 0xcc, 0xaf, 0x01, 0xa9, 0x00, 0x00, 0x01, 
    0x00, 0x1d, 0xfe, 0xde, 0x01, 0x34, 0x00, 0xdb, 0x00, 0x08, 0x00, 0x18, 0x00, 0xb0, 0x09, 0x2f, 0xb1, 0x04, 0x05, 0xb0, 
    0x0a, 0x2b, 0x58, 0x21, 0xd8, 0x1b, 0xf4, 0x59, 0xb0, 0x00, 0xd0, 0xb0, 0x00, 0x2f, 0x30, 0x31, 0x13, 0x27, 0x36, 0x37, 
    0x35, 0x33, 0x15, 0x14, 0x06, 0x86, 0x69, 0x5e, 0x04, 0xb5, 0x63, 0xfe, 0xde, 0x48, 0x83, 0x8b, 0xa7, 0x91, 0x65, 0xca, 
    0x00, 0x01, 0x00, 0x25, 0x02, 0x1f, 0x02, 0x0d, 0x02, 0xb6, 0x00, 0x03, 0x00, 0x12, 0x00, 0xb0, 0x02, 0x2f, 0xb1, 0x01, 
    0x01, 0xb0, 0x0a, 0x2b, 0x58, 0x21, 0xd8, 0x1b, 0xf4, 0x59, 0x30, 0x31, 0x01, 0x21, 0x35, 0x21, 0x02, 0x0d, 0xfe, 0x18, 
    0x01, 0xe8, 0x02, 0x1f, 0x97, 0x00, 0x00, 0x01, 0x00, 0x90, 0xff, 0xf5, 0x01, 0x76, 0x00, 0xd1, 0x00, 0x09, 0x00, 0x1c, 
    0x00, 0xb0, 0x00, 0x45, 0x58, 0xb0, 0x07, 0x2f, 0x1b, 0xb1, 0x07, 0x12, 0x3e, 0x59, 0xb1, 0x02, 0x05, 0xb0, 0x0a, 0x2b, 
    0x58, 0x21, 0xd8, 0x1b, 0xf4, 0x59, 0x30, 0x31, 0x37, 0x34, 0x36, 0x32, 0x16, 0x15, 0x14, 0x06, 0x22, 0x26, 0x90, 0x39, 
    0x72, 0x3b, 0x3b, 0x72, 0x39, 0x61, 0x30, 0x40, 0x40, 0x30, 0x2e, 0x3e, 0x3e, 0x00, 0x00, 0x01, 0x00, 0x12, 0xff, 0x83, 
    0x03, 0x10, 0x05, 0xb0, 0x00, 0x03, 0x00, 0x13, 0x00, 0xb0, 0x00, 0x2f, 0xb0, 0x00, 0x45, 0x58, 0xb0, 0x02, 0x2f, 0x1b, 
    0xb1, 0x02, 0x1e, 0x3e, 0x59, 0x30, 0x31, 0x17, 0x23, 0x01, 0x33, 0xb1, 0x9f, 0x02, 0x60, 0x9e, 0x7d, 0x06, 0x2d, 0x00, 
    0x00, 0x02, 0x00, 0x73, 0xff, 0xec, 0x04, 0x0a, 0x05, 0xc4, 0x00, 0x0d, 0x00, 0x1b, 0x00, 0x3b, 0x00, 0xb0, 0x00, 0x45, 
    0x58, 0xb0, 0x0a, 0x2f, 0x1b, 0xb1, 0x0a, 0x1e, 0x3e, 0x59, 0xb0, 0x00, 0x45, 0x58, 0xb0, 0x03, 0x2f, 0x1b, 0xb1, 0x03, 
    0x12, 0x3e, 0x59, 0xb0, 0x0a, 0x10, 0xb1, 0x11, 0x01, 0xb0, 0x0a, 0x2b, 0x58, 0x21, 0xd8, 0x1b, 0xf4, 0x59, 0xb0, 0x03, 
    0x10, 0xb1, 0x18, 0x01, 0xb0, 0x0a, 0x2b, 0x58, 0x21, 0xd8, 0x1b, 0xf4, 0x59, 0x30, 0x31, 0x01, 0x10, 0x02, 0x23, 0x22, 
    0x02, 0x03, 0x35, 0x10, 0x12, 0x33, 0x32, 0x12, 0x13, 0x27, 0x34, 0x26, 0x23, 0x22, 0x06, 0x07, 0x11, 0x14, 0x16, 0x33, 
    0x32, 0x36, 0x37, 0x04, 0x0a, 0xde, 0xec, 0xe9, 0xe0, 0x04, 0xde, 0xed, 0xeb, 0xde, 0x03, 0xb9, 0x84, 0x8f, 0x8e, 0x82, 
    0x02, 0x89, 0x8b, 0x89, 0x85, 0x03, 0x02, 0x6d, 0xfe, 0xbb, 0xfe, 0xc4, 0x01, 0x35, 0x01, 0x33, 0xf7, 0x01, 0x41, 0x01, 
    0x38, 0xfe, 0xd3, 0xfe, 0xc6, 0x0d, 0xeb, 0xd7, 0xd6, 0xde, 0xfe, 0xd8, 0xec, 0xe1, 0xd4, 0xe4, 0x00, 0x01, 0x00, 0xaa, 
    0x00, 0x00, 0x02, 0xd9, 0x05, 0xb7, 0x00, 0x06, 0x00, 0x3a, 0x00, 0xb0, 0x00, 0x45, 0x58, 0xb0, 0x05, 0x2f, 0x1b, 0xb1, 
    0x05, 0x1e, 0x3e, 0x59, 0xb0, 0x00, 0x45, 0x58, 0xb0, 0x00, 0x2f, 0x1b, 0xb1, 0x00, 0x12, 0x3e, 0x59, 0xb2, 0x04, 0x00, 
    0x05, 0x11, 0x12, 0x39, 0xb0, 0x04, 0x2f, 0xb1, 0x03, 0x01, 0xb0, 0x0a, 0x2b, 0x58, 0x21, 0xd8, 0x1b, 0xf4, 0x59, 0xb2, 
    0x02, 0x03, 0x05, 0x11, 0x12, 0x39, 0x30, 0x31, 0x21, 0x23, 0x11, 0x05, 0x35, 0x25, 0x33, 0x02, 0xd9, 0xba, 0xfe, 0x8b, 
    0x02, 0x12, 0x1d, 0x04, 0xd1, 0x89, 0xa8, 0xc7, 0x00, 0x01, 0x00, 0x5d, 0x00, 0x00, 0x04, 0x33, 0x05, 0xc4, 0x00, 0x17, 
    0x00, 0x4f, 0x00, 0xb0, 0x00, 0x45, 0x58, 0xb0, 0x10, 0x2f, 0x1b, 0xb1, 0x10, 0x1e, 0x3e, 0x59, 0xb0, 0x00, 0x45, 0x58, 
    0xb0, 0x00, 0x2f, 0x1b, 0xb1, 0x00, 0x12, 0x3e, 0x59, 0xb1, 0x17, 0x01, 0xb0, 0x0a, 0x2b, 0x58, 0x21, 0xd8, 0x1b, 0xf4, 
    0x59, 0xb0, 0x02, 0xd0, 0xb2, 0x03, 0x10, 0x17, 0x11, 0x12, 0x39, 0xb0, 0x10, 0x10, 0xb1, 0x09, 0x01, 0xb0, 0x0a, 0x2b, 
    0x58, 0x21, 0xd8, 0x1b, 0xf4, 0x59, 0xb0, 0x10, 0x10, 0xb0, 0x0c, 0xd0, 0xb2, 0x15, 0x17, 0x10, 0x11, 0x12, 0x39, 0x30, 
    0x31, 0x21, 0x21, 0x35, 0x01, 0x36, 0x36, 0x35, 0x34, 0x26, 0x23, 0x22, 0x06, 0x15, 0x23, 0x34, 0x24, 0x33, 0x32, 0x16, 
    0x15, 0x14, 0x01, 0x01, 0x21, 0x04, 0x33, 0xfc, 0x46, 0x01, 0xf8, 0x70, 0x55, 0x8a, 0x73, 0x8a, 0x99, 0xb9, 0x01, 0x03, 
    0xd9, 0xcb, 0xec, 0xfe, 0xee, 0xfe, 0x7a, 0x02, 0xdb, 0x85, 0x02, 0x30, 0x7f, 0x9f, 0x55, 0x72, 0x92, 0x9d, 0x8c, 0xc9, 
    0xf8, 0xd5, 0xb1, 0xd7, 0xfe, 0xd7, 0xfe, 0x59, 0x00, 0x01, 0x00, 0x5e, 0xff, 0xec, 0x03, 0xf9, 0x05, 0xc4, 0x00, 0x26, 
    0x00, 0x7b, 0x00, 0xb0, 0x00, 0x45, 0x58, 0xb0, 0x0d, 0x2f, 0x1b, 0xb1, 0x0d, 0x1e, 0x3e, 0x59, 0xb0, 0x00, 0x45, 0x58, 
    0xb0, 0x19, 0x2f, 0x1b, 0xb1, 0x19, 0x12, 0x3e, 0x59, 0xb2, 0x00, 0x0d, 0x19, 0x11, 0x12, 0x39, 0xb0, 0x00, 0x2f, 0xb2, 
    0xcf, 0x00, 0x01, 0x5d, 0xb2, 0x9f, 0x00, 0x01, 0x71, 0xb2, 0x2f, 0x00, 0x01, 0x5d, 0xb2, 0x5f, 0x00, 0x01, 0x72, 0xb0, 
    0x0d, 0x10, 0xb1, 0x06, 0x01, 0xb0, 0x0a, 0x2b, 0x58, 0x21, 0xd8, 0x1b, 0xf4, 0x59, 0xb0, 0x0d, 0x10, 0xb0, 0x09, 0xd0, 
    0xb0, 0x00, 0x10, 0xb1, 0x26, 0x01, 0xb0, 0x0a, 0x2b, 0x58, 0x21, 0xd8, 0x1b, 0xf4, 0x59, 0xb2, 0x13, 0x26, 0x00, 0x11, 
    0x12, 0x39, 0xb0, 0x19, 0x10, 0xb0, 0x1c, 0xd0, 0xb0, 0x19, 0x10, 0xb1, 0x1f, 0x01, 0xb0, 0x0a, 0x2b, 0x58, 0x21, 0xd8, 
    0x1b, 0xf4, 0x59, 0x30, 0x31, 0x01, 0x33, 0x36, 0x36, 0x35, 0x10, 0x23, 0x22, 0x06, 0x15, 0x23, 0x34, 0x36, 0x33, 0x32, 
    0x16, 0x15, 0x14, 0x06, 0x07, 0x16, 0x16, 0x15, 0x14, 0x04, 0x20, 0x24, 0x35, 0x33, 0x14, 0x16, 0x33, 0x32, 0x36, 0x35, 
    0x34, 0x26, 0x27, 0x23, 0x01, 0x86, 0x8b, 0x83, 0x96, 0xff, 0x78, 0x8f, 0xb9, 0xfd, 0xc3, 0xce, 0xea, 0x7b, 0x6a, 0x78, 
    0x83, 0xff, 0x00, 0xfe, 0x66, 0xfe, 0xff, 0xba, 0x96, 0x7e, 0x86, 0x8e, 0x9c, 0x93, 0x8b, 0x03, 0x32, 0x02, 0x86, 0x72, 
    0x01, 0x00, 0x89, 0x71, 0xad, 0xe5, 0xda, 0xc2, 0x5f, 0xb2, 0x2c, 0x26, 0xb0, 0x7f, 0xc4, 0xe6, 0xde, 0xb6, 0x73, 0x8a, 
    0x8c, 0x83, 0x7f, 0x88, 0x02, 0x00, 0x00, 0x02, 0x00, 0x35, 0x00, 0x00, 0x04, 0x50, 0x05, 0xb0, 0x00, 0x0a, 0x00, 0x0e, 
    0x00, 0x4a, 0x00, 0xb0, 0x00, 0x45, 0x58, 0xb0, 0x09, 0x2f, 0x1b, 0xb1, 0x09, 0x1e, 0x3e, 0x59, 0xb0, 0x00, 0x45, 0x58, 
    0xb0, 0x04, 0x2f, 0x1b, 0xb1, 0x04, 0x12, 0x3e, 0x59, 0xb2, 0x01, 0x09, 0x04, 0x11, 0x12, 0x39, 0xb0, 0x01, 0x2f, 0xb1, 
    0x02, 0x01, 0xb0, 0x0a, 0x2b, 0x58, 0x21, 0xd8, 0x1b, 0xf4, 0x59, 0xb0, 0x06, 0xd0, 0xb0, 0x01, 0x10, 0xb0, 0x0b, 0xd0, 
    0xb2, 0x08, 0x06, 0x0b, 0x11, 0x12, 0x39, 0xb2, 0x0d, 0x09, 0x04, 0x11, 0x12, 0x39, 0x30, 0x31, 0x01, 0x33, 0x15, 0x23, 
    0x11, 0x23, 0x11, 0x21, 0x35, 0x01, 0x33, 0x01, 0x21, 0x11, 0x07, 0x03, 0x86, 0xca, 0xca, 0xba, 0xfd, 0x69, 0x02, 0x8c, 
    0xc5, 0xfd, 0x81, 0x01, 0xc5, 0x16, 0x01, 0xe9, 0x97, 0xfe, 0xae, 0x01, 0x52, 0x6d, 0x03, 0xf1, 0xfc, 0x39, 0x02, 0xca, 
    0x28, 0x00, 0x00, 0x01, 0x00, 0x9a, 0xff, 0xec, 0x04, 0x2d, 0x05, 0xb0, 0x00, 0x1d, 0x00, 0x64, 0x00, 0xb0, 0x00, 0x45, 
    0x58, 0xb0, 0x01, 0x2f, 0x1b, 0xb1, 0x01, 0x1e, 0x3e, 0x59, 0xb0, 0x00, 0x45, 0x58, 0xb0, 0x0d, 0x2f, 0x1b, 0xb1, 0x0d, 
    0x12, 0x3e, 0x59, 0xb0, 0x01, 0x10, 0xb1, 0x04, 0x01, 0xb0, 0x0a, 0x2b, 0x58, 0x21, 0xd8, 0x1b, 0xf4, 0x59, 0xb2, 0x07, 
    0x0d, 0x01, 0x11, 0x12, 0x39, 0xb0, 0x07, 0x2f, 0xb1, 0x1a, 0x01, 0xb0, 0x0a, 0x2b, 0x58, 0x21, 0xd8, 0x1b, 0xf4, 0x59, 
    0xb2, 0x05, 0x07, 0x1a, 0x11, 0x12, 0x39, 0xb0, 0x0d, 0x10, 0xb0, 0x11, 0xd0, 0xb0, 0x0d, 0x10, 0xb1, 0x14, 0x01, 0xb0, 
    0x0a, 0x2b, 0x58, 0x21, 0xd8, 0x1b, 0xf4, 0x59, 0xb0, 0x07, 0x10, 0xb0, 0x1d, 0xd0, 0x30, 0x31, 0x13, 0x13, 0x21, 0x15, 
    0x21, 0x03, 0x36, 0x33, 0x32, 0x12, 0x15, 0x14, 0x02, 0x23, 0x22, 0x26, 0x27, 0x33, 0x16, 0x16, 0x33, 0x32, 0x36, 0x35, 
    0x34, 0x26, 0x23, 0x22, 0x07, 0x07, 0xce, 0x4a, 0x02, 0xea, 0xfd, 0xb3, 0x2c, 0x6b, 0x88, 0xc7, 0xea, 0xf3, 0xda, 0xc1, 
    0xf4, 0x11, 0xaf, 0x11, 0x90, 0x76, 0x81, 0x93, 0x9f, 0x84, 0x79, 0x45, 0x31, 0x02, 0xda, 0x02, 0xd6, 0xab, 0xfe, 0x73, 
    0x3f, 0xfe, 0xf9, 0xe0, 0xe1, 0xfe, 0xfd, 0xd6, 0xbd, 0x7d, 0x7f, 0xb0, 0x9b, 0x92, 0xb1, 0x35, 0x28, 0x00, 0x00, 0x02, 
    0x00, 0x84, 0xff, 0xec, 0x04, 0x1c, 0x05, 0xb1, 0x00, 0x14, 0x00, 0x21, 0x00, 0x51, 0x00, 0xb0, 0x00, 0x45, 0x58, 0xb0, 
    0x00, 0x2f, 0x1b, 0xb1, 0x00, 0x1e, 0x3e, 0x59, 0xb0, 0x00, 0x45, 0x58, 0xb0, 0x0d, 0x2f, 0x1b, 0xb1, 0x0d, 0x12, 0x3e, 
    0x59, 0xb0, 0x00, 0x10, 0xb1, 0x01, 0x01, 0xb0, 0x0a, 0x2b, 0x58, 0x21, 0xd8, 0x1b, 0xf4, 0x59, 0xb2, 0x07, 0x0d, 0x00, 
    0x11, 0x12, 0x39, 0xb0, 0x07, 0x2f, 0xb1, 0x15, 0x01, 0xb0, 0x0a, 0x2b, 0x58, 0x21, 0xd8, 0x1b, 0xf4, 0x59, 0xb0, 0x0d, 
    0x10, 0xb1, 0x1c, 0x01, 0xb0, 0x0a, 0x2b, 0x58, 0x21, 0xd8, 0x1b, 0xf4, 0x59, 0x30, 0x31, 0x01, 0x15, 0x23, 0x06, 0x04, 
    0x07, 0x36, 0x33, 0x32, 0x12, 0x15, 0x14, 0x02, 0x23, 0x22, 0x00, 0x35, 0x35, 0x10, 0x00, 0x25, 0x03, 0x22, 0x06, 0x07, 
    0x15, 0x14, 0x16, 0x33, 0x32, 0x36, 0x35, 0x34, 0x26, 0x03, 0x4f, 0x22, 0xd8, 0xff, 0x00, 0x14, 0x73, 0xc7, 0xbe, 0xe3, 
    0xf5, 0xce, 0xd1, 0xfe, 0xfc, 0x01, 0x57, 0x01, 0x53, 0xd2, 0x5f, 0xa0, 0x1f, 0xa2, 0x79, 0x7d, 0x8f, 0x91, 0x05, 0xb1, 
    0x9d, 0x04, 0xf8, 0xe1, 0x84, 0xfe, 0xf4, 0xd4, 0xe1, 0xfe, 0xf2, 0x01, 0x41, 0xfd, 0x47, 0x01, 0x92, 0x01, 0xa9, 0x05, 
    0xfd, 0x70, 0x72, 0x56, 0x44, 0xb4, 0xdc, 0xb8, 0x95, 0x96, 0xb9, 0x00, 0x00, 0x01, 0x00, 0x4d, 0x00, 0x00, 0x04, 0x25, 
    0x05, 0xb0, 0x00, 0x06, 0x00, 0x33, 0x00, 0xb0, 0x00, 0x45, 0x58, 0xb0, 0x05, 0x2f, 0x1b, 0xb1, 0x05, 0x1e, 0x3e, 0x59, 
    0xb0, 0x00, 0x45, 0x58, 0xb0, 0x01, 0x2f, 0x1b, 0xb1, 0x01, 0x12, 0x3e, 0x59, 0xb0, 0x05, 0x10, 0xb1, 0x03, 0x01, 0xb0, 
    0x0a, 0x2b, 0x58, 0x21, 0xd8, 0x1b, 0xf4, 0x59, 0xb2, 0x00, 0x03, 0x05, 0x11, 0x12, 0x39, 0x30, 0x31, 0x01, 0x01, 0x23, 
    0x01, 0x21, 0x35, 0x21, 0x04, 0x25, 0xfd, 0xa5, 0xc2, 0x02, 0x59, 0xfc, 0xec, 0x03, 0xd8, 0x05, 0x48, 0xfa, 0xb8, 0x05, 
    0x18, 0x98, 0x00, 0x03, 0x00, 0x70, 0xff, 0xec, 0x04, 0x0e, 0x05, 0xc4, 0x00, 0x17, 0x00, 0x21, 0x00, 0x2b, 0x00, 0x64, 
    0x00, 0xb0, 0x00, 0x45, 0x58, 0xb0, 0x15, 0x2f, 0x1b, 0xb1, 0x15, 0x1e, 0x3e, 0x59, 0xb0, 0x00, 0x45, 0x58, 0xb0, 0x09, 
    0x2f, 0x1b, 0xb1, 0x09, 0x12, 0x3e, 0x59, 0xb2, 0x27, 0x09, 0x15, 0x11, 0x12, 0x39, 0xb0, 0x27, 0x2f, 0xb2, 0xcf, 0x27, 
    0x01, 0x5d, 0xb1, 0x1a, 0x01, 0xb0, 0x0a, 0x2b, 0x58, 0x21, 0xd8, 0x1b, 0xf4, 0x59, 0xb2, 0x03, 0x1a, 0x27, 0x11, 0x12, 
    0x39, 0xb2, 0x0f, 0x27, 0x1a, 0x11, 0x12, 0x39, 0xb0, 0x09, 0x10, 0xb1, 0x1f, 0x01, 0xb0, 0x0a, 0x2b, 0x58, 0x21, 0xd8, 
    0x1b, 0xf4, 0x59, 0xb0, 0x15, 0x10, 0xb1, 0x22, 0x01, 0xb0, 0x0a, 0x2b, 0x58, 0x21, 0xd8, 0x1b, 0xf4, 0x59, 0x30, 0x31, 
    0x01, 0x14, 0x06, 0x07, 0x16, 0x16, 0x15, 0x14, 0x06, 0x23, 0x22, 0x26, 0x35, 0x34, 0x36, 0x37, 0x26, 0x26, 0x35, 0x34, 
    0x36, 0x33, 0x32, 0x16, 0x03, 0x34, 0x26, 0x22, 0x06, 0x14, 0x16, 0x33, 0x32, 0x36, 0x01, 0x22, 0x06, 0x15, 0x14, 0x16, 
    0x32, 0x36, 0x34, 0x26, 0x03, 0xec, 0x73, 0x62, 0x72, 0x85, 0xff, 0xd0, 0xd2, 0xfd, 0x81, 0x72, 0x61, 0x70, 0xec, 0xc1, 
    0xc0, 0xed, 0x97, 0x9b, 0xfa, 0x97, 0x93, 0x83, 0x82, 0x94, 0xfe, 0xea, 0x6d, 0x87, 0x85, 0xde, 0x85, 0x8a, 0x04, 0x34, 
    0x6d, 0xaa, 0x30, 0x31, 0xbc, 0x77, 0xbd, 0xe0, 0xe1, 0xbc, 0x76, 0xbe, 0x31, 0x30, 0xaa, 0x6c, 0xb8, 0xd8, 0xd8, 0xfc, 
    0xa1, 0x7a, 0x9a, 0x98, 0xf8, 0x8e, 0x8f, 0x04, 0x1a, 0x87, 0x74, 0x6f, 0x89, 0x89, 0xde, 0x8c, 0x00, 0x02, 0x00, 0x64, 
    0xff, 0xff, 0x03, 0xf8, 0x05, 0xc4, 0x00, 0x17, 0x00, 0x24, 0x00, 0x5b, 0x00, 0xb0, 0x00, 0x45, 0x58, 0xb0, 0x0b, 0x2f, 
    0x1b, 0xb1, 0x0b, 0x1e, 0x3e, 0x59, 0xb0, 0x00, 0x45, 0x58, 0xb0, 0x13, 0x2f, 0x1b, 0xb1, 0x13, 0x12, 0x3e, 0x59, 0xb2, 
    0x03, 0x13, 0x0b, 0x11, 0x12, 0x39, 0xb0, 0x03, 0x2f, 0xb2, 0x00, 0x03, 0x0b, 0x11, 0x12, 0x39, 0xb0, 0x13, 0x10, 0xb1, 
    0x14, 0x01, 0xb0, 0x0a, 0x2b, 0x58, 0x21, 0xd8, 0x1b, 0xf4, 0x59, 0xb0, 0x03, 0x10, 0xb1, 0x18, 0x01, 0xb0, 0x0a, 0x2b, 
    0x58, 0x21, 0xd8, 0x1b, 0xf4, 0x59, 0xb0, 0x0b, 0x10, 0xb1, 0x1f, 0x01, 0xb0, 0x0a, 0x2b, 0x58, 0x21, 0xd8, 0x1b, 0xf4, 
    0x59, 0x30, 0x31, 0x01, 0x06, 0x06, 0x23, 0x22, 0x26, 0x26, 0x35, 0x34, 0x36, 0x36, 0x33, 0x32, 0x12, 0x11, 0x15, 0x10, 
    0x00, 0x05, 0x23, 0x35, 0x33, 0x36, 0x36, 0x25, 0x32, 0x36, 0x37, 0x35, 0x34, 0x26, 0x23, 0x22, 0x06, 0x15, 0x14, 0x16, 
    0x03, 0x3e, 0x3a, 0xa1, 0x60, 0x7e, 0xbb, 0x66, 0x6f, 0xcc, 0x88, 0xd8, 0xf9, 0xfe, 0xb0, 0xfe, 0xad, 0x24, 0x27, 0xe5, 
    0xf6, 0xfe, 0xee, 0x5d, 0x9d, 0x24, 0x9e, 0x79, 0x7a, 0x94, 0x8f, 0x02, 0x80, 0x45, 0x54, 0x7c, 0xe1, 0x88, 0x92, 0xea, 
    0x7c, 0xfe, 0xbd, 0xfe, 0xe9, 0x36, 0xfe, 0x57, 0xfe, 0x79, 0x05, 0x9c, 0x04, 0xe7, 0xfa, 0x72, 0x54, 0x4a, 0xb6, 0xe4, 
    0xbb, 0x99, 0x95, 0xc1, 0xff, 0xff, 0x00, 0x86, 0xff, 0xf5, 0x01, 0x6d, 0x04, 0x44, 0x00, 0x26, 0x00, 0x0f, 0xf6, 0x00, 
    0x01, 0x07, 0x00, 0x0f, 0xff, 0xf7, 0x03, 0x73, 0x00, 0x10, 0x00, 0xb0, 0x00, 0x45, 0x58, 0xb0, 0x0d, 0x2f, 0x1b, 0xb1, 
    0x0d, 0x1a, 0x3e, 0x59, 0x30, 0x31, 0xff, 0xff, 0x00, 0x29, 0xfe, 0xde, 0x01, 0x55, 0x04, 0x44, 0x00, 0x27, 0x00, 0x0f, 
    0xff, 0xdf, 0x03, 0x73, 0x01, 0x06, 0x00, 0x0d, 0x0c, 0x00, 0x00, 0x10, 0x00, 0xb0, 0x00, 0x45, 0x58, 0xb0, 0x03, 0x2f, 
    0x1b, 0xb1, 0x03, 0x1a, 0x3e, 0x59, 0x30, 0x31, 0x00, 0x01, 0x00, 0x48, 0x00, 0xc3, 0x03, 0x7a, 0x04, 0x4a, 0x00, 0x06, 
    0x00, 0x16, 0x00, 0xb0, 0x00, 0x45, 0x58, 0xb0, 0x05, 0x2f, 0x1b, 0xb1, 0x05, 0x1a, 0x3e, 0x59, 0xb0, 0x02, 0xd0, 0xb0, 
    0x02, 0x2f, 0x30, 0x31, 0x01, 0x05, 0x15, 0x01, 0x35, 0x01, 0x15, 0x01, 0x08, 0x02, 0x72, 0xfc, 0xce, 0x03, 0x32, 0x02, 
    0x84, 0xfd, 0xc4, 0x01, 0x7b, 0x92, 0x01, 0x7a, 0xc4, 0x00, 0x00, 0x02, 0x00, 0x98, 0x01, 0x8f, 0x03, 0xda, 0x03, 0xcf, 
    0x00, 0x03, 0x00, 0x07, 0x00, 0x27, 0x00, 0xb0, 0x07, 0x2f, 0xb0, 0x03, 0xd0, 0xb0, 0x03, 0x2f, 0xb1, 0x00, 0x01, 0xb0, 
    0x0a, 0x2b, 0x58, 0x21, 0xd8, 0x1b, 0xf4, 0x59, 0xb0, 0x07, 0x10, 0xb1, 0x04, 0x01, 0xb0, 0x0a, 0x2b, 0x58, 0x21, 0xd8, 
    0x1b, 0xf4, 0x59, 0x30, 0x31, 0x01, 0x21, 0x35, 0x21, 0x11, 0x21, 0x35, 0x21, 0x03, 0xda, 0xfc, 0xbe, 0x03, 0x42, 0xfc, 
    0xbe, 0x03, 0x42, 0x03, 0x2e, 0xa1, 0xfd, 0xc0, 0xa0, 0x00, 0x00, 0x01, 0x00, 0x86, 0x00, 0xc4, 0x03, 0xdc, 0x04, 0x4b, 
    0x00, 0x06, 0x00, 0x16, 0x00, 0xb0, 0x00, 0x45, 0x58, 0xb0, 0x02, 0x2f, 0x1b, 0xb1, 0x02, 0x1a, 0x3e, 0x59, 0xb0, 0x05, 
    0xd0, 0xb0, 0x05, 0x2f, 0x30, 0x31, 0x01, 0x01, 0x35, 0x01, 0x15, 0x01, 0x35, 0x03, 0x1b, 0xfd, 0x6b, 0x03, 0x56, 0xfc, 
    0xaa, 0x02, 0x8a, 0x01, 0x03, 0xbe, 0xfe, 0x86, 0x92, 0xfe, 0x85, 0xc0, 0x00, 0x02, 0x00, 0x4b, 0xff, 0xf5, 0x03, 0x76, 
    0x05, 0xc4, 0x00, 0x18, 0x00, 0x21, 0x00, 0x53, 0x00, 0xb0, 0x00, 0x45, 0x58, 0xb0, 0x10, 0x2f, 0x1b, 0xb1, 0x10, 0x1e, 
    0x3e, 0x59, 0xb0, 0x00, 0x45, 0x58, 0xb0, 0x20, 0x2f, 0x1b, 0xb1, 0x20, 0x12, 0x3e, 0x59, 0xb1, 0x1b, 0x05, 0xb0, 0x0a, 
    0x2b, 0x58, 0x21, 0xd8, 0x1b, 0xf4, 0x59, 0xb2, 0x00, 0x1b, 0x10, 0x11, 0x12, 0x39, 0xb2, 0x04, 0x10, 0x00, 0x11, 0x12, 
    0x39, 0xb0, 0x10, 0x10, 0xb1, 0x09, 0x01, 0xb0, 0x0a, 0x2b, 0x58, 0x21, 0xd8, 0x1b, 0xf4, 0x59, 0xb0, 0x10, 0x10, 0xb0, 
    0x0c, 0xd0, 0xb2, 0x15, 0x00, 0x10, 0x11, 0x12, 0x39, 0x30, 0x31, 0x01, 0x36, 0x36, 0x37, 0x37, 0x36, 0x35, 0x34, 0x26, 
    0x23, 0x22, 0x06, 0x15, 0x23, 0x36, 0x36, 0x33, 0x32, 0x16, 0x15, 0x14, 0x07, 0x07, 0x06, 0x15, 0x03, 0x34, 0x36, 0x32, 
    0x16, 0x14, 0x06, 0x22, 0x26, 0x01, 0x65, 0x02, 0x32, 0x4d, 0x83, 0x54, 0x6e, 0x69, 0x66, 0x7c, 0xb9, 0x02, 0xe3, 0xb6, 
    0xbd, 0xd3, 0xa2, 0x6d, 0x49, 0xc1, 0x37, 0x6c, 0x38, 0x38, 0x6c, 0x37, 0x01, 0x9a, 0x77, 0x8a, 0x54, 0x87, 0x5f, 0x6d, 
    0x69, 0x77, 0x6c, 0x5b, 0xa2, 0xc7, 0xcb, 0xb1, 0xaf, 0xaa, 0x6c, 0x51, 0x98, 0xfe, 0xc3, 0x2d, 0x3d, 0x3d, 0x5a, 0x3b, 
    0x3b, 0x00, 0x00, 0x02, 0x00, 0x6a, 0xfe, 0x3b, 0x06, 0xd6, 0x05, 0x97, 0x00, 0x35, 0x00, 0x42, 0x00, 0x6c, 0x00, 0xb0, 
    0x32, 0x2f, 0xb0, 0x00, 0x45, 0x58, 0xb0, 0x08, 0x2f, 0x1b, 0xb1, 0x08, 0x12, 0x3e, 0x59, 0xb0, 0x03, 0xd0, 0xb2, 0x0f, 
    0x32, 0x08, 0x11, 0x12, 0x39, 0xb0, 0x0f, 0x2f, 0xb2, 0x05, 0x08, 0x0f, 0x11, 0x12, 0x39, 0xb0, 0x08, 0x10, 0xb1, 0x39, 
    0x02, 0xb0, 0x0a, 0x2b, 0x58, 0x21, 0xd8, 0x1b, 0xf4, 0x59, 0xb0, 0x15, 0xd0, 0xb0, 0x32, 0x10, 0xb1, 0x1b, 0x02, 0xb0, 
    0x0a, 0x2b, 0x58, 0x21, 0xd8, 0x1b, 0xf4, 0x59, 0xb0, 0x08, 0x10, 0xb0, 0x2a, 0xd0, 0xb0, 0x2a, 0x2f, 0xb1, 0x23, 0x02, 
    0xb0, 0x0a, 0x2b, 0x58, 0x21, 0xd8, 0x1b, 0xf4, 0x59, 0xb0, 0x0f, 0x10, 0xb1, 0x40, 0x02, 0xb0, 0x0a, 0x2b, 0x58, 0x21, 
    0xd8, 0x1b, 0xf4, 0x59, 0x30, 0x31, 0x01, 0x06, 0x02, 0x23, 0x22, 0x27, 0x06, 0x06, 0x23, 0x22, 0x26, 0x37, 0x36, 0x12, 
    0x36, 0x33, 0x32, 0x16, 0x17, 0x03, 0x06, 0x33, 0x32, 0x36, 0x37, 0x12, 0x00, 0x21, 0x22, 0x04, 0x02, 0x07, 0x06, 0x12, 
    0x04, 0x33, 0x32, 0x36, 0x37, 0x17, 0x06, 0x06, 0x23, 0x22, 0x24, 0x02, 0x13, 0x12, 0x12, 0x24, 0x33, 0x32, 0x04, 0x12, 
    0x01, 0x06, 0x16, 0x33, 0x32, 0x36, 0x37, 0x37, 0x13, 0x26, 0x23, 0x22, 0x06, 0x06, 0xca, 0x0c, 0xd8, 0xb5, 0xbb, 0x35, 
    0x36, 0x8b, 0x4a, 0x8e, 0x92, 0x13, 0x0f, 0x79, 0xbf, 0x69, 0x51, 0x80, 0x50, 0x34, 0x13, 0x93, 0x71, 0x8c, 0x06, 0x13, 
    0xfe, 0xb9, 0xfe, 0xb2, 0xc9, 0xfe, 0xc8, 0xb4, 0x0b, 0x0c, 0x90, 0x01, 0x27, 0xd1, 0x5a, 0xb5, 0x3c, 0x25, 0x3e, 0xcd, 
    0x69, 0xfa, 0xfe, 0x98, 0xb3, 0x0c, 0x0c, 0xde, 0x01, 0x7c, 0xef, 0xf9, 0x01, 0x64, 0xae, 0xfb, 0xf2, 0x0e, 0x51, 0x58, 
    0x3c, 0x6f, 0x24, 0x01, 0x2e, 0x38, 0x40, 0x75, 0x99, 0x01, 0xf6, 0xf2, 0xfe, 0xe8, 0xa8, 0x55, 0x53, 0xe8, 0xcd, 0xa5, 
    0x01, 0x03, 0x94, 0x2b, 0x3f, 0xfd, 0xd6, 0xe7, 0xe0, 0xb4, 0x01, 0x85, 0x01, 0x98, 0xc7, 0xfe, 0x88, 0xf6, 0xf8, 0xfe, 
    0x93, 0xc1, 0x2c, 0x23, 0x73, 0x27, 0x32, 0xe1, 0x01, 0xa7, 0x01, 0x1b, 0x01, 0x13, 0x01, 0xb7, 0xef, 0xe0, 0xfe, 0x5a, 
    0xfe, 0x90, 0x8e, 0x98, 0x66, 0x5f, 0x09, 0x01, 0xf7, 0x1d, 0xee, 0x00, 0x00, 0x02, 0x00, 0x1c, 0x00, 0x00, 0x05, 0x1d, 
    0x05, 0xb0, 0x00, 0x07, 0x00, 0x0a, 0x00, 0x54, 0xb2, 0x0a, 0x0b, 0x0c, 0x11, 0x12, 0x39, 0xb0, 0x0a, 0x10, 0xb0, 0x04, 
    0xd0, 0x00, 0xb0, 0x00, 0x45, 0x58, 0xb0, 0x04, 0x2f, 0x1b, 0xb1, 0x04, 0x1e, 0x3e, 0x59, 0xb0, 0x00, 0x45, 0x58, 0xb0, 
    0x02, 0x2f, 0x1b, 0xb1, 0x02, 0x12, 0x3e, 0x59, 0xb0, 0x00, 0x45, 0x58, 0xb0, 0x06, 0x2f, 0x1b, 0xb1, 0x06, 0x12, 0x3e, 
    0x59, 0xb2, 0x08, 0x04, 0x02, 0x11, 0x12, 0x39, 0xb0, 0x08, 0x2f, 0xb1, 0x00, 0x01, 0xb0, 0x0a, 0x2b, 0x58, 0x21, 0xd8, 
    0x1b, 0xf4, 0x59, 0xb2, 0x0a, 0x04, 0x02, 0x11, 0x12, 0x39, 0x30, 0x31, 0x01, 0x21, 0x03, 0x23, 0x01, 0x33, 0x01, 0x23, 
    0x01, 0x21, 0x03, 0x03, 0xcd, 0xfd, 0x9e, 0x89, 0xc6, 0x02, 0x2c, 0xa8, 0x02, 0x2d, 0xc5, 0xfd, 0x4d, 0x01, 0xef, 0xf8, 
    0x01, 0x7c, 0xfe, 0x84, 0x05, 0xb0, 0xfa, 0x50, 0x02, 0x1a, 0x02, 0xa9, 0x00, 0x03, 0x00, 0xa9, 0x00, 0x00, 0x04, 0x88, 
    0x05, 0xb0, 0x00, 0x0e, 0x00, 0x16, 0x00, 0x1f, 0x00, 0x58, 0x00, 0xb0, 0x00, 0x45, 0x58, 0xb0, 0x01, 0x2f, 0x1b, 0xb1, 
    0x01, 0x1e, 0x3e, 0x59, 0xb0, 0x00, 0x45, 0x58, 0xb0, 0x00, 0x2f, 0x1b, 0xb1, 0x00, 0x12, 0x3e, 0x59, 0xb2, 0x17, 0x00, 
    0x01, 0x11, 0x12, 0x39, 0xb0, 0x17, 0x2f, 0xb1, 0x0f, 0x01, 0xb0, 0x0a, 0x2b, 0x58, 0x21, 0xd8, 0x1b, 0xf4, 0x59, 0xb2, 
    0x08, 0x0f, 0x17, 0x11, 0x12, 0x39, 0xb0, 0x00, 0x10, 0xb1, 0x10, 0x01, 0xb0, 0x0a, 0x2b, 0x58, 0x21, 0xd8, 0x1b, 0xf4, 
    0x59, 0xb0, 0x01, 0x10, 0xb1, 0x1f, 0x01, 0xb0, 0x0a, 0x2b, 0x58, 0x21, 0xd8, 0x1b, 0xf4, 0x59, 0x30, 0x31, 0x33, 0x11, 
    0x21, 0x32, 0x16, 0x15, 0x14, 0x06, 0x07, 0x16, 0x16, 0x15, 0x14, 0x06, 0x23, 0x01, 0x11, 0x21, 0x32, 0x36, 0x35, 0x10, 
    0x21, 0x25, 0x21, 0x32, 0x36, 0x35, 0x34, 0x26, 0x23, 0x21, 0xa9, 0x01, 0xdc, 0xed, 0xef, 0x74, 0x64, 0x76, 0x89, 0xfe, 
    0xe8, 0xfe, 0xc7, 0x01, 0x3d, 0x86, 0x9b, 0xfe, 0xe2, 0xfe, 0xc0, 0x01, 0x22, 0x7e, 0x97, 0x8c, 0x8f, 0xfe, 0xe4, 0x05, 
    0xb0, 0xc4, 0xc0, 0x66, 0x9d, 0x2b, 0x21, 0xb9, 0x80, 0xc4, 0xe0, 0x02, 0xa9, 0xfd, 0xf4, 0x8b, 0x7a, 0x01, 0x07, 0x9a, 
    0x7e, 0x6c, 0x78, 0x6d, 0x00, 0x01, 0x00, 0x77, 0xff, 0xec, 0x04, 0xd8, 0x05, 0xc4, 0x00, 0x1c, 0x00, 0x47, 0x00, 0xb0, 
    0x00, 0x45, 0x58, 0xb0, 0x0b, 0x2f, 0x1b, 0xb1, 0x0b, 0x1e, 0x3e, 0x59, 0xb0, 0x00, 0x45, 0x58, 0xb0, 0x03, 0x2f, 0x1b, 
    0xb1, 0x03, 0x12, 0x3e, 0x59, 0xb0, 0x0b, 0x10, 0xb0, 0x0f, 0xd0, 0xb0, 0x0b, 0x10, 0xb1, 0x12, 0x01, 0xb0, 0x0a, 0x2b, 
    0x58, 0x21, 0xd8, 0x1b, 0xf4, 0x59, 0xb0, 0x03, 0x10, 0xb1, 0x19, 0x01, 0xb0, 0x0a, 0x2b, 0x58, 0x21, 0xd8, 0x1b, 0xf4, 
    0x59, 0xb0, 0x03, 0x10, 0xb0, 0x1c, 0xd0, 0x30, 0x31, 0x01, 0x06, 0x04, 0x23, 0x20, 0x00, 0x11, 0x35, 0x34, 0x12, 0x24, 
    0x33, 0x32, 0x00, 0x17, 0x23, 0x26, 0x26, 0x23, 0x22, 0x02, 0x15, 0x15, 0x14, 0x12, 0x33, 0x32, 0x36, 0x37, 0x04, 0xd8, 
    0x1b, 0xfe, 0xe1, 0xee, 0xfe, 0xfe, 0xfe, 0xc9, 0x91, 0x01, 0x0a, 0xaf, 0xe8, 0x01, 0x18, 0x17, 0xc1, 0x19, 0xa7, 0x96, 
    0xb8, 0xd1, 0xc6, 0xb2, 0xa0, 0xab, 0x1c, 0x01, 0xce, 0xe7, 0xfb, 0x01, 0x72, 0x01, 0x36, 0x8c, 0xcb, 0x01, 0x34, 0xa5, 
    0xfe, 0xfd, 0xe5, 0xae, 0x9c, 0xfe, 0xf0, 0xfb, 0x8d, 0xed, 0xfe, 0xe8, 0x91, 0xb4, 0x00, 0x02, 0x00, 0xa9, 0x00, 0x00, 
    0x04, 0xc6, 0x05, 0xb0, 0x00, 0x0b, 0x00, 0x15, 0x00, 0x3b, 0x00, 0xb0, 0x00, 0x45, 0x58, 0xb0, 0x01, 0x2f, 0x1b, 0xb1, 
    0x01, 0x1e, 0x3e, 0x59, 0xb0, 0x00, 0x45, 0x58, 0xb0, 0x00, 0x2f, 0x1b, 0xb1, 0x00, 0x12, 0x3e, 0x59, 0xb0, 0x01, 0x10, 
    0xb1, 0x0c, 0x01, 0xb0, 0x0a, 0x2b, 0x58, 0x21, 0xd8, 0x1b, 0xf4, 0x59, 0xb0, 0x00, 0x10, 0xb1, 0x0d, 0x01, 0xb0, 0x0a, 
    0x2b, 0x58, 0x21, 0xd8, 0x1b, 0xf4, 0x59, 0x30, 0x31, 0x33, 0x11, 0x21, 0x32, 0x04, 0x12, 0x17, 0x15, 0x14, 0x02, 0x04, 
    0x07, 0x03, 0x11, 0x33, 0x32, 0x12, 0x35, 0x35, 0x34, 0x02, 0x27, 0xa9, 0x01, 0x9b, 0xbe, 0x01, 0x24, 0x9f, 0x01, 0x9f, 
    0xfe, 0xd9, 0xc4, 0xd3, 0xca, 0xde, 0xf7, 0xe9, 0xd6, 0x05, 0xb0, 0xa8, 0xfe, 0xca, 0xc9, 0x5d, 0xce, 0xfe, 0xca, 0xa6, 
    0x02, 0x05, 0x12, 0xfb, 0x8b, 0x01, 0x14, 0xff, 0x55, 0xf8, 0x01, 0x13, 0x02, 0x00, 0x00, 0x01, 0x00, 0xa9, 0x00, 0x00, 
    0x04, 0x46, 0x05, 0xb0, 0x00, 0x0b, 0x00, 0x51, 0x00, 0xb0, 0x00, 0x45, 0x58, 0xb0, 0x06, 0x2f, 0x1b, 0xb1, 0x06, 0x1e, 
    0x3e, 0x59, 0xb0, 0x00, 0x45, 0x58, 0xb0, 0x04, 0x2f, 0x1b, 0xb1, 0x04, 0x12, 0x3e, 0x59, 0xb2, 0x0b, 0x04, 0x06, 0x11, 
    0x12, 0x39, 0xb0, 0x0b, 0x2f, 0xb1, 0x00, 0x01, 0xb0, 0x0a, 0x2b, 0x58, 0x21, 0xd8, 0x1b, 0xf4, 0x59, 0xb0, 0x04, 0x10, 
    0xb1, 0x02, 0x01, 0xb0, 0x0a, 0x2b, 0x58, 0x21, 0xd8, 0x1b, 0xf4, 0x59, 0xb0, 0x06, 0x10, 0xb1, 0x08, 0x01, 0xb0, 0x0a, 
    0x2b, 0x58, 0x21, 0xd8, 0x1b, 0xf4, 0x59, 0x30, 0x31, 0x01, 0x21, 0x11, 0x21, 0x15, 0x21, 0x11, 0x21, 0x15, 0x21, 0x11, 
    0x21, 0x03, 0xe0, 0xfd, 0x89, 0x02, 0xdd, 0xfc, 0x63, 0x03, 0x93, 0xfd, 0x2d, 0x02, 0x77, 0x02, 0xa1, 0xfd, 0xfc, 0x9d, 
    0x05, 0xb0, 0x9e, 0xfe, 0x2c, 0x00, 0x00, 0x01, 0x00, 0xa9, 0x00, 0x00, 0x04, 0x2f, 0x05, 0xb0, 0x00, 0x09, 0x00, 0x42, 
    0x00, 0xb0, 0x00, 0x45, 0x58, 0xb0, 0x04, 0x2f, 0x1b, 0xb1, 0x04, 0x1e, 0x3e, 0x59, 0xb0, 0x00, 0x45, 0x58, 0xb0, 0x02, 
    0x2f, 0x1b, 0xb1, 0x02, 0x12, 0x3e, 0x59, 0xb2, 0x09, 0x02, 0x04, 0x11, 0x12, 0x39, 0xb0, 0x09, 0x2f, 0xb1, 0x00, 0x01, 
    0xb0, 0x0a, 0x2b, 0x58, 0x21, 0xd8, 0x1b, 0xf4, 0x59, 0xb0, 0x04, 0x10, 0xb1, 0x06, 0x01, 0xb0, 0x0a, 0x2b, 0x58, 0x21, 
    0xd8, 0x1b, 0xf4, 0x59, 0x30, 0x31, 0x01, 0x21, 0x11, 0x23, 0x11, 0x21, 0x15, 0x21, 0x11, 0x21, 0x03, 0xcc, 0xfd, 0x9d, 
    0xc0, 0x03, 0x86, 0xfd, 0x3a, 0x02, 0x63, 0x02, 0x83, 0xfd, 0x7d, 0x05, 0xb0, 0x9e, 0xfe, 0x0e, 0x00, 0x01, 0x00, 0x7a, 
    0xff, 0xec, 0x04, 0xdc, 0x05, 0xc4, 0x00, 0x1f, 0x00, 0x6c, 0x00, 0xb0, 0x00, 0x45, 0x58, 0xb0, 0x0b, 0x2f, 0x1b, 0xb1, 
    0x0b, 0x1e, 0x3e, 0x59, 0xb0, 0x00, 0x45, 0x58, 0xb0, 0x03, 0x2f, 0x1b, 0xb1, 0x03, 0x12, 0x3e, 0x59, 0xb0, 0x0b, 0x10, 
    0xb0, 0x0f, 0xd0, 0xb0, 0x0b, 0x10, 0xb1, 0x11, 0x01, 0xb0, 0x0a, 0x2b, 0x58, 0x21, 0xd8, 0x1b, 0xf4, 0x59, 0xb0, 0x03, 
    0x10, 0xb1, 0x18, 0x01, 0xb0, 0x0a, 0x2b, 0x58, 0x21, 0xd8, 0x1b, 0xf4, 0x59, 0xb2, 0x1e, 0x03, 0x0b, 0x11, 0x12, 0x39, 
    0xb0, 0x1e, 0x2f, 0xb4, 0xbf, 0x1e, 0xcf, 0x1e, 0x02, 0x5d, 0xb4, 0x0f, 0x1e, 0x1f, 0x1e, 0x02, 0x5d, 0xb4, 0x3f, 0x1e, 
    0x4f, 0x1e, 0x02, 0x5d, 0xb1, 0x1d, 0x01, 0xb0, 0x0a, 0x2b, 0x58, 0x21, 0xd8, 0x1b, 0xf4, 0x59, 0x30, 0x31, 0x25, 0x06, 
    0x04, 0x23, 0x22, 0x24, 0x02, 0x27, 0x35, 0x10, 0x00, 0x21, 0x32, 0x04, 0x17, 0x23, 0x02, 0x21, 0x22, 0x02, 0x03, 0x15, 
    0x14, 0x12, 0x33, 0x32, 0x36, 0x37, 0x11, 0x21, 0x35, 0x21, 0x04, 0xdc, 0x4a, 0xfe, 0xf7, 0xb0, 0xb2, 0xfe, 0xec, 0x97, 
    0x02, 0x01, 0x33, 0x01, 0x16, 0xe4, 0x01, 0x16, 0x1f, 0xc0, 0x36, 0xfe, 0xde, 0xc1, 0xc7, 0x01, 0xe0, 0xbf, 0x6c, 0xa2, 
    0x35, 0xfe, 0xaf, 0x02, 0x10, 0xbf, 0x6a, 0x69, 0xa7, 0x01, 0x34, 0xcb, 0x7f, 0x01, 0x49, 0x01, 0x6a, 0xe9, 0xd6, 0x01, 
    0x21, 0xfe, 0xf1, 0xfe, 0xff, 0x77, 0xf5, 0xfe, 0xdf, 0x30, 0x39, 0x01, 0x47, 0x9c, 0x00, 0x01, 0x00, 0xa9, 0x00, 0x00, 
    0x05, 0x08, 0x05, 0xb0, 0x00, 0x0b, 0x00, 0x67, 0x00, 0xb0, 0x00, 0x45, 0x58, 0xb0, 0x06, 0x2f, 0x1b, 0xb1, 0x06, 0x1e, 
    0x3e, 0x59, 0xb0, 0x00, 0x45, 0x58, 0xb0, 0x0a, 0x2f, 0x1b, 0xb1, 0x0a, 0x1e, 0x3e, 0x59, 0xb0, 0x00, 0x45, 0x58, 0xb0, 
    0x00, 0x2f, 0x1b, 0xb1, 0x00, 0x12, 0x3e, 0x59, 0xb0, 0x00, 0x45, 0x58, 0xb0, 0x04, 0x2f, 0x1b, 0xb1, 0x04, 0x12, 0x3e, 
    0x59, 0xb0, 0x00, 0x10, 0xb0, 0x09, 0xd0, 0xb0, 0x09, 0x2f, 0xb2, 0xef, 0x09, 0x01, 0x5d, 0xb4, 0xcf, 0x09, 0xdf, 0x09, 
    0x02, 0x71, 0xb2, 0x8f, 0x09, 0x01, 0x71, 0xb2, 0x2f, 0x09, 0x01, 0x5d, 0xb2, 0x9f, 0x09, 0x01, 0x72, 0xb1, 0x02, 0x01, 
    0xb0, 0x0a, 0x2b, 0x58, 0x21, 0xd8, 0x1b, 0xf4, 0x59, 0x30, 0x31, 0x21, 0x23, 0x11, 0x21, 0x11, 0x23, 0x11, 0x33, 0x11, 
    0x21, 0x11, 0x33, 0x05, 0x08, 0xc1, 0xfd, 0x22, 0xc0, 0xc0, 0x02, 0xde, 0xc1, 0x02, 0xa1, 0xfd, 0x5f, 0x05, 0xb0, 0xfd, 
    0x8e, 0x02, 0x72, 0x00, 0x00, 0x01, 0x00, 0xb7, 0x00, 0x00, 0x01, 0x77, 0x05, 0xb0, 0x00, 0x03, 0x00, 0x1d, 0x00, 0xb0, 
    0x00, 0x45, 0x58, 0xb0, 0x02, 0x2f, 0x1b, 0xb1, 0x02, 0x1e, 0x3e, 0x59, 0xb0, 0x00, 0x45, 0x58, 0xb0, 0x00, 0x2f, 0x1b, 
    0xb1, 0x00, 0x12, 0x3e, 0x59, 0x30, 0x31, 0x21, 0x23, 0x11, 0x33, 0x01, 0x77, 0xc0, 0xc0, 0x05, 0xb0, 0x00, 0x00, 0x01, 
    0x00, 0x35, 0xff, 0xec, 0x03, 0xcc, 0x05, 0xb0, 0x00, 0x0f, 0x00, 0x2f, 0x00, 0xb0, 0x00, 0x45, 0x58, 0xb0, 0x00, 0x2f, 
    0x1b, 0xb1, 0x00, 0x1e, 0x3e, 0x59, 0xb0, 0x00, 0x45, 0x58, 0xb0, 0x05, 0x2f, 0x1b, 0xb1, 0x05, 0x12, 0x3e, 0x59, 0xb0, 
    0x09, 0xd0, 0xb0, 0x05, 0x10, 0xb1, 0x0c, 0x01, 0xb0, 0x0a, 0x2b, 0x58, 0x21, 0xd8, 0x1b, 0xf4, 0x59, 0x30, 0x31, 0x01, 
    0x33, 0x11, 0x14, 0x06, 0x23, 0x22, 0x26, 0x35, 0x33, 0x14, 0x16, 0x33, 0x32, 0x36, 0x37, 0x03, 0x0b, 0xc1, 0xfb, 0xd1, 
    0xd9, 0xf2, 0xc0, 0x89, 0x82, 0x77, 0x93, 0x01, 0x05, 0xb0, 0xfb, 0xf9, 0xd1, 0xec, 0xde, 0xc8, 0x7d, 0x8c, 0x96, 0x87, 
    0x00, 0x01, 0x00, 0xa9, 0x00, 0x00, 0x05, 0x05, 0x05, 0xb0, 0x00, 0x0b, 0x00, 0x74, 0x00, 0xb0, 0x00, 0x45, 0x58, 0xb0, 
    0x05, 0x2f, 0x1b, 0xb1, 0x05, 0x1e, 0x3e, 0x59, 0xb0, 0x00, 0x45, 0x58, 0xb0, 0x07, 0x2f, 0x1b, 0xb1, 0x07, 0x1e, 0x3e, 
    0x59, 0xb0, 0x00, 0x45, 0x58, 0xb0, 0x02, 0x2f, 0x1b, 0xb1, 0x02, 0x12, 0x3e, 0x59, 0xb0, 0x00, 0x45, 0x58, 0xb0, 0x0b, 
    0x2f, 0x1b, 0xb1, 0x0b, 0x12, 0x3e, 0x59, 0xb2, 0x00, 0x02, 0x05, 0x11, 0x12, 0x39, 0x40, 0x11, 0x4a, 0x00, 0x5a, 0x00, 
    0x6a, 0x00, 0x7a, 0x00, 0x8a, 0x00, 0x9a, 0x00, 0xaa, 0x00, 0xba, 0x00, 0x08, 0x5d, 0xb2, 0x39, 0x00, 0x01, 0x5d, 0xb2, 
    0x06, 0x05, 0x02, 0x11, 0x12, 0x39, 0x40, 0x13, 0x36, 0x06, 0x46, 0x06, 0x56, 0x06, 0x66, 0x06, 0x76, 0x06, 0x86, 0x06, 
    0x96, 0x06, 0xa6, 0x06, 0xb6, 0x06, 0x09, 0x5d, 0x30, 0x31, 0x01, 0x07, 0x11, 0x23, 0x11, 0x33, 0x11, 0x01, 0x33, 0x01, 
    0x01, 0x23, 0x02, 0x1b, 0xb2, 0xc0, 0xc0, 0x02, 0x87, 0xe8, 0xfd, 0xc3, 0x02, 0x6a, 0xe6, 0x02, 0xa5, 0xb9, 0xfe, 0x14, 
    0x05, 0xb0, 0xfd, 0x30, 0x02, 0xd0, 0xfd, 0x7d, 0xfc, 0xd3, 0x00, 0x01, 0x00, 0xa9, 0x00, 0x00, 0x04, 0x1c, 0x05, 0xb0, 
    0x00, 0x05, 0x00, 0x29, 0x00, 0xb0, 0x00, 0x45, 0x58, 0xb0, 0x04, 0x2f, 0x1b, 0xb1, 0x04, 0x1e, 0x3e, 0x59, 0xb0, 0x00, 
    0x45, 0x58, 0xb0, 0x02, 0x2f, 0x1b, 0xb1, 0x02, 0x12, 0x3e, 0x59, 0xb1, 0x00, 0x01, 0xb0, 0x0a, 0x2b, 0x58, 0x21, 0xd8, 
    0x1b, 0xf4, 0x59, 0x30, 0x31, 0x25, 0x21, 0x15, 0x21, 0x11, 0x33, 0x01, 0x6a, 0x02, 0xb2, 0xfc, 0x8d, 0xc1, 0x9d, 0x9d, 
    0x05, 0xb0, 0x00, 0x01, 0x00, 0xa9, 0x00, 0x00, 0x06, 0x52, 0x05, 0xb0, 0x00, 0x0e, 0x00, 0x59, 0x00, 0xb0, 0x00, 0x45, 
    0x58, 0xb0, 0x00, 0x2f, 0x1b, 0xb1, 0x00, 0x1e, 0x3e, 0x59, 0xb0, 0x00, 0x45, 0x58, 0xb0, 0x02, 0x2f, 0x1b, 0xb1, 0x02, 
    0x1e, 0x3e, 0x59, 0xb0, 0x00, 0x45, 0x58, 0xb0, 0x04, 0x2f, 0x1b, 0xb1, 0x04, 0x12, 0x3e, 0x59, 0xb0, 0x00, 0x45, 0x58, 
    0xb0, 0x08, 0x2f, 0x1b, 0xb1, 0x08, 0x12, 0x3e, 0x59, 0xb0, 0x00, 0x45, 0x58, 0xb0, 0x0c, 0x2f, 0x1b, 0xb1, 0x0c, 0x12, 
    0x3e, 0x59, 0xb2, 0x01, 0x00, 0x04, 0x11, 0x12, 0x39, 0xb2, 0x07, 0x00, 0x04, 0x11, 0x12, 0x39, 0xb2, 0x0a, 0x00, 0x04, 
    0x11, 0x12, 0x39, 0x30, 0x31, 0x09, 0x02, 0x33, 0x11, 0x23, 0x11, 0x13, 0x01, 0x23, 0x01, 0x13, 0x11, 0x23, 0x11, 0x01, 
    0xa1, 0x01, 0xdc, 0x01, 0xdc, 0xf9, 0xc0, 0x12, 0xfe, 0x22, 0x93, 0xfe, 0x23, 0x13, 0xc0, 0x05, 0xb0, 0xfb, 0x5c, 0x04, 
    0xa4, 0xfa, 0x50, 0x02, 0x37, 0x02, 0x64, 0xfb, 0x65, 0x04, 0x98, 0xfd, 0x9f, 0xfd, 0xc9, 0x05, 0xb0, 0x00, 0x00, 0x01, 
    0x00, 0xa9, 0x00, 0x00, 0x05, 0x08, 0x05, 0xb0, 0x00, 0x09, 0x00, 0x4c, 0xb2, 0x01, 0x0a, 0x0b, 0x11, 0x12, 0x39, 0x00, 
    0xb0, 0x00, 0x45, 0x58, 0xb0, 0x05, 0x2f, 0x1b, 0xb1, 0x05, 0x1e, 0x3e, 0x59, 0xb0, 0x00, 0x45, 0x58, 0xb0, 0x08, 0x2f, 
    0x1b, 0xb1, 0x08, 0x1e, 0x3e, 0x59, 0xb0, 0x00, 0x45, 0x58, 0xb0, 0x00, 0x2f, 0x1b, 0xb1, 0x00, 0x12, 0x3e, 0x59, 0xb0, 
    0x00, 0x45, 0x58, 0xb0, 0x03, 0x2f, 0x1b, 0xb1, 0x03, 0x12, 0x3e, 0x59, 0xb2, 0x02, 0x05, 0x00, 0x11, 0x12, 0x39, 0xb2, 
    0x07, 0x05, 0x00, 0x11, 0x12, 0x39, 0x30, 0x31, 0x21, 0x23, 0x01, 0x11, 0x23, 0x11, 0x33, 0x01, 0x11, 0x33, 0x05, 0x08, 
    0xc1, 0xfd, 0x23, 0xc1, 0xc1, 0x02, 0xdf, 0xbf, 0x04, 0x62, 0xfb, 0x9e, 0x05, 0xb0, 0xfb, 0x99, 0x04, 0x67, 0x00, 0x02, 
    0x00, 0x76, 0xff, 0xec, 0x05, 0x09, 0x05, 0xc4, 0x00, 0x11, 0x00, 0x1f, 0x00, 0x3b, 0x00, 0xb0, 0x00, 0x45, 0x58, 0xb0, 
    0x0d, 0x2f, 0x1b, 0xb1, 0x0d, 0x1e, 0x3e, 0x59, 0xb0, 0x00, 0x45, 0x58, 0xb0, 0x04, 0x2f, 0x1b, 0xb1, 0x04, 0x12, 0x3e, 
    0x59, 0xb0, 0x0d, 0x10, 0xb1, 0x15, 0x01, 0xb0, 0x0a, 0x2b, 0x58, 0x21, 0xd8, 0x1b, 0xf4, 0x59, 0xb0, 0x04, 0x10, 0xb1, 
    0x1c, 0x01, 0xb0, 0x0a, 0x2b, 0x58, 0x21, 0xd8, 0x1b, 0xf4, 0x59, 0x30, 0x31, 0x01, 0x14, 0x02, 0x04, 0x23, 0x22, 0x24, 
    0x02, 0x27, 0x35, 0x34, 0x12, 0x24, 0x33, 0x32, 0x04, 0x12, 0x15, 0x27, 0x10, 0x02, 0x23, 0x22, 0x02, 0x07, 0x15, 0x14, 
    0x12, 0x33, 0x32, 0x12, 0x37, 0x05, 0x09, 0x90, 0xfe, 0xf8, 0xb0, 0xac, 0xfe, 0xf6, 0x93, 0x02, 0x92, 0x01, 0x0b, 0xac, 
    0xaf, 0x01, 0x0b, 0x90, 0xbf, 0xd0, 0xbb, 0xb6, 0xd1, 0x03, 0xd3, 0xb9, 0xba, 0xcc, 0x03, 0x02, 0xa9, 0xd6, 0xfe, 0xc1, 
    0xa8, 0xa9, 0x01, 0x39, 0xce, 0x69, 0xd2, 0x01, 0x42, 0xab, 0xa9, 0xfe, 0xbf, 0xd5, 0x02, 0x01, 0x03, 0x01, 0x15, 0xfe, 
    0xeb, 0xf6, 0x6b, 0xfb, 0xfe, 0xe1, 0x01, 0x0f, 0xfd, 0x00, 0x00, 0x02, 0x00, 0xa9, 0x00, 0x00, 0x04, 0xc0, 0x05, 0xb0, 
    0x00, 0x0a, 0x00, 0x13, 0x00, 0x4f, 0xb2, 0x0a, 0x14, 0x15, 0x11, 0x12, 0x39, 0xb0, 0x0a, 0x10, 0xb0, 0x0c, 0xd0, 0x00, 
    0xb0, 0x00, 0x45, 0x58, 0xb0, 0x03, 0x2f, 0x1b, 0xb1, 0x03, 0x1e, 0x3e, 0x59, 0xb0, 0x00, 0x45, 0x58, 0xb0, 0x01, 0x2f, 
    0x1b, 0xb1, 0x01, 0x12, 0x3e, 0x59, 0xb2, 0x0b, 0x03, 0x01, 0x11, 0x12, 0x39, 0xb0, 0x0b, 0x2f, 0xb1, 0x00, 0x01, 0xb0, 
    0x0a, 0x2b, 0x58, 0x21, 0xd8, 0x1b, 0xf4, 0x59, 0xb0, 0x03, 0x10, 0xb1, 0x12, 0x01, 0xb0, 0x0a, 0x2b, 0x58, 0x21, 0xd8, 
    0x1b, 0xf4, 0x59, 0x30, 0x31, 0x01, 0x11, 0x23, 0x11, 0x21, 0x32, 0x04, 0x15, 0x14, 0x04, 0x23, 0x25, 0x21, 0x32, 0x36, 
    0x35, 0x34, 0x26, 0x27, 0x21, 0x01, 0x69, 0xc0, 0x02, 0x19, 0xef, 0x01, 0x0f, 0xfe, 0xf7, 0xf7, 0xfe, 0xa9, 0x01, 0x59, 
    0x9a, 0xa4, 0xa4, 0x8f, 0xfe, 0x9c, 0x02, 0x3a, 0xfd, 0xc6, 0x05, 0xb0, 0xf4, 0xc9, 0xd4, 0xe5, 0x9d, 0x91, 0x89, 0x82, 
    0x9c, 0x03, 0x00, 0x02, 0x00, 0x6d, 0xff, 0x0a, 0x05, 0x06, 0x05, 0xc4, 0x00, 0x15, 0x00, 0x22, 0x00, 0x4f, 0xb2, 0x08, 
    0x23, 0x24, 0x11, 0x12, 0x39, 0xb0, 0x08, 0x10, 0xb0, 0x19, 0xd0, 0x00, 0xb0, 0x00, 0x45, 0x58, 0xb0, 0x11, 0x2f, 0x1b, 
    0xb1, 0x11, 0x1e, 0x3e, 0x59, 0xb0, 0x00, 0x45, 0x58, 0xb0, 0x08, 0x2f, 0x1b, 0xb1, 0x08, 0x12, 0x3e, 0x59, 0xb2, 0x03, 
    0x08, 0x11, 0x11, 0x12, 0x39, 0xb0, 0x11, 0x10, 0xb1, 0x19, 0x01, 0xb0, 0x0a, 0x2b, 0x58, 0x21, 0xd8, 0x1b, 0xf4, 0x59, 
    0xb0, 0x08, 0x10, 0xb1, 0x20, 0x01, 0xb0, 0x0a, 0x2b, 0x58, 0x21, 0xd8, 0x1b, 0xf4, 0x59, 0x30, 0x31, 0x01, 0x14, 0x02, 
    0x07, 0x05, 0x07, 0x25, 0x06, 0x23, 0x22, 0x24, 0x02, 0x27, 0x35, 0x34, 0x12, 0x24, 0x33, 0x32, 0x04, 0x12, 0x15, 0x27, 
    0x10, 0x02, 0x23, 0x22, 0x02, 0x07, 0x15, 0x14, 0x12, 0x20, 0x12, 0x37, 0x05, 0x01, 0x86, 0x79, 0x01, 0x04, 0x83, 0xfe, 
    0xcd, 0x48, 0x50, 0xac, 0xfe, 0xf6, 0x93, 0x02, 0x92, 0x01, 0x0b, 0xac, 0xb0, 0x01, 0x0b, 0x90, 0xc0, 0xcd, 0xbe, 0xb5, 
    0xd1, 0x03, 0xd1, 0x01, 0x74, 0xcc, 0x03, 0x02, 0xa9, 0xd3, 0xfe, 0xcf, 0x56, 0xcc, 0x79, 0xf4, 0x12, 0xa9, 0x01, 0x39, 
    0xce, 0x69, 0xd2, 0x01, 0x42, 0xab, 0xaa, 0xfe, 0xc1, 0xd5, 0x01, 0x01, 0x01, 0x01, 0x17, 0xfe, 0xeb, 0xf6, 0x6b, 0xfa, 
    0xfe, 0xe0, 0x01, 0x0f, 0xfd, 0x00, 0x00, 0x02, 0x00, 0xa8, 0x00, 0x00, 0x04, 0xc9, 0x05, 0xb0, 0x00, 0x0e, 0x00, 0x17, 
    0x00, 0x63, 0xb2, 0x05, 0x18, 0x19, 0x11, 0x12, 0x39, 0xb0, 0x05, 0x10, 0xb0, 0x16, 0xd0, 0x00, 0xb0, 0x00, 0x45, 0x58, 
    0xb0, 0x04, 0x2f, 0x1b, 0xb1, 0x04, 0x1e, 0x3e, 0x59, 0xb0, 0x00, 0x45, 0x58, 0xb0, 0x02, 0x2f, 0x1b, 0xb1, 0x02, 0x12, 
    0x3e, 0x59, 0xb0, 0x00, 0x45, 0x58, 0xb0, 0x0d, 0x2f, 0x1b, 0xb1, 0x0d, 0x12, 0x3e, 0x59, 0xb2, 0x10, 0x04, 0x02, 0x11, 
    0x12, 0x39, 0xb0, 0x10, 0x2f, 0xb1, 0x00, 0x01, 0xb0, 0x0a, 0x2b, 0x58, 0x21, 0xd8, 0x1b, 0xf4, 0x59, 0xb2, 0x0b, 0x00, 
    0x04, 0x11, 0x12, 0x39, 0xb0, 0x04, 0x10, 0xb1, 0x16, 0x01, 0xb0, 0x0a, 0x2b, 0x58, 0x21, 0xd8, 0x1b, 0xf4, 0x59, 0x30, 
    0x31, 0x01, 0x21, 0x11, 0x23, 0x11, 0x21, 0x32, 0x04, 0x15, 0x14, 0x06, 0x07, 0x01, 0x15, 0x23, 0x01, 0x21, 0x32, 0x36, 
    0x35, 0x34, 0x26, 0x27, 0x21, 0x02, 0xbf, 0xfe, 0xaa, 0xc1, 0x01, 0xe2, 0xf6, 0x01, 0x09, 0x93, 0x83, 0x01, 0x56, 0xce, 
    0xfd, 0x6e, 0x01, 0x27, 0x8f, 0xa9, 0xa1, 0x98, 0xfe, 0xda, 0x02, 0x4d, 0xfd, 0xb3, 0x05, 0xb0, 0xe0, 0xd6, 0x88, 0xca, 
    0x32, 0xfd, 0x96, 0x0c, 0x02, 0xea, 0x94, 0x7c, 0x87, 0x90, 0x01, 0x00, 0x00, 0x01, 0x00, 0x50, 0xff, 0xec, 0x04, 0x72, 
    0x05, 0xc4, 0x00, 0x26, 0x00, 0x64, 0xb2, 0x00, 0x27, 0x28, 0x11, 0x12, 0x39, 0x00, 0xb0, 0x00, 0x45, 0x58, 0xb0, 0x06, 
    0x2f, 0x1b, 0xb1, 0x06, 0x1e, 0x3e, 0x59, 0xb0, 0x00, 0x45, 0x58, 0xb0, 0x1a, 0x2f, 0x1b, 0xb1, 0x1a, 0x12, 0x3e, 0x59, 
    0xb0, 0x06, 0x10, 0xb0, 0x0b, 0xd0, 0xb0, 0x06, 0x10, 0xb1, 0x0e, 0x01, 0xb0, 0x0a, 0x2b, 0x58, 0x21, 0xd8, 0x1b, 0xf4, 
    0x59, 0xb2, 0x26, 0x1a, 0x06, 0x11, 0x12, 0x39, 0xb0, 0x26, 0x10, 0xb1, 0x14, 0x01, 0xb0, 0x0a, 0x2b, 0x58, 0x21, 0xd8, 
    0x1b, 0xf4, 0x59, 0xb0, 0x1a, 0x10, 0xb0, 0x1f, 0xd0, 0xb0, 0x1a, 0x10, 0xb1, 0x22, 0x01, 0xb0, 0x0a, 0x2b, 0x58, 0x21, 
    0xd8, 0x1b, 0xf4, 0x59, 0x30, 0x31, 0x01, 0x26, 0x26, 0x35, 0x34, 0x24, 0x33, 0x32, 0x16, 0x16, 0x15, 0x23, 0x34, 0x26, 
    0x23, 0x22, 0x06, 0x15, 0x14, 0x16, 0x04, 0x16, 0x16, 0x15, 0x14, 0x04, 0x23, 0x22, 0x24, 0x26, 0x35, 0x33, 0x14, 0x16, 
    0x33, 0x32, 0x36, 0x34, 0x26, 0x02, 0x56, 0xf7, 0xe1, 0x01, 0x13, 0xdc, 0x96, 0xeb, 0x81, 0xc1, 0xa8, 0x99, 0x8e, 0x9f, 
    0x97, 0x01, 0x6b, 0xcd, 0x63, 0xfe, 0xec, 0xe7, 0x96, 0xfe, 0xfc, 0x8d, 0xc1, 0xc3, 0xa3, 0x98, 0xa2, 0x96, 0x02, 0x89, 
    0x47, 0xcf, 0x98, 0xac, 0xe1, 0x74, 0xcc, 0x79, 0x84, 0x97, 0x7d, 0x6f, 0x59, 0x7b, 0x66, 0x7b, 0xa4, 0x6f, 0xb1, 0xd5, 
    0x73, 0xc8, 0x7f, 0x84, 0x99, 0x7c, 0xd6, 0x75, 0x00, 0x01, 0x00, 0x31, 0x00, 0x00, 0x04, 0x97, 0x05, 0xb0, 0x00, 0x07, 
    0x00, 0x2f, 0x00, 0xb0, 0x00, 0x45, 0x58, 0xb0, 0x06, 0x2f, 0x1b, 0xb1, 0x06, 0x1e, 0x3e, 0x59, 0xb0, 0x00, 0x45, 0x58, 
    0xb0, 0x02, 0x2f, 0x1b, 0xb1, 0x02, 0x12, 0x3e, 0x59, 0xb0, 0x06, 0x10, 0xb1, 0x00, 0x01, 0xb0, 0x0a, 0x2b, 0x58, 0x21, 
    0xd8, 0x1b, 0xf4, 0x59, 0xb0, 0x04, 0xd0, 0x30, 0x31, 0x01, 0x21, 0x11, 0x23, 0x11, 0x21, 0x35, 0x21, 0x04, 0x97, 0xfe, 
    0x2c, 0xbf, 0xfe, 0x2d, 0x04, 0x66, 0x05, 0x12, 0xfa, 0xee, 0x05, 0x12, 0x9e, 0x00, 0x00, 0x01, 0x00, 0x8c, 0xff, 0xec, 
    0x04, 0xaa, 0x05, 0xb0, 0x00, 0x12, 0x00, 0x3d, 0xb2, 0x05, 0x13, 0x14, 0x11, 0x12, 0x39, 0x00, 0xb0, 0x00, 0x45, 0x58, 
    0xb0, 0x00, 0x2f, 0x1b, 0xb1, 0x00, 0x1e, 0x3e, 0x59, 0xb0, 0x00, 0x45, 0x58, 0xb0, 0x09, 0x2f, 0x1b, 0xb1, 0x09, 0x1e, 
    0x3e, 0x59, 0xb0, 0x00, 0x45, 0x58, 0xb0, 0x05, 0x2f, 0x1b, 0xb1, 0x05, 0x12, 0x3e, 0x59, 0xb1, 0x0e, 0x01, 0xb0, 0x0a, 
    0x2b, 0x58, 0x21, 0xd8, 0x1b, 0xf4, 0x59, 0x30, 0x31, 0x01, 0x11, 0x06, 0x00, 0x07, 0x07, 0x22, 0x00, 0x27, 0x11, 0x33, 
    0x11, 0x14, 0x16, 0x33, 0x32, 0x36, 0x35, 0x11, 0x04, 0xaa, 0x01, 0xfe, 0xff, 0xdc, 0x33, 0xef, 0xfe, 0xe4, 0x02, 0xbe, 
    0xae, 0xa1, 0xa3, 0xad, 0x05, 0xb0, 0xfc, 0x22, 0xce, 0xfe, 0xfa, 0x10, 0x02, 0x01, 0x02, 0xe2, 0x03, 0xe0, 0xfc, 0x26, 
    0x9e, 0xaf, 0xae, 0x9e, 0x03, 0xdb, 0x00, 0x01, 0x00, 0x1c, 0x00, 0x00, 0x04, 0xfd, 0x05, 0xb0, 0x00, 0x06, 0x00, 0x38, 
    0xb2, 0x00, 0x07, 0x08, 0x11, 0x12, 0x39, 0x00, 0xb0, 0x00, 0x45, 0x58, 0xb0, 0x01, 0x2f, 0x1b, 0xb1, 0x01, 0x1e, 0x3e, 
    0x59, 0xb0, 0x00, 0x45, 0x58, 0xb0, 0x05, 0x2f, 0x1b, 0xb1, 0x05, 0x1e, 0x3e, 0x59, 0xb0, 0x00, 0x45, 0x58, 0xb0, 0x03, 
    0x2f, 0x1b, 0xb1, 0x03, 0x12, 0x3e, 0x59, 0xb2, 0x00, 0x01, 0x03, 0x11, 0x12, 0x39, 0x30, 0x31, 0x25, 0x01, 0x33, 0x01, 
    0x23, 0x01, 0x33, 0x02, 0x8b, 0x01, 0xa0, 0xd2, 0xfd, 0xe4, 0xaa, 0xfd, 0xe5, 0xd1, 0xff, 0x04, 0xb1, 0xfa, 0x50, 0x05, 
    0xb0, 0x00, 0x00, 0x01, 0x00, 0x3d, 0x00, 0x00, 0x06, 0xed, 0x05, 0xb0, 0x00, 0x12, 0x00, 0x59, 0x00, 0xb0, 0x00, 0x45, 
    0x58, 0xb0, 0x03, 0x2f, 0x1b, 0xb1, 0x03, 0x1e, 0x3e, 0x59, 0xb0, 0x00, 0x45, 0x58, 0xb0, 0x08, 0x2f, 0x1b, 0xb1, 0x08, 
    0x1e, 0x3e, 0x59, 0xb0, 0x00, 0x45, 0x58, 0xb0, 0x11, 0x2f, 0x1b, 0xb1, 0x11, 0x1e, 0x3e, 0x59, 0xb0, 0x00, 0x45, 0x58, 
    0xb0, 0x0a, 0x2f, 0x1b, 0xb1, 0x0a, 0x12, 0x3e, 0x59, 0xb0, 0x00, 0x45, 0x58, 0xb0, 0x0f, 0x2f, 0x1b, 0xb1, 0x0f, 0x12, 
    0x3e, 0x59, 0xb2, 0x01, 0x03, 0x0a, 0x11, 0x12, 0x39, 0xb2, 0x06, 0x03, 0x0a, 0x11, 0x12, 0x39, 0xb2, 0x0d, 0x03, 0x0a, 
    0x11, 0x12, 0x39, 0x30, 0x31, 0x01, 0x17, 0x37, 0x01, 0x33, 0x01, 0x17, 0x37, 0x13, 0x33, 0x01, 0x23, 0x01, 0x27, 0x07, 
    0x01, 0x23, 0x01, 0x33, 0x01, 0xe3, 0x1c, 0x29, 0x01, 0x20, 0xa2, 0x01, 0x19, 0x28, 0x1f, 0xe2, 0xc1, 0xfe, 0x9f, 0xaf, 
    0xfe, 0xd4, 0x17, 0x17, 0xfe, 0xc9, 0xaf, 0xfe, 0xa0, 0xc0, 0x01, 0xcb, 0xc0, 0xad, 0x03, 0xf8, 0xfc, 0x08, 0xb0, 0xc4, 
    0x03, 0xe4, 0xfa, 0x50, 0x04, 0x25, 0x6f, 0x6f, 0xfb, 0xdb, 0x05, 0xb0, 0x00, 0x01, 0x00, 0x39, 0x00, 0x00, 0x04, 0xce, 
    0x05, 0xb0, 0x00, 0x0b, 0x00, 0x6b, 0x00, 0xb0, 0x00, 0x45, 0x58, 0xb0, 0x01, 0x2f, 0x1b, 0xb1, 0x01, 0x1e, 0x3e, 0x59, 
    0xb0, 0x00, 0x45, 0x58, 0xb0, 0x0a, 0x2f, 0x1b, 0xb1, 0x0a, 0x1e, 0x3e, 0x59, 0xb0, 0x00, 0x45, 0x58, 0xb0, 0x04, 0x2f, 
    0x1b, 0xb1, 0x04, 0x12, 0x3e, 0x59, 0xb0, 0x00, 0x45, 0x58, 0xb0, 0x07, 0x2f, 0x1b, 0xb1, 0x07, 0x12, 0x3e, 0x59, 0xb2, 
    0x00, 0x01, 0x04, 0x11, 0x12, 0x39, 0x40, 0x09, 0x86, 0x00, 0x96, 0x00, 0xa6, 0x00, 0xb6, 0x00, 0x04, 0x5d, 0xb2, 0x06, 
    0x01, 0x04, 0x11, 0x12, 0x39, 0x40, 0x09, 0x89, 0x06, 0x99, 0x06, 0xa9, 0x06, 0xb9, 0x06, 0x04, 0x5d, 0xb2, 0x03, 0x00, 
    0x06, 0x11, 0x12, 0x39, 0xb2, 0x09, 0x06, 0x00, 0x11, 0x12, 0x39, 0x30, 0x31, 0x01, 0x01, 0x33, 0x01, 0x01, 0x23, 0x01, 
    0x01, 0x23, 0x01, 0x01, 0x33, 0x02, 0x84, 0x01, 0x5d, 0xe2, 0xfe, 0x34, 0x01, 0xd7, 0xe4, 0xfe, 0x9a, 0xfe, 0x98, 0xe3, 
    0x01, 0xd8, 0xfe, 0x33, 0xe1, 0x03, 0x82, 0x02, 0x2e, 0xfd, 0x2e, 0xfd, 0x22, 0x02, 0x38, 0xfd, 0xc8, 0x02, 0xde, 0x02, 
    0xd2, 0x00, 0x00, 0x01, 0x00, 0x0f, 0x00, 0x00, 0x04, 0xbb, 0x05, 0xb0, 0x00, 0x08, 0x00, 0x31, 0x00, 0xb0, 0x00, 0x45, 
    0x58, 0xb0, 0x01, 0x2f, 0x1b, 0xb1, 0x01, 0x1e, 0x3e, 0x59, 0xb0, 0x00, 0x45, 0x58, 0xb0, 0x07, 0x2f, 0x1b, 0xb1, 0x07, 
    0x1e, 0x3e, 0x59, 0xb0, 0x00, 0x45, 0x58, 0xb0, 0x04, 0x2f, 0x1b, 0xb1, 0x04, 0x12, 0x3e, 0x59, 0xb2, 0x00, 0x01, 0x04, 
    0x11, 0x12, 0x39, 0x30, 0x31, 0x01, 0x01, 0x33, 0x01, 0x11, 0x23, 0x11, 0x01, 0x33, 0x02, 0x65, 0x01, 0x7c, 0xda, 0xfe, 
    0x0a, 0xc0, 0xfe, 0x0a, 0xdc, 0x02, 0xd5, 0x02, 0xdb, 0xfc, 0x6f, 0xfd, 0xe1, 0x02, 0x1f, 0x03, 0x91, 0x00, 0x00, 0x01, 
    0x00, 0x56, 0x00, 0x00, 0x04, 0x7a, 0x05, 0xb0, 0x00, 0x09, 0x00, 0x46, 0x00, 0xb0, 0x00, 0x45, 0x58, 0xb0, 0x07, 0x2f, 
    0x1b, 0xb1, 0x07, 0x1e, 0x3e, 0x59, 0xb0, 0x00, 0x45, 0x58, 0xb0, 0x02, 0x2f, 0x1b, 0xb1, 0x02, 0x12, 0x3e, 0x59, 0xb1, 
    0x00, 0x01, 0xb0, 0x0a, 0x2b, 0x58, 0x21, 0xd8, 0x1b, 0xf4, 0x59, 0xb2, 0x04, 0x00, 0x02, 0x11, 0x12, 0x39, 0xb0, 0x07, 
    0x10, 0xb1, 0x05, 0x01, 0xb0, 0x0a, 0x2b, 0x58, 0x21, 0xd8, 0x1b, 0xf4, 0x59, 0xb2, 0x09, 0x05, 0x07, 0x11, 0x12, 0x39, 
    0x30, 0x31, 0x25, 0x21, 0x15, 0x21, 0x35, 0x01, 0x21, 0x35, 0x21, 0x15, 0x01, 0x39, 0x03, 0x41, 0xfb, 0xdc, 0x03, 0x1e, 
    0xfc, 0xef, 0x03, 0xf7, 0x9d, 0x9d, 0x90, 0x04, 0x82, 0x9e, 0x8d, 0x00, 0x00, 0x01, 0x00, 0x92, 0xfe, 0xc8, 0x02, 0x0b, 
    0x06, 0x80, 0x00, 0x07, 0x00, 0x24, 0x00, 0xb0, 0x04, 0x2f, 0xb0, 0x07, 0x2f, 0xb1, 0x00, 0x01, 0xb0, 0x0a, 0x2b, 0x58, 
    0x21, 0xd8, 0x1b, 0xf4, 0x59, 0xb0, 0x04, 0x10, 0xb1, 0x03, 0x01, 0xb0, 0x0a, 0x2b, 0x58, 0x21, 0xd8, 0x1b, 0xf4, 0x59, 
    0x30, 0x31, 0x01, 0x23, 0x11, 0x33, 0x15, 0x21, 0x11, 0x21, 0x02, 0x0b, 0xbf, 0xbf, 0xfe, 0x87, 0x01, 0x79, 0x05, 0xe8, 
    0xf9, 0x78, 0x98, 0x07, 0xb8, 0x00, 0x00, 0x01, 0x00, 0x28, 0xff, 0x83, 0x03, 0x38, 0x05, 0xb0, 0x00, 0x03, 0x00, 0x13, 
    0x00, 0xb0, 0x02, 0x2f, 0xb0, 0x00, 0x45, 0x58, 0xb0, 0x00, 0x2f, 0x1b, 0xb1, 0x00, 0x1e, 0x3e, 0x59, 0x30, 0x31, 0x13, 
    0x33, 0x01, 0x23, 0x28, 0xb0, 0x02, 0x60, 0xb0, 0x05, 0xb0, 0xf9, 0xd3, 0x00, 0x01, 0x00, 0x09, 0xfe, 0xc8, 0x01, 0x83, 
    0x06, 0x80, 0x00, 0x07, 0x00, 0x27, 0x00, 0xb0, 0x02, 0x2f, 0xb0, 0x01, 0x2f, 0xb0, 0x02, 0x10, 0xb1, 0x05, 0x01, 0xb0, 
    0x0a, 0x2b, 0x58, 0x21, 0xd8, 0x1b, 0xf4, 0x59, 0xb0, 0x01, 0x10, 0xb1, 0x06, 0x01, 0xb0, 0x0a, 0x2b, 0x58, 0x21, 0xd8, 
    0x1b, 0xf4, 0x59, 0x30, 0x31, 0x13, 0x21, 0x11, 0x21, 0x35, 0x33, 0x11, 0x23, 0x09, 0x01, 0x7a, 0xfe, 0x86, 0xc1, 0xc1, 
    0x06, 0x80, 0xf8, 0x48, 0x98, 0x06, 0x88, 0x00, 0x00, 0x01, 0x00, 0x40, 0x02, 0xd9, 0x03, 0x14, 0x05, 0xb0, 0x00, 0x06, 
    0x00, 0x27, 0xb2, 0x00, 0x07, 0x08, 0x11, 0x12, 0x39, 0x00, 0xb0, 0x00, 0x45, 0x58, 0xb0, 0x03, 0x2f, 0x1b, 0xb1, 0x03, 
    0x1e, 0x3e, 0x59, 0xb0, 0x00, 0xd0, 0xb2, 0x01, 0x07, 0x03, 0x11, 0x12, 0x39, 0xb0, 0x01, 0x2f, 0xb0, 0x05, 0xd0, 0x30, 
    0x31, 0x01, 0x03, 0x23, 0x01, 0x33, 0x01, 0x23, 0x01, 0xaa, 0xbe, 0xac, 0x01, 0x2b, 0x7f, 0x01, 0x2a, 0xab, 0x04, 0xbb, 
    0xfe, 0x1e, 0x02, 0xd7, 0xfd, 0x29, 0x00, 0x01, 0x00, 0x04, 0xff, 0x69, 0x03, 0x98, 0x00, 0x00, 0x00, 0x03, 0x00, 0x1c, 
    0x00, 0xb0, 0x00, 0x45, 0x58, 0xb0, 0x03, 0x2f, 0x1b, 0xb1, 0x03, 0x12, 0x3e, 0x59, 0xb1, 0x00, 0x01, 0xb0, 0x0a, 0x2b, 
    0x58, 0x21, 0xd8, 0x1b, 0xf4, 0x59, 0x30, 0x31, 0x05, 0x21, 0x35, 0x21, 0x03, 0x98, 0xfc, 0x6c, 0x03, 0x94, 0x97, 0x97, 
    0x00, 0x01, 0x00, 0x39, 0x04, 0xda, 0x01, 0xda, 0x06, 0x00, 0x00, 0x03, 0x00, 0x23, 0x00, 0xb0, 0x01, 0x2f, 0xb2, 0x0f, 
    0x01, 0x01, 0x5d, 0xb0, 0x00, 0xd0, 0x19, 0xb0, 0x00, 0x2f, 0x18, 0xb0, 0x01, 0x10, 0xb0, 0x02, 0xd0, 0xb0, 0x02, 0x2f, 
    0xb4, 0x0f, 0x02, 0x1f, 0x02, 0x02, 0x5d, 0x30, 0x31, 0x01, 0x23, 0x01, 0x33, 0x01, 0xda, 0x9f, 0xfe, 0xfe, 0xdf, 0x04, 
    0xda, 0x01, 0x26, 0x00, 0x00, 0x02, 0x00, 0x6d, 0xff, 0xec, 0x03, 0xea, 0x04, 0x4e, 0x00, 0x1e, 0x00, 0x28, 0x00, 0x7c, 
    0xb2, 0x17, 0x29, 0x2a, 0x11, 0x12, 0x39, 0xb0, 0x17, 0x10, 0xb0, 0x20, 0xd0, 0x00, 0xb0, 0x00, 0x45, 0x58, 0xb0, 0x17, 
    0x2f, 0x1b, 0xb1, 0x17, 0x1a, 0x3e, 0x59, 0xb0, 0x00, 0x45, 0x58, 0xb0, 0x04, 0x2f, 0x1b, 0xb1, 0x04, 0x12, 0x3e, 0x59, 
    0xb0, 0x00, 0x45, 0x58, 0xb0, 0x00, 0x2f, 0x1b, 0xb1, 0x00, 0x12, 0x3e, 0x59, 0xb2, 0x02, 0x17, 0x04, 0x11, 0x12, 0x39, 
    0xb2, 0x0b, 0x17, 0x04, 0x11, 0x12, 0x39, 0xb0, 0x0b, 0x2f, 0xb0, 0x17, 0x10, 0xb1, 0x0f, 0x01, 0xb0, 0x0a, 0x2b, 0x58, 
    0x21, 0xd8, 0x1b, 0xf4, 0x59, 0xb2, 0x12, 0x0b, 0x17, 0x11, 0x12, 0x39, 0xb0, 0x04, 0x10, 0xb1, 0x1f, 0x01, 0xb0, 0x0a, 
    0x2b, 0x58, 0x21, 0xd8, 0x1b, 0xf4, 0x59, 0xb0, 0x0b, 0x10, 0xb1, 0x23, 0x01, 0xb0, 0x0a, 0x2b, 0x58, 0x21, 0xd8, 0x1b, 
    0xf4, 0x59, 0x30, 0x31, 0x21, 0x26, 0x27, 0x06, 0x23, 0x22, 0x26, 0x35, 0x34, 0x24, 0x33, 0x33, 0x35, 0x34, 0x26, 0x23, 
    0x22, 0x06, 0x15, 0x23, 0x34, 0x36, 0x36, 0x33, 0x32, 0x16, 0x17, 0x11, 0x14, 0x17, 0x15, 0x25, 0x32, 0x36, 0x37, 0x35, 
    0x23, 0x20, 0x15, 0x14, 0x16, 0x03, 0x28, 0x10, 0x0a, 0x81, 0xb3, 0xa0, 0xcd, 0x01, 0x01, 0xe9, 0xb4, 0x74, 0x71, 0x63, 
    0x86, 0xba, 0x73, 0xc5, 0x76, 0xbb, 0xd4, 0x04, 0x26, 0xfe, 0x0b, 0x57, 0x9c, 0x23, 0x91, 0xfe, 0xac, 0x74, 0x20, 0x52, 
    0x86, 0xb5, 0x8b, 0xa9, 0xbb, 0x55, 0x61, 0x73, 0x64, 0x47, 0x51, 0x97, 0x58, 0xbb, 0xa4, 0xfe, 0x0e, 0x95, 0x58, 0x10, 
    0x8d, 0x5a, 0x48, 0xde, 0xc7, 0x57, 0x62, 0x00, 0x00, 0x02, 0x00, 0x8c, 0xff, 0xec, 0x04, 0x20, 0x06, 0x00, 0x00, 0x0e, 
    0x00, 0x19, 0x00, 0x66, 0xb2, 0x12, 0x1a, 0x1b, 0x11, 0x12, 0x39, 0xb0, 0x12, 0x10, 0xb0, 0x03, 0xd0, 0x00, 0xb0, 0x08, 
    0x2f, 0xb0, 0x00, 0x45, 0x58, 0xb0, 0x0c, 0x2f, 0x1b, 0xb1, 0x0c, 0x1a, 0x3e, 0x59, 0xb0, 0x00, 0x45, 0x58, 0xb0, 0x03, 
    0x2f, 0x1b, 0xb1, 0x03, 0x12, 0x3e, 0x59, 0xb0, 0x00, 0x45, 0x58, 0xb0, 0x06, 0x2f, 0x1b, 0xb1, 0x06, 0x12, 0x3e, 0x59, 
    0xb2, 0x05, 0x08, 0x03, 0x11, 0x12, 0x39, 0xb2, 0x0a, 0x0c, 0x03, 0x11, 0x12, 0x39, 0xb0, 0x0c, 0x10, 0xb1, 0x12, 0x01, 
    0xb0, 0x0a, 0x2b, 0x58, 0x21, 0xd8, 0x1b, 0xf4, 0x59, 0xb0, 0x03, 0x10, 0xb1, 0x17, 0x01, 0xb0, 0x0a, 0x2b, 0x58, 0x21, 
    0xd8, 0x1b, 0xf4, 0x59, 0x30, 0x31, 0x01, 0x14, 0x02, 0x23, 0x22, 0x27, 0x07, 0x23, 0x11, 0x33, 0x11, 0x36, 0x20, 0x12, 
    0x11, 0x27, 0x34, 0x26, 0x23, 0x22, 0x07, 0x11, 0x16, 0x33, 0x32, 0x36, 0x04, 0x20, 0xe4, 0xc0, 0xcd, 0x70, 0x09, 0xaa, 
    0xb9, 0x70, 0x01, 0x8a, 0xe1, 0xb9, 0x92, 0x89, 0xb7, 0x50, 0x55, 0xb4, 0x85, 0x94, 0x02, 0x11, 0xf8, 0xfe, 0xd3, 0x91, 
    0x7d, 0x06, 0x00, 0xfd, 0xc3, 0x8b, 0xfe, 0xd6, 0xfe, 0xfd, 0x05, 0xbd, 0xce, 0xaa, 0xfe, 0x2c, 0xaa, 0xce, 0x00, 0x01, 
    0x00, 0x5c, 0xff, 0xec, 0x03, 0xec, 0x04, 0x4e, 0x00, 0x1d, 0x00, 0x4b, 0xb2, 0x10, 0x1e, 0x1f, 0x11, 0x12, 0x39, 0x00, 
    0xb0, 0x00, 0x45, 0x58, 0xb0, 0x10, 0x2f, 0x1b, 0xb1, 0x10, 0x1a, 0x3e, 0x59, 0xb0, 0x00, 0x45, 0x58, 0xb0, 0x08, 0x2f, 
    0x1b, 0xb1, 0x08, 0x12, 0x3e, 0x59, 0xb1, 0x00, 0x01, 0xb0, 0x0a, 0x2b, 0x58, 0x21, 0xd8, 0x1b, 0xf4, 0x59, 0xb0, 0x08, 
    0x10, 0xb0, 0x03, 0xd0, 0xb0, 0x10, 0x10, 0xb0, 0x14, 0xd0, 0xb0, 0x10, 0x10, 0xb1, 0x17, 0x01, 0xb0, 0x0a, 0x2b, 0x58, 
    0x21, 0xd8, 0x1b, 0xf4, 0x59, 0x30, 0x31, 0x25, 0x32, 0x36, 0x37, 0x33, 0x0e, 0x02, 0x23, 0x22, 0x00, 0x11, 0x35, 0x34, 
    0x36, 0x36, 0x33, 0x32, 0x16, 0x17, 0x23, 0x26, 0x26, 0x23, 0x22, 0x06, 0x15, 0x15, 0x14, 0x16, 0x02, 0x3e, 0x63, 0x94, 
    0x08, 0xaf, 0x05, 0x76, 0xc5, 0x6e, 0xdd, 0xfe, 0xfb, 0x74, 0xd9, 0x94, 0xb6, 0xf1, 0x08, 0xaf, 0x08, 0x8f, 0x69, 0x8d, 
    0x9b, 0x9a, 0x83, 0x78, 0x5a, 0x5d, 0xa8, 0x64, 0x01, 0x27, 0x01, 0x00, 0x1f, 0x9e, 0xf6, 0x88, 0xda, 0xae, 0x69, 0x87, 
    0xcb, 0xc0, 0x23, 0xbb, 0xca, 0x00, 0x00, 0x02, 0x00, 0x5f, 0xff, 0xec, 0x03, 0xf0, 0x06, 0x00, 0x00, 0x0f, 0x00, 0x1a, 
    0x00, 0x66, 0xb2, 0x18, 0x1b, 0x1c, 0x11, 0x12, 0x39, 0xb0, 0x18, 0x10, 0xb0, 0x03, 0xd0, 0x00, 0xb0, 0x06, 0x2f, 0xb0, 
    0x00, 0x45, 0x58, 0xb0, 0x03, 0x2f, 0x1b, 0xb1, 0x03, 0x1a, 0x3e, 0x59, 0xb0, 0x00, 0x45, 0x58, 0xb0, 0x0c, 0x2f, 0x1b, 
    0xb1, 0x0c, 0x12, 0x3e, 0x59, 0xb0, 0x00, 0x45, 0x58, 0xb0, 0x08, 0x2f, 0x1b, 0xb1, 0x08, 0x12, 0x3e, 0x59, 0xb2, 0x05, 
    0x03, 0x0c, 0x11, 0x12, 0x39, 0xb2, 0x0a, 0x03, 0x0c, 0x11, 0x12, 0x39, 0xb0, 0x0c, 0x10, 0xb1, 0x13, 0x01, 0xb0, 0x0a, 
    0x2b, 0x58, 0x21, 0xd8, 0x1b, 0xf4, 0x59, 0xb0, 0x03, 0x10, 0xb1, 0x18, 0x01, 0xb0, 0x0a, 0x2b, 0x58, 0x21, 0xd8, 0x1b, 
    0xf4, 0x59, 0x30, 0x31, 0x13, 0x34, 0x12, 0x33, 0x32, 0x17, 0x11, 0x33, 0x11, 0x23, 0x27, 0x06, 0x23, 0x22, 0x02, 0x35, 
    0x17, 0x14, 0x16, 0x33, 0x32, 0x37, 0x11, 0x26, 0x23, 0x22, 0x06, 0x5f, 0xec, 0xbf, 0xbe, 0x6f, 0xb9, 0xaa, 0x09, 0x6f, 
    0xc6, 0xbc, 0xed, 0xb9, 0x98, 0x86, 0xb0, 0x51, 0x53, 0xac, 0x88, 0x98, 0x02, 0x26, 0xf9, 0x01, 0x2f, 0x82, 0x02, 0x34, 
    0xfa, 0x00, 0x74, 0x88, 0x01, 0x34, 0xf8, 0x07, 0xb8, 0xd0, 0x9e, 0x01, 0xf1, 0x99, 0xd2, 0x00, 0x00, 0x02, 0x00, 0x5d, 
    0xff, 0xec, 0x03, 0xf3, 0x04, 0x4e, 0x00, 0x15, 0x00, 0x1d, 0x00, 0x6c, 0xb2, 0x08, 0x1e, 0x1f, 0x11, 0x12, 0x39, 0xb0, 
    0x08, 0x10, 0xb0, 0x16, 0xd0, 0x00, 0xb0, 0x00, 0x45, 0x58, 0xb0, 0x08, 0x2f, 0x1b, 0xb1, 0x08, 0x1a, 0x3e, 0x59, 0xb0, 
    0x00, 0x45, 0x58, 0xb0, 0x00, 0x2f, 0x1b, 0xb1, 0x00, 0x12, 0x3e, 0x59, 0xb2, 0x1a, 0x08, 0x00, 0x11, 0x12, 0x39, 0xb0, 
    0x1a, 0x2f, 0xb4, 0xbf, 0x1a, 0xcf, 0x1a, 0x02, 0x5d, 0xb1, 0x0c, 0x01, 0xb0, 0x0a, 0x2b, 0x58, 0x21, 0xd8, 0x1b, 0xf4, 
    0x59, 0xb0, 0x00, 0x10, 0xb1, 0x10, 0x01, 0xb0, 0x0a, 0x2b, 0x58, 0x21, 0xd8, 0x1b, 0xf4, 0x59, 0xb2, 0x13, 0x08, 0x00, 
    0x11, 0x12, 0x39, 0xb0, 0x08, 0x10, 0xb1, 0x16, 0x01, 0xb0, 0x0a, 0x2b, 0x58, 0x21, 0xd8, 0x1b, 0xf4, 0x59, 0x30, 0x31, 
    0x05, 0x22, 0x00, 0x35, 0x35, 0x34, 0x36, 0x36, 0x33, 0x32, 0x12, 0x11, 0x15, 0x21, 0x16, 0x16, 0x33, 0x32, 0x36, 0x37, 
    0x17, 0x06, 0x01, 0x22, 0x06, 0x07, 0x21, 0x35, 0x26, 0x26, 0x02, 0x4d, 0xdc, 0xfe, 0xec, 0x7b, 0xdd, 0x81, 0xd3, 0xea, 
    0xfd, 0x23, 0x04, 0xb3, 0x8a, 0x62, 0x88, 0x33, 0x71, 0x88, 0xfe, 0xd9, 0x70, 0x98, 0x12, 0x02, 0x1e, 0x08, 0x88, 0x14, 
    0x01, 0x21, 0xf2, 0x22, 0xa1, 0xfd, 0x8f, 0xfe, 0xea, 0xfe, 0xfd, 0x4d, 0xa0, 0xc5, 0x50, 0x42, 0x58, 0xd1, 0x03, 0xca, 
    0xa3, 0x93, 0x0e, 0x8d, 0x9b, 0x00, 0x00, 0x01, 0x00, 0x3c, 0x00, 0x00, 0x02, 0xca, 0x06, 0x15, 0x00, 0x15, 0x00, 0x65, 
    0xb2, 0x0f, 0x16, 0x17, 0x11, 0x12, 0x39, 0x00, 0xb0, 0x00, 0x45, 0x58, 0xb0, 0x08, 0x2f, 0x1b, 0xb1, 0x08, 0x20, 0x3e, 
    0x59, 0xb0, 0x00, 0x45, 0x58, 0xb0, 0x03, 0x2f, 0x1b, 0xb1, 0x03, 0x1a, 0x3e, 0x59, 0xb0, 0x00, 0x45, 0x58, 0xb0, 0x11, 
    0x2f, 0x1b, 0xb1, 0x11, 0x1a, 0x3e, 0x59, 0xb0, 0x00, 0x45, 0x58, 0xb0, 0x00, 0x2f, 0x1b, 0xb1, 0x00, 0x12, 0x3e, 0x59, 
    0xb0, 0x03, 0x10, 0xb1, 0x01, 0x01, 0xb0, 0x0a, 0x2b, 0x58, 0x21, 0xd8, 0x1b, 0xf4, 0x59, 0xb0, 0x08, 0x10, 0xb1, 0x0d, 
    0x01, 0xb0, 0x0a, 0x2b, 0x58, 0x21, 0xd8, 0x1b, 0xf4, 0x59, 0xb0, 0x01, 0x10, 0xb0, 0x13, 0xd0, 0xb0, 0x14, 0xd0, 0x30, 
    0x31, 0x33, 0x11, 0x23, 0x35, 0x33, 0x35, 0x34, 0x36, 0x33, 0x32, 0x17, 0x07, 0x26, 0x23, 0x22, 0x06, 0x15, 0x15, 0x33, 
    0x15, 0x23, 0x11, 0xe7, 0xab, 0xab, 0xba, 0xaa, 0x40, 0x3f, 0x0a, 0x2f, 0x35, 0x5a, 0x62, 0xe7, 0xe7, 0x03, 0xab, 0x8f, 
    0x6f, 0xae, 0xbe, 0x11, 0x96, 0x09, 0x69, 0x62, 0x72, 0x8f, 0xfc, 0x55, 0x00, 0x02, 0x00, 0x60, 0xfe, 0x56, 0x03, 0xf2, 
    0x04, 0x4e, 0x00, 0x19, 0x00, 0x24, 0x00, 0x86, 0xb2, 0x22, 0x25, 0x26, 0x11, 0x12, 0x39, 0xb0, 0x22, 0x10, 0xb0, 0x0b, 
    0xd0, 0x00, 0xb0, 0x00, 0x45, 0x58, 0xb0, 0x03, 0x2f, 0x1b, 0xb1, 0x03, 0x1a, 0x3e, 0x59, 0xb0, 0x00, 0x45, 0x58, 0xb0, 
    0x06, 0x2f, 0x1b, 0xb1, 0x06, 0x1a, 0x3e, 0x59, 0xb0, 0x00, 0x45, 0x58, 0xb0, 0x0b, 0x2f, 0x1b, 0xb1, 0x0b, 0x14, 0x3e, 
    0x59, 0xb0, 0x00, 0x45, 0x58, 0xb0, 0x17, 0x2f, 0x1b, 0xb1, 0x17, 0x12, 0x3e, 0x59, 0xb2, 0x05, 0x03, 0x17, 0x11, 0x12, 
    0x39, 0xb2, 0x0f, 0x17, 0x0b, 0x11, 0x12, 0x39, 0xb0, 0x0b, 0x10, 0xb1, 0x11, 0x01, 0xb0, 0x0a, 0x2b, 0x58, 0x21, 0xd8, 
    0x1b, 0xf4, 0x59, 0xb2, 0x15, 0x03, 0x17, 0x11, 0x12, 0x39, 0xb0, 0x17, 0x10, 0xb1, 0x1d, 0x01, 0xb0, 0x0a, 0x2b, 0x58, 
    0x21, 0xd8, 0x1b, 0xf4, 0x59, 0xb0, 0x03, 0x10, 0xb1, 0x22, 0x01, 0xb0, 0x0a, 0x2b, 0x58, 0x21, 0xd8, 0x1b, 0xf4, 0x59, 
    0x30, 0x31, 0x13, 0x34, 0x12, 0x33, 0x32, 0x17, 0x37, 0x33, 0x11, 0x14, 0x06, 0x23, 0x22, 0x26, 0x27, 0x37, 0x16, 0x33, 
    0x32, 0x36, 0x35, 0x35, 0x06, 0x23, 0x22, 0x02, 0x37, 0x14, 0x16, 0x33, 0x32, 0x37, 0x11, 0x26, 0x23, 0x22, 0x06, 0x60, 
    0xea, 0xc1, 0xc6, 0x6f, 0x09, 0xa9, 0xf9, 0xd2, 0x75, 0xe0, 0x3b, 0x60, 0x77, 0xac, 0x87, 0x97, 0x6f, 0xc0, 0xbe, 0xeb, 
    0xba, 0x96, 0x87, 0xaf, 0x52, 0x55, 0xaa, 0x87, 0x98, 0x02, 0x26, 0xfd, 0x01, 0x2b, 0x8c, 0x78, 0xfb, 0xe0, 0xd2, 0xf2, 
    0x64, 0x57, 0x6f, 0x93, 0x98, 0x8a, 0x5d, 0x80, 0x01, 0x32, 0xf3, 0xb7, 0xd1, 0x9f, 0x01, 0xee, 0x9b, 0xd2, 0x00, 0x01, 
    0x00, 0x8c, 0x00, 0x00, 0x03, 0xdf, 0x06, 0x00, 0x00, 0x11, 0x00, 0x4a, 0xb2, 0x0a, 0x12, 0x13, 0x11, 0x12, 0x39, 0x00, 
    0xb0, 0x10, 0x2f, 0xb0, 0x00, 0x45, 0x58, 0xb0, 0x02, 0x2f, 0x1b, 0xb1, 0x02, 0x1a, 0x3e, 0x59, 0xb0, 0x00, 0x45, 0x58, 
    0xb0, 0x05, 0x2f, 0x1b, 0xb1, 0x05, 0x12, 0x3e, 0x59, 0xb0, 0x00, 0x45, 0x58, 0xb0, 0x0e, 0x2f, 0x1b, 0xb1, 0x0e, 0x12, 
    0x3e, 0x59, 0xb2, 0x00, 0x02, 0x05, 0x11, 0x12, 0x39, 0xb0, 0x02, 0x10, 0xb1, 0x0a, 0x01, 0xb0, 0x0a, 0x2b, 0x58, 0x21, 
    0xd8, 0x1b, 0xf4, 0x59, 0x30, 0x31, 0x01, 0x36, 0x33, 0x20, 0x13, 0x11, 0x23, 0x11, 0x26, 0x26, 0x23, 0x22, 0x06, 0x07, 
    0x11, 0x23, 0x11, 0x33, 0x01, 0x45, 0x7b, 0xc5, 0x01, 0x57, 0x03, 0xb9, 0x01, 0x69, 0x6f, 0x5a, 0x88, 0x26, 0xb9, 0xb9, 
    0x03, 0xb7, 0x97, 0xfe, 0x7d, 0xfd, 0x35, 0x02, 0xcc, 0x75, 0x70, 0x60, 0x4e, 0xfc, 0xfd, 0x06, 0x00, 0x00, 0x00, 0x02, 
    0x00, 0x8d, 0x00, 0x00, 0x01, 0x68, 0x05, 0xc4, 0x00, 0x03, 0x00, 0x0c, 0x00, 0x3f, 0xb2, 0x06, 0x0d, 0x0e, 0x11, 0x12, 
    0x39, 0xb0, 0x06, 0x10, 0xb0, 0x01, 0xd0, 0x00, 0xb0, 0x00, 0x45, 0x58, 0xb0, 0x02, 0x2f, 0x1b, 0xb1, 0x02, 0x1a, 0x3e, 
    0x59, 0xb0, 0x00, 0x45, 0x58, 0xb0, 0x00, 0x2f, 0x1b, 0xb1, 0x00, 0x12, 0x3e, 0x59, 0xb0, 0x02, 0x10, 0xb0, 0x0a, 0xd0, 
    0xb0, 0x0a, 0x2f, 0xb1, 0x06, 0x05, 0xb0, 0x0a, 0x2b, 0x58, 0x21, 0xd8, 0x1b, 0xf4, 0x59, 0x30, 0x31, 0x21, 0x23, 0x11, 
    0x33, 0x03, 0x34, 0x36, 0x32, 0x16, 0x14, 0x06, 0x22, 0x26, 0x01, 0x55, 0xb9, 0xb9, 0xc8, 0x37, 0x6c, 0x38, 0x38, 0x6c, 
    0x37, 0x04, 0x3a, 0x01, 0x1f, 0x2d, 0x3e, 0x3e, 0x5a, 0x3c, 0x3c, 0x00, 0x00, 0x02, 0xff, 0xbf, 0xfe, 0x4b, 0x01, 0x59, 
    0x05, 0xc4, 0x00, 0x0c, 0x00, 0x16, 0x00, 0x4b, 0xb2, 0x10, 0x17, 0x18, 0x11, 0x12, 0x39, 0xb0, 0x10, 0x10, 0xb0, 0x00, 
    0xd0, 0x00, 0xb0, 0x00, 0x45, 0x58, 0xb0, 0x0c, 0x2f, 0x1b, 0xb1, 0x0c, 0x1a, 0x3e, 0x59, 0xb0, 0x00, 0x45, 0x58, 0xb0, 
    0x03, 0x2f, 0x1b, 0xb1, 0x03, 0x14, 0x3e, 0x59, 0xb1, 0x08, 0x01, 0xb0, 0x0a, 0x2b, 0x58, 0x21, 0xd8, 0x1b, 0xf4, 0x59, 
    0xb0, 0x0c, 0x10, 0xb0, 0x15, 0xd0, 0xb0, 0x15, 0x2f, 0xb1, 0x10, 0x05, 0xb0, 0x0a, 0x2b, 0x58, 0x21, 0xd8, 0x1b, 0xf4, 
    0x59, 0x30, 0x31, 0x01, 0x11, 0x10, 0x21, 0x22, 0x27, 0x35, 0x16, 0x33, 0x32, 0x36, 0x35, 0x11, 0x03, 0x34, 0x36, 0x33, 
    0x32, 0x16, 0x14, 0x06, 0x22, 0x26, 0x01, 0x4b, 0xfe, 0xe5, 0x3d, 0x34, 0x20, 0x34, 0x3e, 0x41, 0x13, 0x37, 0x35, 0x36, 
    0x38, 0x38, 0x6c, 0x36, 0x04, 0x3a, 0xfb, 0x49, 0xfe, 0xc8, 0x12, 0x94, 0x08, 0x43, 0x53, 0x04, 0xbb, 0x01, 0x1f, 0x2c, 
    0x3f, 0x3e, 0x5a, 0x3c, 0x3c, 0x00, 0x00, 0x01, 0x00, 0x8d, 0x00, 0x00, 0x04, 0x0c, 0x06, 0x00, 0x00, 0x0c, 0x00, 0x75, 
    0x00, 0xb0, 0x00, 0x45, 0x58, 0xb0, 0x04, 0x2f, 0x1b, 0xb1, 0x04, 0x20, 0x3e, 0x59, 0xb0, 0x00, 0x45, 0x58, 0xb0, 0x08, 
    0x2f, 0x1b, 0xb1, 0x08, 0x1a, 0x3e, 0x59, 0xb0, 0x00, 0x45, 0x58, 0xb0, 0x02, 0x2f, 0x1b, 0xb1, 0x02, 0x12, 0x3e, 0x59, 
    0xb0, 0x00, 0x45, 0x58, 0xb0, 0x0b, 0x2f, 0x1b, 0xb1, 0x0b, 0x12, 0x3e, 0x59, 0xb2, 0x00, 0x08, 0x02, 0x11, 0x12, 0x39, 
    0x40, 0x15, 0x3a, 0x00, 0x4a, 0x00, 0x5a, 0x00, 0x6a, 0x00, 0x7a, 0x00, 0x8a, 0x00, 0x9a, 0x00, 0xaa, 0x00, 0xba, 0x00, 
    0xca, 0x00, 0x0a, 0x5d, 0xb2, 0x06, 0x08, 0x02, 0x11, 0x12, 0x39, 0x40, 0x15, 0x36, 0x06, 0x46, 0x06, 0x56, 0x06, 0x66, 
    0x06, 0x76, 0x06, 0x86, 0x06, 0x96, 0x06, 0xa6, 0x06, 0xb6, 0x06, 0xc6, 0x06, 0x0a, 0x5d, 0x30, 0x31, 0x01, 0x07, 0x11, 
    0x23, 0x11, 0x33, 0x11, 0x37, 0x01, 0x33, 0x01, 0x01, 0x23, 0x01, 0xba, 0x74, 0xb9, 0xb9, 0x63, 0x01, 0x51, 0xe1, 0xfe, 
    0x5b, 0x01, 0xd6, 0xd9, 0x01, 0xf5, 0x79, 0xfe, 0x84, 0x06, 0x00, 0xfc, 0x5f, 0x77, 0x01, 0x64, 0xfe, 0x3c, 0xfd, 0x8a, 
    0x00, 0x01, 0x00, 0x9c, 0x00, 0x00, 0x01, 0x55, 0x06, 0x00, 0x00, 0x03, 0x00, 0x1d, 0x00, 0xb0, 0x00, 0x45, 0x58, 0xb0, 
    0x02, 0x2f, 0x1b, 0xb1, 0x02, 0x20, 0x3e, 0x59, 0xb0, 0x00, 0x45, 0x58, 0xb0, 0x00, 0x2f, 0x1b, 0xb1, 0x00, 0x12, 0x3e, 
    0x59, 0x30, 0x31, 0x21, 0x23, 0x11, 0x33, 0x01, 0x55, 0xb9, 0xb9, 0x06, 0x00, 0x00, 0x00, 0x01, 0x00, 0x8b, 0x00, 0x00, 
    0x06, 0x78, 0x04, 0x4e, 0x00, 0x1d, 0x00, 0x78, 0xb2, 0x04, 0x1e, 0x1f, 0x11, 0x12, 0x39, 0x00, 0xb0, 0x00, 0x45, 0x58, 
    0xb0, 0x03, 0x2f, 0x1b, 0xb1, 0x03, 0x1a, 0x3e, 0x59, 0xb0, 0x00, 0x45, 0x58, 0xb0, 0x08, 0x2f, 0x1b, 0xb1, 0x08, 0x1a, 
    0x3e, 0x59, 0xb0, 0x00, 0x45, 0x58, 0xb0, 0x00, 0x2f, 0x1b, 0xb1, 0x00, 0x1a, 0x3e, 0x59, 0xb0, 0x00, 0x45, 0x58, 0xb0, 
    0x0b, 0x2f, 0x1b, 0xb1, 0x0b, 0x12, 0x3e, 0x59, 0xb0, 0x00, 0x45, 0x58, 0xb0, 0x14, 0x2f, 0x1b, 0xb1, 0x14, 0x12, 0x3e, 
    0x59, 0xb0, 0x00, 0x45, 0x58, 0xb0, 0x1b, 0x2f, 0x1b, 0xb1, 0x1b, 0x12, 0x3e, 0x59, 0xb2, 0x01, 0x08, 0x0b, 0x11, 0x12, 
    0x39, 0xb2, 0x05, 0x08, 0x0b, 0x11, 0x12, 0x39, 0xb0, 0x08, 0x10, 0xb1, 0x10, 0x01, 0xb0, 0x0a, 0x2b, 0x58, 0x21, 0xd8, 
    0x1b, 0xf4, 0x59, 0xb0, 0x18, 0xd0, 0x30, 0x31, 0x01, 0x17, 0x36, 0x33, 0x32, 0x17, 0x36, 0x36, 0x33, 0x20, 0x13, 0x11, 
    0x23, 0x11, 0x34, 0x26, 0x23, 0x22, 0x06, 0x07, 0x11, 0x23, 0x11, 0x34, 0x23, 0x22, 0x07, 0x11, 0x23, 0x11, 0x01, 0x3a, 
    0x05, 0x77, 0xca, 0xe3, 0x52, 0x36, 0xad, 0x76, 0x01, 0x64, 0x06, 0xb9, 0x6a, 0x7d, 0x67, 0x88, 0x0b, 0xba, 0xe7, 0xb6, 
    0x43, 0xb9, 0x04, 0x3a, 0x78, 0x8c, 0xae, 0x4e, 0x60, 0xfe, 0x87, 0xfd, 0x2b, 0x02, 0xca, 0x74, 0x73, 0x7b, 0x68, 0xfd, 
    0x32, 0x02, 0xc5, 0xec, 0x9b, 0xfc, 0xea, 0x04, 0x3a, 0x00, 0x00, 0x01, 0x00, 0x8c, 0x00, 0x00, 0x03, 0xdf, 0x04, 0x4e, 
    0x00, 0x11, 0x00, 0x54, 0xb2, 0x0b, 0x12, 0x13, 0x11, 0x12, 0x39, 0x00, 0xb0, 0x00, 0x45, 0x58, 0xb0, 0x03, 0x2f, 0x1b, 
    0xb1, 0x03, 0x1a, 0x3e, 0x59, 0xb0, 0x00, 0x45, 0x58, 0xb0, 0x00, 0x2f, 0x1b, 0xb1, 0x00, 0x1a, 0x3e, 0x59, 0xb0, 0x00, 
    0x45, 0x58, 0xb0, 0x06, 0x2f, 0x1b, 0xb1, 0x06, 0x12, 0x3e, 0x59, 0xb0, 0x00, 0x45, 0x58, 0xb0, 0x0f, 0x2f, 0x1b, 0xb1, 
    0x0f, 0x12, 0x3e, 0x59, 0xb2, 0x01, 0x03, 0x06, 0x11, 0x12, 0x39, 0xb0, 0x03, 0x10, 0xb1, 0x0b, 0x01, 0xb0, 0x0a, 0x2b, 
    0x58, 0x21, 0xd8, 0x1b, 0xf4, 0x59, 0x30, 0x31, 0x01, 0x17, 0x36, 0x33, 0x20, 0x13, 0x11, 0x23, 0x11, 0x26, 0x26, 0x23, 
    0x22, 0x06, 0x07, 0x11, 0x23, 0x11, 0x01, 0x3b, 0x06, 0x7c, 0xc8, 0x01, 0x57, 0x03, 0xb9, 0x01, 0x69, 0x6f, 0x5a, 0x88, 
    0x26, 0xb9, 0x04, 0x3a, 0x88, 0x9c, 0xfe, 0x7d, 0xfd, 0x35, 0x02, 0xcc, 0x75, 0x70, 0x60, 0x4e, 0xfc, 0xfd, 0x04, 0x3a, 
    0x00, 0x02, 0x00, 0x5b, 0xff, 0xec, 0x04, 0x34, 0x04, 0x4e, 0x00, 0x0f, 0x00, 0x1b, 0x00, 0x45, 0xb2, 0x0c, 0x1c, 0x1d, 
    0x11, 0x12, 0x39, 0xb0, 0x0c, 0x10, 0xb0, 0x13, 0xd0, 0x00, 0xb0, 0x00, 0x45, 0x58, 0xb0, 0x04, 0x2f, 0x1b, 0xb1, 0x04, 
    0x1a, 0x3e, 0x59, 0xb0, 0x00, 0x45, 0x58, 0xb0, 0x0c, 0x2f, 0x1b, 0xb1, 0x0c, 0x12, 0x3e, 0x59, 0xb1, 0x13, 0x01, 0xb0, 
    0x0a, 0x2b, 0x58, 0x21, 0xd8, 0x1b, 0xf4, 0x59, 0xb0, 0x04, 0x10, 0xb1, 0x19, 0x01, 0xb0, 0x0a, 0x2b, 0x58, 0x21, 0xd8, 
    0x1b, 0xf4, 0x59, 0x30, 0x31, 0x13, 0x34, 0x36, 0x36, 0x33, 0x32, 0x00, 0x15, 0x15, 0x14, 0x06, 0x06, 0x23, 0x22, 0x00, 
    0x35, 0x17, 0x14, 0x16, 0x33, 0x32, 0x36, 0x35, 0x34, 0x26, 0x23, 0x22, 0x06, 0x5b, 0x7d, 0xdf, 0x8f, 0xdd, 0x01, 0x11, 
    0x79, 0xe1, 0x92, 0xdc, 0xfe, 0xef, 0xba, 0xa7, 0x8c, 0x8d, 0xa6, 0xa9, 0x8c, 0x89, 0xa8, 0x02, 0x27, 0x9f, 0xfe, 0x8a, 
    0xfe, 0xce, 0xfe, 0x0d, 0x9e, 0xfb, 0x8c, 0x01, 0x32, 0xfc, 0x09, 0xb4, 0xda, 0xdd, 0xc7, 0xb2, 0xdd, 0xda, 0x00, 0x02, 
    0x00, 0x8c, 0xfe, 0x60, 0x04, 0x1e, 0x04, 0x4e, 0x00, 0x0f, 0x00, 0x1a, 0x00, 0x70, 0xb2, 0x13, 0x1b, 0x1c, 0x11, 0x12, 
    0x39, 0xb0, 0x13, 0x10, 0xb0, 0x0c, 0xd0, 0x00, 0xb0, 0x00, 0x45, 0x58, 0xb0, 0x0c, 0x2f, 0x1b, 0xb1, 0x0c, 0x1a, 0x3e, 
    0x59, 0xb0, 0x00, 0x45, 0x58, 0xb0, 0x09, 0x2f, 0x1b, 0xb1, 0x09, 0x1a, 0x3e, 0x59, 0xb0, 0x00, 0x45, 0x58, 0xb0, 0x06, 
    0x2f, 0x1b, 0xb1, 0x06, 0x14, 0x3e, 0x59, 0xb0, 0x00, 0x45, 0x58, 0xb0, 0x03, 0x2f, 0x1b, 0xb1, 0x03, 0x12, 0x3e, 0x59, 
    0xb2, 0x05, 0x0c, 0x03, 0x11, 0x12, 0x39, 0xb2, 0x0a, 0x0c, 0x03, 0x11, 0x12, 0x39, 0xb0, 0x0c, 0x10, 0xb1, 0x13, 0x01, 
    0xb0, 0x0a, 0x2b, 0x58, 0x21, 0xd8, 0x1b, 0xf4, 0x59, 0xb0, 0x03, 0x10, 0xb1, 0x18, 0x01, 0xb0, 0x0a, 0x2b, 0x58, 0x21, 
    0xd8, 0x1b, 0xf4, 0x59, 0x30, 0x31, 0x01, 0x14, 0x02, 0x23, 0x22, 0x27, 0x11, 0x23, 0x11, 0x33, 0x17, 0x36, 0x33, 0x32, 
    0x12, 0x11, 0x27, 0x34, 0x26, 0x23, 0x22, 0x07, 0x11, 0x16, 0x33, 0x32, 0x36, 0x04, 0x1e, 0xe2, 0xc1, 0xc5, 0x71, 0xb9, 
    0xa9, 0x09, 0x71, 0xc9, 0xc3, 0xe3, 0xb9, 0x9c, 0x88, 0xa8, 0x54, 0x53, 0xab, 0x85, 0x9d, 0x02, 0x11, 0xf7, 0xfe, 0xd2, 
    0x7d, 0xfd, 0xf7, 0x05, 0xda, 0x78, 0x8c, 0xfe, 0xda, 0xfe, 0xfa, 0x04, 0xb7, 0xd4, 0x95, 0xfd, 0xfb, 0x94, 0xd3, 0x00, 
    0x00, 0x02, 0x00, 0x5f, 0xfe, 0x60, 0x03, 0xef, 0x04, 0x4e, 0x00, 0x0f, 0x00, 0x1a, 0x00, 0x6d, 0xb2, 0x18, 0x1b, 0x1c, 
    0x11, 0x12, 0x39, 0xb0, 0x18, 0x10, 0xb0, 0x03, 0xd0, 0x00, 0xb0, 0x00, 0x45, 0x58, 0xb0, 0x03, 0x2f, 0x1b, 0xb1, 0x03, 
    0x1a, 0x3e, 0x59, 0xb0, 0x00, 0x45, 0x58, 0xb0, 0x06, 0x2f, 0x1b, 0xb1, 0x06, 0x1a, 0x3e, 0x59, 0xb0, 0x00, 0x45, 0x58, 
    0xb0, 0x08, 0x2f, 0x1b, 0xb1, 0x08, 0x14, 0x3e, 0x59, 0xb0, 0x00, 0x45, 0x58, 0xb0, 0x0c, 0x2f, 0x1b, 0xb1, 0x0c, 0x12, 
    0x3e, 0x59, 0xb2, 0x05, 0x03, 0x0c, 0x11, 0x12, 0x39, 0xb2, 0x0a, 0x03, 0x0c, 0x11, 0x12, 0x39, 0xb1, 0x13, 0x01, 0xb0, 
    0x0a, 0x2b, 0x58, 0x21, 0xd8, 0x1b, 0xf4, 0x59, 0xb0, 0x03, 0x10, 0xb1, 0x18, 0x01, 0xb0, 0x0a, 0x2b, 0x58, 0x21, 0xd8, 
    0x1b, 0xf4, 0x59, 0x30, 0x31, 0x13, 0x34, 0x12, 0x33, 0x32, 0x17, 0x37, 0x33, 0x11, 0x23, 0x11, 0x06, 0x23, 0x22, 0x02, 
    0x35, 0x17, 0x14, 0x16, 0x33, 0x32, 0x37, 0x11, 0x26, 0x23, 0x22, 0x06, 0x5f, 0xea, 0xc5, 0xc0, 0x6f, 0x08, 0xaa, 0xb9, 
    0x70, 0xba, 0xc4, 0xe9, 0xb9, 0x9d, 0x85, 0xa5, 0x57, 0x58, 0xa2, 0x86, 0x9e, 0x02, 0x26, 0xff, 0x01, 0x29, 0x81, 0x6d, 
    0xfa, 0x26, 0x02, 0x04, 0x78, 0x01, 0x31, 0xfc, 0x08, 0xba, 0xd4, 0x92, 0x02, 0x12, 0x8f, 0xd5, 0x00, 0x01, 0x00, 0x8c, 
    0x00, 0x00, 0x02, 0x97, 0x04, 0x4e, 0x00, 0x0d, 0x00, 0x47, 0xb2, 0x04, 0x0e, 0x0f, 0x11, 0x12, 0x39, 0x00, 0xb0, 0x00, 
    0x45, 0x58, 0xb0, 0x0b, 0x2f, 0x1b, 0xb1, 0x0b, 0x1a, 0x3e, 0x59, 0xb0, 0x00, 0x45, 0x58, 0xb0, 0x08, 0x2f, 0x1b, 0xb1, 
    0x08, 0x1a, 0x3e, 0x59, 0xb0, 0x00, 0x45, 0x58, 0xb0, 0x05, 0x2f, 0x1b, 0xb1, 0x05, 0x12, 0x3e, 0x59, 0xb0, 0x0b, 0x10, 
    0xb1, 0x02, 0x01, 0xb0, 0x0a, 0x2b, 0x58, 0x21, 0xd8, 0x1b, 0xf4, 0x59, 0xb2, 0x09, 0x0b, 0x05, 0x11, 0x12, 0x39, 0x30, 
    0x31, 0x01, 0x26, 0x23, 0x22, 0x07, 0x11, 0x23, 0x11, 0x33, 0x17, 0x36, 0x33, 0x32, 0x17, 0x02, 0x97, 0x2a, 0x31, 0xb6, 
    0x41, 0xb9, 0xb4, 0x03, 0x5b, 0xa7, 0x36, 0x1c, 0x03, 0x94, 0x07, 0x9b, 0xfd, 0x00, 0x04, 0x3a, 0x7d, 0x91, 0x0e, 0x00, 
    0x00, 0x01, 0x00, 0x5f, 0xff, 0xec, 0x03, 0xbb, 0x04, 0x4e, 0x00, 0x26, 0x00, 0x64, 0xb2, 0x09, 0x27, 0x28, 0x11, 0x12, 
    0x39, 0x00, 0xb0, 0x00, 0x45, 0x58, 0xb0, 0x09, 0x2f, 0x1b, 0xb1, 0x09, 0x1a, 0x3e, 0x59, 0xb0, 0x00, 0x45, 0x58, 0xb0, 
    0x1c, 0x2f, 0x1b, 0xb1, 0x1c, 0x12, 0x3e, 0x59, 0xb2, 0x03, 0x1c, 0x09, 0x11, 0x12, 0x39, 0xb0, 0x09, 0x10, 0xb0, 0x0d, 
    0xd0, 0xb0, 0x09, 0x10, 0xb1, 0x10, 0x01, 0xb0, 0x0a, 0x2b, 0x58, 0x21, 0xd8, 0x1b, 0xf4, 0x59, 0xb0, 0x03, 0x10, 0xb1, 
    0x15, 0x01, 0xb0, 0x0a, 0x2b, 0x58, 0x21, 0xd8, 0x1b, 0xf4, 0x59, 0xb0, 0x1c, 0x10, 0xb0, 0x21, 0xd0, 0xb0, 0x1c, 0x10, 
    0xb1, 0x24, 0x01, 0xb0, 0x0a, 0x2b, 0x58, 0x21, 0xd8, 0x1b, 0xf4, 0x59, 0x30, 0x31, 0x01, 0x34, 0x26, 0x24, 0x26, 0x26, 
    0x35, 0x34, 0x36, 0x33, 0x32, 0x16, 0x15, 0x23, 0x34, 0x26, 0x23, 0x22, 0x06, 0x15, 0x14, 0x16, 0x04, 0x16, 0x16, 0x15, 
    0x14, 0x06, 0x23, 0x22, 0x26, 0x26, 0x35, 0x33, 0x16, 0x16, 0x33, 0x32, 0x36, 0x03, 0x02, 0x71, 0xfe, 0xe7, 0xa5, 0x4f, 
    0xe1, 0xaf, 0xb8, 0xe5, 0xba, 0x81, 0x62, 0x65, 0x72, 0x6a, 0x01, 0x15, 0xac, 0x53, 0xe8, 0xb9, 0x82, 0xc8, 0x71, 0xb9, 
    0x05, 0x8b, 0x72, 0x69, 0x7f, 0x01, 0x1f, 0x4b, 0x53, 0x3c, 0x54, 0x74, 0x50, 0x85, 0xb8, 0xbe, 0x94, 0x4c, 0x6e, 0x58, 
    0x47, 0x43, 0x44, 0x3e, 0x56, 0x79, 0x57, 0x91, 0xaf, 0x5c, 0xa5, 0x60, 0x5d, 0x6d, 0x55, 0x00, 0x00, 0x01, 0x00, 0x09, 
    0xff, 0xec, 0x02, 0x56, 0x05, 0x40, 0x00, 0x15, 0x00, 0x61, 0xb2, 0x0e, 0x16, 0x17, 0x11, 0x12, 0x39, 0x00, 0xb0, 0x00, 
    0x45, 0x58, 0xb0, 0x01, 0x2f, 0x1b, 0xb1, 0x01, 0x1a, 0x3e, 0x59, 0xb0, 0x00, 0x45, 0x58, 0xb0, 0x13, 0x2f, 0x1b, 0xb1, 
    0x13, 0x1a, 0x3e, 0x59, 0xb0, 0x00, 0x45, 0x58, 0xb0, 0x0d, 0x2f, 0x1b, 0xb1, 0x0d, 0x12, 0x3e, 0x59, 0xb0, 0x01, 0x10, 
    0xb0, 0x00, 0xd0, 0xb0, 0x00, 0x2f, 0xb0, 0x01, 0x10, 0xb1, 0x03, 0x01, 0xb0, 0x0a, 0x2b, 0x58, 0x21, 0xd8, 0x1b, 0xf4, 
    0x59, 0xb0, 0x0d, 0x10, 0xb1, 0x08, 0x01, 0xb0, 0x0a, 0x2b, 0x58, 0x21, 0xd8, 0x1b, 0xf4, 0x59, 0xb0, 0x03, 0x10, 0xb0, 
    0x11, 0xd0, 0xb0, 0x12, 0xd0, 0x30, 0x31, 0x01, 0x11, 0x33, 0x15, 0x23, 0x11, 0x14, 0x16, 0x33, 0x32, 0x37, 0x15, 0x06, 
    0x23, 0x22, 0x26, 0x35, 0x11, 0x23, 0x35, 0x33, 0x11, 0x01, 0x87, 0xca, 0xca, 0x36, 0x41, 0x20, 0x38, 0x49, 0x45, 0x7c, 
    0x7e, 0xc5, 0xc5, 0x05, 0x40, 0xfe, 0xfa, 0x8f, 0xfd, 0x61, 0x41, 0x41, 0x0c, 0x96, 0x14, 0x96, 0x8a, 0x02, 0x9f, 0x8f, 
    0x01, 0x06, 0x00, 0x01, 0x00, 0x88, 0xff, 0xec, 0x03, 0xdc, 0x04, 0x3a, 0x00, 0x10, 0x00, 0x54, 0xb2, 0x0a, 0x11, 0x12, 
    0x11, 0x12, 0x39, 0x00, 0xb0, 0x00, 0x45, 0x58, 0xb0, 0x06, 0x2f, 0x1b, 0xb1, 0x06, 0x1a, 0x3e, 0x59, 0xb0, 0x00, 0x45, 
    0x58, 0xb0, 0x0d, 0x2f, 0x1b, 0xb1, 0x0d, 0x1a, 0x3e, 0x59, 0xb0, 0x00, 0x45, 0x58, 0xb0, 0x02, 0x2f, 0x1b, 0xb1, 0x02, 
    0x12, 0x3e, 0x59, 0xb0, 0x00, 0x45, 0x58, 0xb0, 0x10, 0x2f, 0x1b, 0xb1, 0x10, 0x12, 0x3e, 0x59, 0xb2, 0x00, 0x0d, 0x02, 
    0x11, 0x12, 0x39, 0xb0, 0x02, 0x10, 0xb1, 0x0a, 0x01, 0xb0, 0x0a, 0x2b, 0x58, 0x21, 0xd8, 0x1b, 0xf4, 0x59, 0x30, 0x31, 
    0x25, 0x06, 0x23, 0x22, 0x26, 0x27, 0x11, 0x33, 0x11, 0x14, 0x33, 0x32, 0x37, 0x11, 0x33, 0x11, 0x23, 0x03, 0x28, 0x6c, 
    0xd1, 0xad, 0xb5, 0x01, 0xb9, 0xc8, 0xd4, 0x46, 0xb9, 0xb0, 0x6b, 0x7f, 0xc9, 0xc5, 0x02, 0xc0, 0xfd, 0x45, 0xf6, 0x9e, 
    0x03, 0x13, 0xfb, 0xc6, 0x00, 0x01, 0x00, 0x21, 0x00, 0x00, 0x03, 0xba, 0x04, 0x3a, 0x00, 0x06, 0x00, 0x38, 0xb2, 0x00, 
    0x07, 0x08, 0x11, 0x12, 0x39, 0x00, 0xb0, 0x00, 0x45, 0x58, 0xb0, 0x01, 0x2f, 0x1b, 0xb1, 0x01, 0x1a, 0x3e, 0x59, 0xb0, 
    0x00, 0x45, 0x58, 0xb0, 0x05, 0x2f, 0x1b, 0xb1, 0x05, 0x1a, 0x3e, 0x59, 0xb0, 0x00, 0x45, 0x58, 0xb0, 0x03, 0x2f, 0x1b, 
    0xb1, 0x03, 0x12, 0x3e, 0x59, 0xb2, 0x00, 0x05, 0x03, 0x11, 0x12, 0x39, 0x30, 0x31, 0x25, 0x01, 0x33, 0x01, 0x23, 0x01, 
    0x33, 0x01, 0xf1, 0x01, 0x0c, 0xbd, 0xfe, 0x7c, 0x8d, 0xfe, 0x78, 0xbd, 0xfb, 0x03, 0x3f, 0xfb, 0xc6, 0x04, 0x3a, 0x00, 
    0x00, 0x01, 0x00, 0x2b, 0x00, 0x00, 0x05, 0xd3, 0x04, 0x3a, 0x00, 0x0c, 0x00, 0x60, 0xb2, 0x05, 0x0d, 0x0e, 0x11, 0x12, 
    0x39, 0x00, 0xb0, 0x00, 0x45, 0x58, 0xb0, 0x01, 0x2f, 0x1b, 0xb1, 0x01, 0x1a, 0x3e, 0x59, 0xb0, 0x00, 0x45, 0x58, 0xb0, 
    0x08, 0x2f, 0x1b, 0xb1, 0x08, 0x1a, 0x3e, 0x59, 0xb0, 0x00, 0x45, 0x58, 0xb0, 0x0b, 0x2f, 0x1b, 0xb1, 0x0b, 0x1a, 0x3e, 
    0x59, 0xb0, 0x00, 0x45, 0x58, 0xb0, 0x03, 0x2f, 0x1b, 0xb1, 0x03, 0x12, 0x3e, 0x59, 0xb0, 0x00, 0x45, 0x58, 0xb0, 0x06, 
    0x2f, 0x1b, 0xb1, 0x06, 0x12, 0x3e, 0x59, 0xb2, 0x00, 0x0b, 0x03, 0x11, 0x12, 0x39, 0xb2, 0x05, 0x0b, 0x03, 0x11, 0x12, 
    0x39, 0xb2, 0x0a, 0x0b, 0x03, 0x11, 0x12, 0x39, 0x30, 0x31, 0x25, 0x13, 0x33, 0x01, 0x23, 0x01, 0x01, 0x23, 0x01, 0x33, 
    0x13, 0x13, 0x33, 0x04, 0x4a, 0xd0, 0xb9, 0xfe, 0xc5, 0x96, 0xfe, 0xf9, 0xff, 0x00, 0x96, 0xfe, 0xc6, 0xb8, 0xd5, 0xfc, 
    0x95, 0xff, 0x03, 0x3b, 0xfb, 0xc6, 0x03, 0x34, 0xfc, 0xcc, 0x04, 0x3a, 0xfc, 0xd6, 0x03, 0x2a, 0x00, 0x01, 0x00, 0x29, 
    0x00, 0x00, 0x03, 0xca, 0x04, 0x3a, 0x00, 0x0b, 0x00, 0x53, 0x00, 0xb0, 0x00, 0x45, 0x58, 0xb0, 0x01, 0x2f, 0x1b, 0xb1, 
    0x01, 0x1a, 0x3e, 0x59, 0xb0, 0x00, 0x45, 0x58, 0xb0, 0x0a, 0x2f, 0x1b, 0xb1, 0x0a, 0x1a, 0x3e, 0x59, 0xb0, 0x00, 0x45, 
    0x58, 0xb0, 0x04, 0x2f, 0x1b, 0xb1, 0x04, 0x12, 0x3e, 0x59, 0xb0, 0x00, 0x45, 0x58, 0xb0, 0x07, 0x2f, 0x1b, 0xb1, 0x07, 
    0x12, 0x3e, 0x59, 0xb2, 0x00, 0x0a, 0x04, 0x11, 0x12, 0x39, 0xb2, 0x06, 0x0a, 0x04, 0x11, 0x12, 0x39, 0xb2, 0x03, 0x00, 
    0x06, 0x11, 0x12, 0x39, 0xb2, 0x09, 0x06, 0x00, 0x11, 0x12, 0x39, 0x30, 0x31, 0x01, 0x13, 0x33, 0x01, 0x01, 0x23, 0x03, 
    0x03, 0x23, 0x01, 0x01, 0x33, 0x01, 0xf7, 0xf0, 0xd8, 0xfe, 0x9e, 0x01, 0x6d, 0xd6, 0xfa, 0xfa, 0xd7, 0x01, 0x6d, 0xfe, 
    0x9e, 0xd6, 0x02, 0xaf, 0x01, 0x8b, 0xfd, 0xe9, 0xfd, 0xdd, 0x01, 0x95, 0xfe, 0x6b, 0x02, 0x23, 0x02, 0x17, 0x00, 0x01, 
    0x00, 0x16, 0xfe, 0x4b, 0x03, 0xb0, 0x04, 0x3a, 0x00, 0x0f, 0x00, 0x4a, 0xb2, 0x00, 0x10, 0x11, 0x11, 0x12, 0x39, 0x00, 
    0xb0, 0x00, 0x45, 0x58, 0xb0, 0x01, 0x2f, 0x1b, 0xb1, 0x01, 0x1a, 0x3e, 0x59, 0xb0, 0x00, 0x45, 0x58, 0xb0, 0x0e, 0x2f, 
    0x1b, 0xb1, 0x0e, 0x1a, 0x3e, 0x59, 0xb0, 0x00, 0x45, 0x58, 0xb0, 0x05, 0x2f, 0x1b, 0xb1, 0x05, 0x14, 0x3e, 0x59, 0xb2, 
    0x00, 0x0e, 0x05, 0x11, 0x12, 0x39, 0xb1, 0x09, 0x01, 0xb0, 0x0a, 0x2b, 0x58, 0x21, 0xd8, 0x1b, 0xf4, 0x59, 0xb0, 0x00, 
    0x10, 0xb0, 0x0d, 0xd0, 0x30, 0x31, 0x01, 0x13, 0x33, 0x01, 0x02, 0x23, 0x27, 0x27, 0x35, 0x17, 0x32, 0x36, 0x37, 0x37, 
    0x01, 0x33, 0x01, 0xee, 0xfc, 0xc6, 0xfe, 0x4d, 0x65, 0xdc, 0x23, 0x45, 0x32, 0x5e, 0x69, 0x22, 0x29, 0xfe, 0x7e, 0xca, 
    0x01, 0x0f, 0x03, 0x2b, 0xfb, 0x1f, 0xfe, 0xf2, 0x03, 0x0d, 0x96, 0x04, 0x4c, 0x65, 0x6e, 0x04, 0x2e, 0x00, 0x00, 0x01, 
    0x00, 0x58, 0x00, 0x00, 0x03, 0xb3, 0x04, 0x3a, 0x00, 0x09, 0x00, 0x46, 0x00, 0xb0, 0x00, 0x45, 0x58, 0xb0, 0x07, 0x2f, 
    0x1b, 0xb1, 0x07, 0x1a, 0x3e, 0x59, 0xb0, 0x00, 0x45, 0x58, 0xb0, 0x02, 0x2f, 0x1b, 0xb1, 0x02, 0x12, 0x3e, 0x59, 0xb1, 
    0x00, 0x01, 0xb0, 0x0a, 0x2b, 0x58, 0x21, 0xd8, 0x1b, 0xf4, 0x59, 0xb2, 0x04, 0x00, 0x02, 0x11, 0x12, 0x39, 0xb0, 0x07, 
    0x10, 0xb1, 0x05, 0x01, 0xb0, 0x0a, 0x2b, 0x58, 0x21, 0xd8, 0x1b, 0xf4, 0x59, 0xb2, 0x09, 0x05, 0x07, 0x11, 0x12, 0x39, 
    0x30, 0x31, 0x25, 0x21, 0x15, 0x21, 0x35, 0x01, 0x21, 0x35, 0x21, 0x15, 0x01, 0x3a, 0x02, 0x79, 0xfc, 0xa5, 0x02, 0x55, 
    0xfd, 0xb4, 0x03, 0x34, 0x97, 0x97, 0x88, 0x03, 0x19, 0x99, 0x83, 0x00, 0x00, 0x01, 0x00, 0x40, 0xfe, 0x92, 0x02, 0x9e, 
    0x06, 0x3d, 0x00, 0x18, 0x00, 0x32, 0xb2, 0x13, 0x19, 0x1a, 0x11, 0x12, 0x39, 0x00, 0xb0, 0x0d, 0x2f, 0xb0, 0x00, 0x2f, 
    0xb2, 0x07, 0x0d, 0x00, 0x11, 0x12, 0x39, 0xb0, 0x07, 0x2f, 0xb2, 0x1f, 0x07, 0x01, 0x5d, 0xb1, 0x06, 0x03, 0xb0, 0x0a, 
    0x2b, 0x58, 0x21, 0xd8, 0x1b, 0xf4, 0x59, 0xb2, 0x13, 0x06, 0x07, 0x11, 0x12, 0x39, 0x30, 0x31, 0x01, 0x26, 0x26, 0x35, 
    0x35, 0x34, 0x23, 0x35, 0x32, 0x35, 0x35, 0x36, 0x36, 0x37, 0x17, 0x06, 0x11, 0x15, 0x14, 0x07, 0x16, 0x15, 0x15, 0x12, 
    0x17, 0x02, 0x78, 0xb1, 0xb3, 0xd4, 0xd4, 0x02, 0xaf, 0xb3, 0x26, 0xd1, 0xa7, 0xa7, 0x03, 0xce, 0xfe, 0x92, 0x32, 0xe5, 
    0xbc, 0xc7, 0xf3, 0x91, 0xf2, 0xd0, 0xb7, 0xe1, 0x33, 0x73, 0x43, 0xfe, 0xe6, 0xca, 0xe3, 0x59, 0x5a, 0xe5, 0xce, 0xfe, 
    0xed, 0x42, 0x00, 0x01, 0x00, 0xaf, 0xfe, 0xf2, 0x01, 0x44, 0x05, 0xb0, 0x00, 0x03, 0x00, 0x13, 0x00, 0xb0, 0x00, 0x2f, 
    0xb0, 0x00, 0x45, 0x58, 0xb0, 0x02, 0x2f, 0x1b, 0xb1, 0x02, 0x1e, 0x3e, 0x59, 0x30, 0x31, 0x01, 0x23, 0x11, 0x33, 0x01, 
    0x44, 0x95, 0x95, 0xfe, 0xf2, 0x06, 0xbe, 0x00, 0x00, 0x01, 0x00, 0x13, 0xfe, 0x92, 0x02, 0x72, 0x06, 0x3d, 0x00, 0x18, 
    0x00, 0x32, 0xb2, 0x05, 0x19, 0x1a, 0x11, 0x12, 0x39, 0x00, 0xb0, 0x0b, 0x2f, 0xb0, 0x18, 0x2f, 0xb2, 0x11, 0x0b, 0x18, 
    0x11, 0x12, 0x39, 0xb0, 0x11, 0x2f, 0xb2, 0x1f, 0x11, 0x01, 0x5d, 0xb1, 0x12, 0x03, 0xb0, 0x0a, 0x2b, 0x58, 0x21, 0xd8, 
    0x1b, 0xf4, 0x59, 0xb2, 0x05, 0x12, 0x11, 0x11, 0x12, 0x39, 0x30, 0x31, 0x17, 0x36, 0x13, 0x35, 0x34, 0x37, 0x26, 0x35, 
    0x35, 0x10, 0x27, 0x37, 0x16, 0x16, 0x17, 0x15, 0x14, 0x33, 0x15, 0x22, 0x15, 0x15, 0x14, 0x06, 0x07, 0x13, 0xcb, 0x07, 
    0xb5, 0xb5, 0xd1, 0x26, 0xb1, 0xb2, 0x01, 0xd4, 0xd4, 0xb5, 0xaf, 0xfb, 0x41, 0x01, 0x0a, 0xdc, 0xe7, 0x54, 0x52, 0xe9, 
    0xcb, 0x01, 0x1a, 0x43, 0x73, 0x32, 0xe1, 0xb9, 0xd2, 0xef, 0x91, 0xf3, 0xca, 0xbc, 0xe2, 0x32, 0x00, 0x01, 0x00, 0x83, 
    0x01, 0x92, 0x04, 0xef, 0x03, 0x22, 0x00, 0x17, 0x00, 0x44, 0xb2, 0x11, 0x18, 0x19, 0x11, 0x12, 0x39, 0x00, 0xb0, 0x00, 
    0x45, 0x58, 0xb0, 0x0f, 0x2f, 0x1b, 0xb1, 0x0f, 0x18, 0x3e, 0x59, 0xb0, 0x00, 0xd0, 0xb0, 0x0f, 0x10, 0xb0, 0x14, 0xd0, 
    0xb0, 0x14, 0x2f, 0xb1, 0x03, 0x01, 0xb0, 0x0a, 0x2b, 0x58, 0x21, 0xd8, 0x1b, 0xf4, 0x59, 0xb0, 0x0f, 0x10, 0xb1, 0x08, 
    0x01, 0xb0, 0x0a, 0x2b, 0x58, 0x21, 0xd8, 0x1b, 0xf4, 0x59, 0xb0, 0x03, 0x10, 0xb0, 0x0b, 0xd0, 0x30, 0x31, 0x01, 0x14, 
    0x06, 0x23, 0x22, 0x2e, 0x02, 0x23, 0x22, 0x06, 0x15, 0x07, 0x34, 0x36, 0x33, 0x32, 0x16, 0x16, 0x17, 0x17, 0x32, 0x36, 
    0x35, 0x04, 0xef, 0xbb, 0x89, 0x48, 0x80, 0xa9, 0x4a, 0x2a, 0x4e, 0x54, 0xa1, 0xb8, 0x8b, 0x4c, 0x8c, 0xb0, 0x40, 0x1d, 
    0x4c, 0x5f, 0x03, 0x09, 0x9e, 0xd9, 0x35, 0x94, 0x24, 0x6b, 0x5e, 0x02, 0xa0, 0xce, 0x40, 0xa1, 0x0a, 0x02, 0x74, 0x5f, 
    0x00, 0x02, 0x00, 0x82, 0x03, 0xc0, 0x02, 0x7c, 0x05, 0xc4, 0x00, 0x0b, 0x00, 0x16, 0x00, 0x31, 0x00, 0xb0, 0x00, 0x45, 
    0x58, 0xb0, 0x03, 0x2f, 0x1b, 0xb1, 0x03, 0x1e, 0x3e, 0x59, 0xb0, 0x0c, 0xd0, 0xb0, 0x0c, 0x2f, 0xb1, 0x09, 0x02, 0xb0, 
    0x0a, 0x2b, 0x58, 0x21, 0xd8, 0x1b, 0xf4, 0x59, 0xb0, 0x03, 0x10, 0xb1, 0x12, 0x02, 0xb0, 0x0a, 0x2b, 0x58, 0x21, 0xd8, 
    0x1b, 0xf4, 0x59, 0x30, 0x31, 0x13, 0x34, 0x36, 0x33, 0x32, 0x16, 0x15, 0x14, 0x06, 0x23, 0x22, 0x26, 0x17, 0x32, 0x36, 
    0x35, 0x34, 0x26, 0x23, 0x22, 0x06, 0x14, 0x16, 0x82, 0x95, 0x6a, 0x68, 0x93, 0x93, 0x68, 0x69, 0x96, 0xff, 0x36, 0x4a, 
    0x4a, 0x36, 0x37, 0x4b, 0x4b, 0x04, 0xc0, 0x68, 0x9c, 0x9b, 0x69, 0x6a, 0x96, 0x96, 0x16, 0x47, 0x39, 0x3a, 0x4b, 0x4f, 
    0x6c, 0x4a, 0x00, 0x01, 0x00, 0x42, 0x02, 0x9b, 0x02, 0xab, 0x05, 0xbb, 0x00, 0x16, 0x00, 0x56, 0xb2, 0x08, 0x17, 0x18, 
    0x11, 0x12, 0x39, 0x00, 0xb0, 0x00, 0x45, 0x58, 0xb0, 0x0e, 0x2f, 0x1b, 0xb1, 0x0e, 0x1e, 0x3e, 0x59, 0xb0, 0x00, 0x45, 
    0x58, 0xb0, 0x00, 0x2f, 0x1b, 0xb1, 0x00, 0x16, 0x3e, 0x59, 0xb1, 0x16, 0x02, 0xb0, 0x0a, 0x2b, 0x58, 0x21, 0xd8, 0x1b, 
    0xf4, 0x59, 0xb0, 0x02, 0xd0, 0xb2, 0x03, 0x0e, 0x16, 0x11, 0x12, 0x39, 0xb0, 0x0e, 0x10, 0xb1, 0x08, 0x02, 0xb0, 0x0a, 
    0x2b, 0x58, 0x21, 0xd8, 0x1b, 0xf4, 0x59, 0xb0, 0x0e, 0x10, 0xb0, 0x0b, 0xd0, 0xb2, 0x14, 0x16, 0x0e, 0x11, 0x12, 0x39, 
    0x30, 0x31, 0x01, 0x21, 0x35, 0x01, 0x36, 0x35, 0x34, 0x26, 0x23, 0x22, 0x06, 0x15, 0x23, 0x34, 0x36, 0x20, 0x16, 0x15, 
    0x14, 0x0f, 0x02, 0x21, 0x02, 0xab, 0xfd, 0xa9, 0x01, 0x2c, 0x6d, 0x40, 0x3c, 0x4b, 0x47, 0x9d, 0xa7, 0x01, 0x08, 0x9a, 
    0x6b, 0x54, 0xb0, 0x01, 0x8f, 0x02, 0x9b, 0x6c, 0x01, 0x1a, 0x66, 0x45, 0x31, 0x3d, 0x4c, 0x39, 0x72, 0x94, 0x7f, 0x6e, 
    0x68, 0x6b, 0x4f, 0x91, 0x00, 0x01, 0x00, 0x3e, 0x02, 0x90, 0x02, 0x9a, 0x05, 0xbb, 0x00, 0x26, 0x00, 0x8c, 0xb2, 0x20, 
    0x27, 0x28, 0x11, 0x12, 0x39, 0x00, 0xb0, 0x00, 0x45, 0x58, 0xb0, 0x0e, 0x2f, 0x1b, 0xb1, 0x0e, 0x1e, 0x3e, 0x59, 0xb0, 
    0x00, 0x45, 0x58, 0xb0, 0x19, 0x2f, 0x1b, 0xb1, 0x19, 0x16, 0x3e, 0x59, 0xb2, 0x00, 0x19, 0x0e, 0x11, 0x12, 0x39, 0xb0, 
    0x00, 0x2f, 0xb6, 0x6f, 0x00, 0x7f, 0x00, 0x8f, 0x00, 0x03, 0x5d, 0xb2, 0x3f, 0x00, 0x01, 0x71, 0xb6, 0x0f, 0x00, 0x1f, 
    0x00, 0x2f, 0x00, 0x03, 0x5d, 0xb2, 0x5f, 0x00, 0x01, 0x72, 0xb0, 0x0e, 0x10, 0xb1, 0x07, 0x02, 0xb0, 0x0a, 0x2b, 0x58, 
    0x21, 0xd8, 0x1b, 0xf4, 0x59, 0xb2, 0x0a, 0x0e, 0x19, 0x11, 0x12, 0x39, 0xb0, 0x00, 0x10, 0xb1, 0x26, 0x04, 0xb0, 0x0a, 
    0x2b, 0x58, 0x21, 0xd8, 0x1b, 0xf4, 0x59, 0xb2, 0x14, 0x26, 0x00, 0x11, 0x12, 0x39, 0xb2, 0x1d, 0x19, 0x0e, 0x11, 0x12, 
    0x39, 0xb0, 0x19, 0x10, 0xb1, 0x20, 0x02, 0xb0, 0x0a, 0x2b, 0x58, 0x21, 0xd8, 0x1b, 0xf4, 0x59, 0x30, 0x31, 0x01, 0x33, 
    0x32, 0x36, 0x35, 0x34, 0x26, 0x23, 0x22, 0x06, 0x15, 0x23, 0x34, 0x36, 0x33, 0x32, 0x16, 0x15, 0x14, 0x06, 0x07, 0x16, 
    0x15, 0x14, 0x06, 0x23, 0x22, 0x26, 0x35, 0x33, 0x14, 0x16, 0x33, 0x32, 0x36, 0x35, 0x34, 0x27, 0x23, 0x01, 0x09, 0x54, 
    0x4a, 0x48, 0x3f, 0x46, 0x39, 0x4b, 0x9d, 0xa3, 0x7c, 0x89, 0x9c, 0x46, 0x42, 0x95, 0xaa, 0x88, 0x84, 0xa6, 0x9e, 0x4f, 
    0x43, 0x46, 0x49, 0x9c, 0x58, 0x04, 0x66, 0x3d, 0x30, 0x2d, 0x3a, 0x33, 0x29, 0x62, 0x7b, 0x79, 0x68, 0x37, 0x5b, 0x19, 
    0x29, 0x8f, 0x6a, 0x7d, 0x7e, 0x6b, 0x2d, 0x3c, 0x3c, 0x33, 0x71, 0x02, 0x00, 0x01, 0x00, 0x7a, 0x02, 0x9b, 0x01, 0xef, 
    0x05, 0xb0, 0x00, 0x06, 0x00, 0x41, 0xb2, 0x01, 0x07, 0x08, 0x11, 0x12, 0x39, 0x00, 0xb0, 0x00, 0x45, 0x58, 0xb0, 0x05, 
    0x2f, 0x1b, 0xb1, 0x05, 0x1e, 0x3e, 0x59, 0xb0, 0x00, 0x45, 0x58, 0xb0, 0x00, 0x2f, 0x1b, 0xb1, 0x00, 0x16, 0x3e, 0x59, 
    0xb2, 0x04, 0x00, 0x05, 0x11, 0x12, 0x39, 0xb0, 0x04, 0x2f, 0xb1, 0x03, 0x02, 0xb0, 0x0a, 0x2b, 0x58, 0x21, 0xd8, 0x1b, 
    0xf4, 0x59, 0xb2, 0x02, 0x03, 0x05, 0x11, 0x12, 0x39, 0x30, 0x31, 0x01, 0x23, 0x11, 0x07, 0x35, 0x25, 0x33, 0x01, 0xef, 
    0x9d, 0xd8, 0x01, 0x63, 0x12, 0x02, 0x9b, 0x02, 0x59, 0x39, 0x80, 0x75, 0x00, 0x01, 0x00, 0x8a, 0x02, 0x17, 0x02, 0x22, 
    0x03, 0xcb, 0x00, 0x0d, 0x00, 0x17, 0xb2, 0x0a, 0x0e, 0x0f, 0x11, 0x12, 0x39, 0x00, 0xb0, 0x03, 0x2f, 0xb0, 0x0a, 0xb0, 
    0x0a, 0x2b, 0x58, 0xd8, 0x1b, 0xdc, 0x59, 0x30, 0x31, 0x13, 0x34, 0x36, 0x33, 0x32, 0x16, 0x15, 0x15, 0x14, 0x06, 0x23, 
    0x22, 0x26, 0x35, 0x8a, 0x6f, 0x5c, 0x5b, 0x72, 0x6e, 0x5e, 0x5d, 0x6f, 0x03, 0x04, 0x57, 0x70, 0x6d, 0x5d, 0x25, 0x57, 
    0x6e, 0x6f, 0x58, 0x00, 0x00, 0x01, 0x00, 0x3b, 0x00, 0x6e, 0x03, 0x6a, 0x05, 0x22, 0x00, 0x03, 0x00, 0x09, 0x00, 0xb0, 
    0x00, 0x2f, 0xb0, 0x02, 0x2f, 0x30, 0x31, 0x37, 0x27, 0x01, 0x17, 0xa3, 0x68, 0x02, 0xc7, 0x68, 0x6e, 0x42, 0x04, 0x72, 
    0x42, 0x00, 0x00, 0x02, 0x00, 0x1f, 0x00, 0x00, 0x03, 0xcd, 0x06, 0x15, 0x00, 0x15, 0x00, 0x19, 0x00, 0x85, 0xb2, 0x08, 
    0x1a, 0x1b, 0x11, 0x12, 0x39, 0xb0, 0x08, 0x10, 0xb0, 0x17, 0xd0, 0x00, 0xb0, 0x00, 0x45, 0x58, 0xb0, 0x08, 0x2f, 0x1b, 
    0xb1, 0x08, 0x20, 0x3e, 0x59, 0xb0, 0x00, 0x45, 0x58, 0xb0, 0x03, 0x2f, 0x1b, 0xb1, 0x03, 0x1a, 0x3e, 0x59, 0xb0, 0x00, 
    0x45, 0x58, 0xb0, 0x11, 0x2f, 0x1b, 0xb1, 0x11, 0x1a, 0x3e, 0x59, 0xb0, 0x00, 0x45, 0x58, 0xb0, 0x18, 0x2f, 0x1b, 0xb1, 
    0x18, 0x1a, 0x3e, 0x59, 0xb0, 0x00, 0x45, 0x58, 0xb0, 0x00, 0x2f, 0x1b, 0xb1, 0x00, 0x12, 0x3e, 0x59, 0xb0, 0x00, 0x45, 
    0x58, 0xb0, 0x16, 0x2f, 0x1b, 0xb1, 0x16, 0x12, 0x3e, 0x59, 0xb0, 0x03, 0x10, 0xb1, 0x01, 0x01, 0xb0, 0x0a, 0x2b, 0x58, 
    0x21, 0xd8, 0x1b, 0xf4, 0x59, 0xb0, 0x08, 0x10, 0xb1, 0x0d, 0x01, 0xb0, 0x0a, 0x2b, 0x58, 0x21, 0xd8, 0x1b, 0xf4, 0x59, 
    0xb0, 0x01, 0x10, 0xb0, 0x13, 0xd0, 0xb0, 0x14, 0xd0, 0x30, 0x31, 0x33, 0x11, 0x23, 0x35, 0x33, 0x35, 0x34, 0x36, 0x33, 
    0x32, 0x17, 0x07, 0x26, 0x23, 0x22, 0x06, 0x15, 0x15, 0x33, 0x15, 0x23, 0x11, 0x21, 0x23, 0x11, 0x33, 0xca, 0xab, 0xab, 
    0xcf, 0xbd, 0x70, 0xab, 0x1f, 0x7d, 0x71, 0x77, 0x69, 0xdd, 0xdd, 0x02, 0x49, 0xba, 0xba, 0x03, 0xab, 0x8f, 0x5c, 0xb5, 
    0xca, 0x3d, 0x9c, 0x32, 0x6b, 0x6b, 0x5e, 0x8f, 0xfc, 0x55, 0x04, 0x3a, 0x00, 0x01, 0x00, 0x3c, 0x00, 0x00, 0x03, 0xe9, 
    0x06, 0x15, 0x00, 0x16, 0x00, 0x5e, 0x00, 0xb0, 0x00, 0x45, 0x58, 0xb0, 0x12, 0x2f, 0x1b, 0xb1, 0x12, 0x20, 0x3e, 0x59, 
    0xb0, 0x00, 0x45, 0x58, 0xb0, 0x06, 0x2f, 0x1b, 0xb1, 0x06, 0x1a, 0x3e, 0x59, 0xb0, 0x00, 0x45, 0x58, 0xb0, 0x09, 0x2f, 
    0x1b, 0xb1, 0x09, 0x12, 0x3e, 0x59, 0xb0, 0x00, 0x45, 0x58, 0xb0, 0x16, 0x2f, 0x1b, 0xb1, 0x16, 0x12, 0x3e, 0x59, 0xb0, 
    0x12, 0x10, 0xb1, 0x02, 0x01, 0xb0, 0x0a, 0x2b, 0x58, 0x21, 0xd8, 0x1b, 0xf4, 0x59, 0xb0, 0x06, 0x10, 0xb1, 0x07, 0x01, 
    0xb0, 0x0a, 0x2b, 0x58, 0x21, 0xd8, 0x1b, 0xf4, 0x59, 0xb0, 0x0b, 0xd0, 0xb0, 0x06, 0x10, 0xb0, 0x0e, 0xd0, 0x30, 0x31, 
    0x01, 0x26, 0x23, 0x22, 0x15, 0x15, 0x33, 0x15, 0x23, 0x11, 0x23, 0x11, 0x23, 0x35, 0x33, 0x35, 0x36, 0x36, 0x33, 0x32, 
    0x05, 0x11, 0x23, 0x03, 0x30, 0x7c, 0x4c, 0xc8, 0xe7, 0xe7, 0xb9, 0xab, 0xab, 0x01, 0xc0, 0xb1, 0x65, 0x01, 0x2b, 0xb9, 
    0x05, 0x63, 0x14, 0xd2, 0x6b, 0x8f, 0xfc, 0x55, 0x03, 0xab, 0x8f, 0x76, 0xad, 0xb8, 0x3d, 0xfa, 0x28, 0x00, 0x00, 0x02, 
    0x00, 0x3c, 0x00, 0x00, 0x06, 0x32, 0x06, 0x15, 0x00, 0x27, 0x00, 0x2b, 0x00, 0x9f, 0x00, 0xb0, 0x00, 0x45, 0x58, 0xb0, 
    0x16, 0x2f, 0x1b, 0xb1, 0x16, 0x20, 0x3e, 0x59, 0xb0, 0x00, 0x45, 0x58, 0xb0, 0x08, 0x2f, 0x1b, 0xb1, 0x08, 0x20, 0x3e, 
    0x59, 0xb0, 0x00, 0x45, 0x58, 0xb0, 0x20, 0x2f, 0x1b, 0xb1, 0x20, 0x1a, 0x3e, 0x59, 0xb0, 0x00, 0x45, 0x58, 0xb0, 0x12, 
    0x2f, 0x1b, 0xb1, 0x12, 0x1a, 0x3e, 0x59, 0xb0, 0x00, 0x45, 0x58, 0xb0, 0x04, 0x2f, 0x1b, 0xb1, 0x04, 0x1a, 0x3e, 0x59, 
    0xb0, 0x00, 0x45, 0x58, 0xb0, 0x2a, 0x2f, 0x1b, 0xb1, 0x2a, 0x1a, 0x3e, 0x59, 0xb0, 0x00, 0x45, 0x58, 0xb0, 0x29, 0x2f, 
    0x1b, 0xb1, 0x29, 0x12, 0x3e, 0x59, 0xb0, 0x00, 0x45, 0x58, 0xb0, 0x23, 0x2f, 0x1b, 0xb1, 0x23, 0x12, 0x3e, 0x59, 0xb0, 
    0x00, 0x45, 0x58, 0xb0, 0x27, 0x2f, 0x1b, 0xb1, 0x27, 0x12, 0x3e, 0x59, 0xb0, 0x20, 0x10, 0xb1, 0x21, 0x01, 0xb0, 0x0a, 
    0x2b, 0x58, 0x21, 0xd8, 0x1b, 0xf4, 0x59, 0xb0, 0x25, 0xd0, 0xb0, 0x01, 0xd0, 0xb0, 0x08, 0x10, 0xb1, 0x0d, 0x01, 0xb0, 
    0x0a, 0x2b, 0x58, 0x21, 0xd8, 0x1b, 0xf4, 0x59, 0xb0, 0x1b, 0xd0, 0x30, 0x31, 0x33, 0x11, 0x23, 0x35, 0x33, 0x35, 0x34, 
    0x36, 0x33, 0x32, 0x17, 0x07, 0x26, 0x23, 0x22, 0x06, 0x15, 0x15, 0x21, 0x35, 0x34, 0x36, 0x33, 0x32, 0x17, 0x07, 0x26, 
    0x23, 0x22, 0x06, 0x15, 0x15, 0x33, 0x15, 0x23, 0x11, 0x23, 0x11, 0x21, 0x11, 0x21, 0x23, 0x11, 0x33, 0xe7, 0xab, 0xab, 
    0xba, 0xaa, 0x40, 0x3f, 0x0a, 0x2f, 0x35, 0x5a, 0x62, 0x01, 0x90, 0xcf, 0xbd, 0x70, 0xab, 0x1f, 0x7d, 0x72, 0x77, 0x69, 
    0xde, 0xde, 0xb9, 0xfe, 0x70, 0x04, 0x92, 0xb9, 0xb9, 0x03, 0xab, 0x8f, 0x6f, 0xae, 0xbe, 0x11, 0x96, 0x09, 0x69, 0x62, 
    0x72, 0x5c, 0xb5, 0xca, 0x3d, 0x9c, 0x32, 0x6a, 0x6c, 0x5e, 0x8f, 0xfc, 0x55, 0x03, 0xab, 0xfc, 0x55, 0x04, 0x3a, 0x00, 
    0x00, 0x01, 0x00, 0x3c, 0x00, 0x00, 0x06, 0x32, 0x06, 0x15, 0x00, 0x28, 0x00, 0x6c, 0x00, 0xb0, 0x00, 0x45, 0x58, 0xb0, 
    0x08, 0x2f, 0x1b, 0xb1, 0x08, 0x20, 0x3e, 0x59, 0xb0, 0x00, 0x45, 0x58, 0xb0, 0x21, 0x2f, 0x1b, 0xb1, 0x21, 0x1a, 0x3e, 
    0x59, 0xb0, 0x00, 0x45, 0x58, 0xb0, 0x28, 0x2f, 0x1b, 0xb1, 0x28, 0x12, 0x3e, 0x59, 0xb0, 0x21, 0x10, 0xb1, 0x22, 0x01, 
    0xb0, 0x0a, 0x2b, 0x58, 0x21, 0xd8, 0x1b, 0xf4, 0x59, 0xb0, 0x26, 0xd0, 0xb0, 0x01, 0xd0, 0xb0, 0x21, 0x10, 0xb0, 0x12, 
    0xd0, 0xb0, 0x04, 0xd0, 0xb0, 0x08, 0x10, 0xb1, 0x0d, 0x01, 0xb0, 0x0a, 0x2b, 0x58, 0x21, 0xd8, 0x1b, 0xf4, 0x59, 0xb0, 
    0x08, 0x10, 0xb0, 0x16, 0xd0, 0xb0, 0x28, 0x10, 0xb0, 0x25, 0xd0, 0xb0, 0x1a, 0xd0, 0xb0, 0x0d, 0x10, 0xb0, 0x1d, 0xd0, 
    0x30, 0x31, 0x33, 0x11, 0x23, 0x35, 0x33, 0x35, 0x34, 0x36, 0x33, 0x32, 0x17, 0x07, 0x26, 0x23, 0x22, 0x06, 0x15, 0x15, 
    0x21, 0x35, 0x36, 0x36, 0x33, 0x32, 0x05, 0x11, 0x23, 0x11, 0x26, 0x23, 0x22, 0x15, 0x15, 0x33, 0x15, 0x23, 0x11, 0x23, 
    0x11, 0x21, 0x11, 0xe7, 0xab, 0xab, 0xba, 0xaa, 0x40, 0x3f, 0x0a, 0x2f, 0x35, 0x5a, 0x62, 0x01, 0x90, 0x01, 0xc0, 0xb1, 
    0x65, 0x01, 0x2b, 0xb9, 0x7c, 0x4c, 0xc8, 0xe7, 0xe7, 0xb9, 0xfe, 0x70, 0x03, 0xab, 0x8f, 0x6f, 0xae, 0xbe, 0x11, 0x96, 
    0x09, 0x69, 0x62, 0x72, 0x76, 0xad, 0xb8, 0x3d, 0xfa, 0x28, 0x05, 0x63, 0x14, 0xd2, 0x6b, 0x8f, 0xfc, 0x55, 0x03, 0xab, 
    0xfc, 0x55, 0x00, 0x01, 0x00, 0x42, 0x00, 0x00, 0x02, 0xab, 0x03, 0x20, 0x00, 0x16, 0x00, 0x56, 0xb2, 0x08, 0x17, 0x18, 
    0x11, 0x12, 0x39, 0x00, 0xb0, 0x00, 0x45, 0x58, 0xb0, 0x0e, 0x2f, 0x1b, 0xb1, 0x0e, 0x18, 0x3e, 0x59, 0xb0, 0x00, 0x45, 
    0x58, 0xb0, 0x00, 0x2f, 0x1b, 0xb1, 0x00, 0x12, 0x3e, 0x59, 0xb1, 0x15, 0x02, 0xb0, 0x0a, 0x2b, 0x58, 0x21, 0xd8, 0x1b, 
    0xf4, 0x59, 0xb0, 0x02, 0xd0, 0xb2, 0x14, 0x15, 0x0e, 0x11, 0x12, 0x39, 0xb2, 0x03, 0x0e, 0x14, 0x11, 0x12, 0x39, 0xb0, 
    0x0e, 0x10, 0xb1, 0x08, 0x02, 0xb0, 0x0a, 0x2b, 0x58, 0x21, 0xd8, 0x1b, 0xf4, 0x59, 0xb0, 0x0e, 0x10, 0xb0, 0x0b, 0xd0, 
    0x30, 0x31, 0x21, 0x21, 0x35, 0x01, 0x36, 0x35, 0x34, 0x26, 0x23, 0x22, 0x06, 0x15, 0x23, 0x34, 0x36, 0x20, 0x16, 0x15, 
    0x14, 0x0f, 0x02, 0x21, 0x02, 0xab, 0xfd, 0xa9, 0x01, 0x2c, 0x6d, 0x40, 0x3c, 0x4b, 0x47, 0x9d, 0xa7, 0x01, 0x08, 0x9a, 
    0x6b, 0x54, 0xb0, 0x01, 0x8f, 0x6c, 0x01, 0x1a, 0x66, 0x45, 0x31, 0x3d, 0x4c, 0x39, 0x72, 0x94, 0x7f, 0x6e, 0x68, 0x6b, 
    0x4f, 0x91, 0x00, 0x01, 0x00, 0x7a, 0x00, 0x00, 0x01, 0xef, 0x03, 0x15, 0x00, 0x06, 0x00, 0x36, 0x00, 0xb0, 0x00, 0x45, 
    0x58, 0xb0, 0x05, 0x2f, 0x1b, 0xb1, 0x05, 0x18, 0x3e, 0x59, 0xb0, 0x00, 0x45, 0x58, 0xb0, 0x01, 0x2f, 0x1b, 0xb1, 0x01, 
    0x12, 0x3e, 0x59, 0xb2, 0x04, 0x05, 0x01, 0x11, 0x12, 0x39, 0xb0, 0x04, 0x2f, 0xb1, 0x03, 0x02, 0xb0, 0x0a, 0x2b, 0x58, 
    0x21, 0xd8, 0x1b, 0xf4, 0x59, 0xb0, 0x02, 0xd0, 0x30, 0x31, 0x21, 0x23, 0x11, 0x07, 0x35, 0x25, 0x33, 0x01, 0xef, 0x9d, 
    0xd8, 0x01, 0x63, 0x12, 0x02, 0x59, 0x39, 0x80, 0x75, 0x00, 0x00, 0x02, 0x00, 0x50, 0xff, 0xf5, 0x02, 0x9d, 0x03, 0x20, 
    0x00, 0x0d, 0x00, 0x17, 0x00, 0x48, 0xb2, 0x03, 0x18, 0x19, 0x11, 0x12, 0x39, 0xb0, 0x03, 0x10, 0xb0, 0x10, 0xd0, 0x00, 
    0xb0, 0x00, 0x45, 0x58, 0xb0, 0x0a, 0x2f, 0x1b, 0xb1, 0x0a, 0x18, 0x3e, 0x59, 0xb0, 0x00, 0x45, 0x58, 0xb0, 0x03, 0x2f, 
    0x1b, 0xb1, 0x03, 0x12, 0x3e, 0x59, 0xb0, 0x0a, 0x10, 0xb1, 0x10, 0x02, 0xb0, 0x0a, 0x2b, 0x58, 0x21, 0xd8, 0x1b, 0xf4, 
    0x59, 0xb0, 0x03, 0x10, 0xb1, 0x15, 0x02, 0xb0, 0x0a, 0x2b, 0x58, 0x21, 0xd8, 0x1b, 0xf4, 0x59, 0x30, 0x31, 0x01, 0x14, 
    0x06, 0x23, 0x22, 0x26, 0x27, 0x35, 0x34, 0x36, 0x33, 0x32, 0x16, 0x17, 0x27, 0x34, 0x23, 0x22, 0x07, 0x15, 0x14, 0x33, 
    0x32, 0x37, 0x02, 0x9d, 0x98, 0x8d, 0x8b, 0x9c, 0x01, 0x9b, 0x8b, 0x8d, 0x98, 0x02, 0x9d, 0x8a, 0x85, 0x04, 0x8b, 0x84, 
    0x04, 0x01, 0x45, 0xa2, 0xae, 0xac, 0xa0, 0x8e, 0xa3, 0xae, 0xac, 0x9d, 0x07, 0xc0, 0xb4, 0xb3, 0xc2, 0xb5, 0x00, 0x01, 
    0x00, 0x3e, 0xff, 0xf5, 0x02, 0x9a, 0x03, 0x20, 0x00, 0x26, 0x00, 0x74, 0x00, 0xb0, 0x00, 0x45, 0x58, 0xb0, 0x0e, 0x2f, 
    0x1b, 0xb1, 0x0e, 0x18, 0x3e, 0x59, 0xb0, 0x00, 0x45, 0x58, 0xb0, 0x19, 0x2f, 0x1b, 0xb1, 0x19, 0x12, 0x3e, 0x59, 0xb2, 
    0x00, 0x19, 0x0e, 0x11, 0x12, 0x39, 0x7c, 0xb0, 0x00, 0x2f, 0x18, 0xb6, 0x80, 0x00, 0x90, 0x00, 0xa0, 0x00, 0x03, 0x5d, 
    0xb0, 0x0e, 0x10, 0xb1, 0x07, 0x02, 0xb0, 0x0a, 0x2b, 0x58, 0x21, 0xd8, 0x1b, 0xf4, 0x59, 0xb2, 0x0a, 0x00, 0x07, 0x11, 
    0x12, 0x39, 0xb0, 0x00, 0x10, 0xb1, 0x26, 0x02, 0xb0, 0x0a, 0x2b, 0x58, 0x21, 0xd8, 0x1b, 0xf4, 0x59, 0xb2, 0x14, 0x26, 
    0x00, 0x11, 0x12, 0x39, 0xb0, 0x19, 0x10, 0xb1, 0x20, 0x02, 0xb0, 0x0a, 0x2b, 0x58, 0x21, 0xd8, 0x1b, 0xf4, 0x59, 0xb2, 
    0x1d, 0x26, 0x20, 0x11, 0x12, 0x39, 0x30, 0x31, 0x01, 0x33, 0x32, 0x36, 0x35, 0x34, 0x26, 0x23, 0x22, 0x06, 0x15, 0x23, 
    0x34, 0x36, 0x33, 0x32, 0x16, 0x15, 0x14, 0x06, 0x07, 0x16, 0x15, 0x14, 0x06, 0x23, 0x22, 0x26, 0x35, 0x33, 0x14, 0x16, 
    0x33, 0x32, 0x36, 0x35, 0x34, 0x27, 0x23, 0x01, 0x09, 0x54, 0x4a, 0x48, 0x3f, 0x46, 0x39, 0x4b, 0x9d, 0xa3, 0x7c, 0x89, 
    0x9c, 0x46, 0x42, 0x95, 0xaa, 0x88, 0x84, 0xa6, 0x9e, 0x4f, 0x43, 0x46, 0x49, 0x9c, 0x58, 0x01, 0xcb, 0x3d, 0x30, 0x2d, 
    0x3a, 0x33, 0x29, 0x62, 0x7b, 0x79, 0x68, 0x37, 0x5b, 0x19, 0x29, 0x8f, 0x6a, 0x7d, 0x7e, 0x6b, 0x2d, 0x3c, 0x3c, 0x33, 
    0x71, 0x02, 0x00, 0x02, 0x00, 0x36, 0x00, 0x00, 0x02, 0xbb, 0x03, 0x15, 0x00, 0x0a, 0x00, 0x0e, 0x00, 0x4a, 0x00, 0xb0, 
    0x00, 0x45, 0x58, 0xb0, 0x09, 0x2f, 0x1b, 0xb1, 0x09, 0x18, 0x3e, 0x59, 0xb0, 0x00, 0x45, 0x58, 0xb0, 0x04, 0x2f, 0x1b, 
    0xb1, 0x04, 0x12, 0x3e, 0x59, 0xb2, 0x01, 0x09, 0x04, 0x11, 0x12, 0x39, 0xb0, 0x01, 0x2f, 0xb1, 0x02, 0x02, 0xb0, 0x0a, 
    0x2b, 0x58, 0x21, 0xd8, 0x1b, 0xf4, 0x59, 0xb0, 0x06, 0xd0, 0xb0, 0x01, 0x10, 0xb0, 0x0b, 0xd0, 0xb2, 0x08, 0x0b, 0x06, 
    0x11, 0x12, 0x39, 0xb2, 0x0d, 0x09, 0x04, 0x11, 0x12, 0x39, 0x30, 0x31, 0x01, 0x33, 0x15, 0x23, 0x15, 0x23, 0x35, 0x21, 
    0x27, 0x01, 0x33, 0x01, 0x33, 0x11, 0x07, 0x02, 0x50, 0x6b, 0x6b, 0x9d, 0xfe, 0x89, 0x06, 0x01, 0x79, 0xa1, 0xfe, 0x84, 
    0xdf, 0x11, 0x01, 0x2b, 0x82, 0xa9, 0xa9, 0x66, 0x02, 0x06, 0xfe, 0x16, 0x01, 0x21, 0x1c, 0x00, 0x00, 0x01, 0x00, 0x5b, 
    0xff, 0xf5, 0x02, 0xa7, 0x03, 0x15, 0x00, 0x1b, 0x00, 0x64, 0x00, 0xb0, 0x00, 0x45, 0x58, 0xb0, 0x01, 0x2f, 0x1b, 0xb1, 
    0x01, 0x18, 0x3e, 0x59, 0xb0, 0x00, 0x45, 0x58, 0xb0, 0x0d, 0x2f, 0x1b, 0xb1, 0x0d, 0x12, 0x3e, 0x59, 0xb0, 0x01, 0x10, 
    0xb1, 0x04, 0x09, 0xb0, 0x0a, 0x2b, 0x58, 0x21, 0xd8, 0x1b, 0xf4, 0x59, 0xb2, 0x07, 0x0d, 0x01, 0x11, 0x12, 0x39, 0xb0, 
    0x07, 0x2f, 0xb1, 0x19, 0x02, 0xb0, 0x0a, 0x2b, 0x58, 0x21, 0xd8, 0x1b, 0xf4, 0x59, 0xb2, 0x05, 0x07, 0x19, 0x11, 0x12, 
    0x39, 0xb0, 0x0d, 0x10, 0xb0, 0x11, 0xd0, 0xb0, 0x0d, 0x10, 0xb1, 0x13, 0x02, 0xb0, 0x0a, 0x2b, 0x58, 0x21, 0xd8, 0x1b, 
    0xf4, 0x59, 0xb0, 0x07, 0x10, 0xb0, 0x1b, 0xd0, 0x30, 0x31, 0x13, 0x13, 0x21, 0x15, 0x21, 0x07, 0x36, 0x33, 0x32, 0x16, 
    0x15, 0x14, 0x06, 0x23, 0x22, 0x26, 0x27, 0x33, 0x16, 0x33, 0x32, 0x36, 0x35, 0x34, 0x26, 0x23, 0x22, 0x07, 0x70, 0x32, 
    0x01, 0xde, 0xfe, 0xa3, 0x16, 0x41, 0x4a, 0x80, 0x8f, 0xa0, 0x86, 0x79, 0xa7, 0x06, 0x9b, 0x0a, 0x81, 0x41, 0x48, 0x4e, 
    0x4a, 0x49, 0x3b, 0x01, 0x83, 0x01, 0x92, 0x84, 0xaa, 0x1d, 0x89, 0x79, 0x7c, 0x91, 0x7e, 0x65, 0x63, 0x4b, 0x44, 0x3e, 
    0x4d, 0x2b, 0x00, 0x02, 0x00, 0x56, 0xff, 0xf5, 0x02, 0xab, 0x03, 0x1e, 0x00, 0x13, 0x00, 0x1f, 0x00, 0x51, 0x00, 0xb0, 
    0x00, 0x45, 0x58, 0xb0, 0x00, 0x2f, 0x1b, 0xb1, 0x00, 0x18, 0x3e, 0x59, 0xb0, 0x00, 0x45, 0x58, 0xb0, 0x0c, 0x2f, 0x1b, 
    0xb1, 0x0c, 0x12, 0x3e, 0x59, 0xb0, 0x00, 0x10, 0xb1, 0x01, 0x02, 0xb0, 0x0a, 0x2b, 0x58, 0x21, 0xd8, 0x1b, 0xf4, 0x59, 
    0xb2, 0x06, 0x0c, 0x00, 0x11, 0x12, 0x39, 0xb0, 0x06, 0x2f, 0xb1, 0x14, 0x02, 0xb0, 0x0a, 0x2b, 0x58, 0x21, 0xd8, 0x1b, 
    0xf4, 0x59, 0xb0, 0x0c, 0x10, 0xb1, 0x1b, 0x02, 0xb0, 0x0a, 0x2b, 0x58, 0x21, 0xd8, 0x1b, 0xf4, 0x59, 0x30, 0x31, 0x01, 
    0x15, 0x23, 0x04, 0x07, 0x36, 0x33, 0x32, 0x16, 0x15, 0x14, 0x06, 0x23, 0x22, 0x26, 0x35, 0x35, 0x34, 0x36, 0x37, 0x03, 
    0x22, 0x06, 0x07, 0x15, 0x14, 0x16, 0x33, 0x32, 0x36, 0x34, 0x26, 0x02, 0x28, 0x11, 0xfe, 0xf4, 0x17, 0x48, 0x72, 0x76, 
    0x87, 0x9f, 0x84, 0x8b, 0xa7, 0xde, 0xcd, 0x7e, 0x33, 0x4d, 0x11, 0x53, 0x3f, 0x3d, 0x4e, 0x47, 0x03, 0x1e, 0x83, 0x02, 
    0xdb, 0x4d, 0x91, 0x77, 0x74, 0x9a, 0xa6, 0x97, 0x33, 0xd0, 0xe4, 0x05, 0xfe, 0x6e, 0x2c, 0x20, 0x22, 0x54, 0x55, 0x4f, 
    0x7c, 0x4c, 0x00, 0x01, 0x00, 0x3a, 0x00, 0x00, 0x02, 0xa5, 0x03, 0x15, 0x00, 0x06, 0x00, 0x33, 0x00, 0xb0, 0x00, 0x45, 
    0x58, 0xb0, 0x05, 0x2f, 0x1b, 0xb1, 0x05, 0x18, 0x3e, 0x59, 0xb0, 0x00, 0x45, 0x58, 0xb0, 0x02, 0x2f, 0x1b, 0xb1, 0x02, 
    0x12, 0x3e, 0x59, 0xb0, 0x05, 0x10, 0xb1, 0x04, 0x02, 0xb0, 0x0a, 0x2b, 0x58, 0x21, 0xd8, 0x1b, 0xf4, 0x59, 0xb2, 0x00, 
    0x05, 0x04, 0x11, 0x12, 0x39, 0x30, 0x31, 0x01, 0x01, 0x23, 0x01, 0x21, 0x35, 0x21, 0x02, 0xa5, 0xfe, 0xa3, 0xa6, 0x01, 
    0x5d, 0xfe, 0x3b, 0x02, 0x6b, 0x02, 0xbb, 0xfd, 0x45, 0x02, 0x93, 0x82, 0x00, 0x03, 0x00, 0x4f, 0xff, 0xf5, 0x02, 0x9f, 
    0x03, 0x20, 0x00, 0x13, 0x00, 0x1e, 0x00, 0x28, 0x00, 0x7d, 0x00, 0xb0, 0x00, 0x45, 0x58, 0xb0, 0x11, 0x2f, 0x1b, 0xb1, 
    0x11, 0x18, 0x3e, 0x59, 0xb0, 0x00, 0x45, 0x58, 0xb0, 0x06, 0x2f, 0x1b, 0xb1, 0x06, 0x12, 0x3e, 0x59, 0xb2, 0x24, 0x06, 
    0x11, 0x11, 0x12, 0x39, 0xb0, 0x24, 0x2f, 0xb6, 0xdf, 0x24, 0xef, 0x24, 0xff, 0x24, 0x03, 0x5d, 0xb6, 0x0f, 0x24, 0x1f, 
    0x24, 0x2f, 0x24, 0x03, 0x5d, 0xb2, 0xff, 0x24, 0x01, 0x71, 0xb4, 0x0f, 0x24, 0x1f, 0x24, 0x02, 0x72, 0xb1, 0x17, 0x02, 
    0xb0, 0x0a, 0x2b, 0x58, 0x21, 0xd8, 0x1b, 0xf4, 0x59, 0xb2, 0x02, 0x24, 0x17, 0x11, 0x12, 0x39, 0xb2, 0x0c, 0x17, 0x24, 
    0x11, 0x12, 0x39, 0xb0, 0x06, 0x10, 0xb1, 0x1d, 0x02, 0xb0, 0x0a, 0x2b, 0x58, 0x21, 0xd8, 0x1b, 0xf4, 0x59, 0xb0, 0x11, 
    0x10, 0xb1, 0x1f, 0x02, 0xb0, 0x0a, 0x2b, 0x58, 0x21, 0xd8, 0x1b, 0xf4, 0x59, 0x30, 0x31, 0x01, 0x14, 0x07, 0x16, 0x15, 
    0x14, 0x06, 0x20, 0x26, 0x35, 0x34, 0x36, 0x37, 0x26, 0x35, 0x34, 0x36, 0x33, 0x32, 0x16, 0x03, 0x34, 0x26, 0x23, 0x22, 
    0x06, 0x15, 0x14, 0x16, 0x32, 0x36, 0x03, 0x22, 0x06, 0x15, 0x14, 0x16, 0x32, 0x36, 0x34, 0x26, 0x02, 0x8b, 0x77, 0x8b, 
    0xa0, 0xfe, 0xf0, 0xa0, 0x4a, 0x40, 0x77, 0x97, 0x7d, 0x7e, 0x97, 0x89, 0x4e, 0x3e, 0x3f, 0x4b, 0x4c, 0x7e, 0x4c, 0x8c, 
    0x37, 0x3f, 0x3f, 0x70, 0x3f, 0x40, 0x02, 0x43, 0x76, 0x37, 0x3b, 0x83, 0x6a, 0x79, 0x79, 0x6a, 0x42, 0x61, 0x1b, 0x37, 
    0x76, 0x67, 0x76, 0x76, 0xfe, 0x3a, 0x34, 0x3a, 0x3a, 0x34, 0x35, 0x3a, 0x3a, 0x01, 0xf0, 0x35, 0x30, 0x2e, 0x38, 0x38, 
    0x5c, 0x37, 0x00, 0x02, 0x00, 0x49, 0xff, 0xf9, 0x02, 0x95, 0x03, 0x20, 0x00, 0x12, 0x00, 0x1e, 0x00, 0x5d, 0x00, 0xb0, 
    0x00, 0x45, 0x58, 0xb0, 0x08, 0x2f, 0x1b, 0xb1, 0x08, 0x18, 0x3e, 0x59, 0xb0, 0x00, 0x45, 0x58, 0xb0, 0x0f, 0x2f, 0x1b, 
    0xb1, 0x0f, 0x12, 0x3e, 0x59, 0xb2, 0x02, 0x0f, 0x08, 0x11, 0x12, 0x39, 0xb0, 0x02, 0x2f, 0xb6, 0x0f, 0x02, 0x1f, 0x02, 
    0x2f, 0x02, 0x03, 0x5d, 0xb0, 0x0f, 0x10, 0xb1, 0x10, 0x02, 0xb0, 0x0a, 0x2b, 0x58, 0x21, 0xd8, 0x1b, 0xf4, 0x59, 0xb0, 
    0x02, 0x10, 0xb1, 0x13, 0x02, 0xb0, 0x0a, 0x2b, 0x58, 0x21, 0xd8, 0x1b, 0xf4, 0x59, 0xb0, 0x08, 0x10, 0xb1, 0x19, 0x02, 
    0xb0, 0x0a, 0x2b, 0x58, 0x21, 0xd8, 0x1b, 0xf4, 0x59, 0x30, 0x31, 0x01, 0x06, 0x23, 0x22, 0x26, 0x35, 0x34, 0x36, 0x33, 
    0x32, 0x16, 0x17, 0x15, 0x10, 0x05, 0x07, 0x35, 0x32, 0x36, 0x27, 0x32, 0x37, 0x35, 0x34, 0x26, 0x23, 0x22, 0x06, 0x15, 
    0x14, 0x16, 0x01, 0xf6, 0x45, 0x65, 0x76, 0x8d, 0xa3, 0x81, 0x89, 0x9c, 0x03, 0xfe, 0x73, 0x37, 0x96, 0x84, 0x7b, 0x5e, 
    0x2a, 0x4f, 0x3c, 0x3b, 0x4c, 0x4a, 0x01, 0x40, 0x41, 0x8a, 0x7e, 0x79, 0xa0, 0xa5, 0x94, 0x3d, 0xfe, 0x64, 0x14, 0x01, 
    0x7f, 0x62, 0x9e, 0x47, 0x3c, 0x53, 0x50, 0x54, 0x43, 0x41, 0x4e, 0x00, 0xff, 0xff, 0x00, 0x50, 0x02, 0x8d, 0x02, 0x9d, 
    0x05, 0xb8, 0x03, 0x07, 0x00, 0x6c, 0x00, 0x00, 0x02, 0x98, 0x00, 0x13, 0x00, 0xb0, 0x00, 0x45, 0x58, 0xb0, 0x0a, 0x2f, 
    0x1b, 0xb1, 0x0a, 0x1e, 0x3e, 0x59, 0xb0, 0x10, 0xd0, 0x30, 0x31, 0x00, 0xff, 0xff, 0x00, 0x36, 0x02, 0x98, 0x02, 0xbb, 
    0x05, 0xad, 0x03, 0x07, 0x00, 0x6e, 0x00, 0x00, 0x02, 0x98, 0x00, 0x13, 0x00, 0xb0, 0x00, 0x45, 0x58, 0xb0, 0x09, 0x2f, 
    0x1b, 0xb1, 0x09, 0x1e, 0x3e, 0x59, 0xb0, 0x0d, 0xd0, 0x30, 0x31, 0x00, 0xff, 0xff, 0x00, 0x5b, 0x02, 0x8d, 0x02, 0xa7, 
    0x05, 0xad, 0x03, 0x07, 0x00, 0x6f, 0x00, 0x00, 0x02, 0x98, 0x00, 0x10, 0x00, 0xb0, 0x00, 0x45, 0x58, 0xb0, 0x01, 0x2f, 
    0x1b, 0xb1, 0x01, 0x1e, 0x3e, 0x59, 0x30, 0x31, 0xff, 0xff, 0x00, 0x56, 0x02, 0x8d, 0x02, 0xab, 0x05, 0xb6, 0x03, 0x07, 
    0x00, 0x70, 0x00, 0x00, 0x02, 0x98, 0x00, 0x13, 0x00, 0xb0, 0x00, 0x45, 0x58, 0xb0, 0x00, 0x2f, 0x1b, 0xb1, 0x00, 0x1e, 
    0x3e, 0x59, 0xb0, 0x14, 0xd0, 0x30, 0x31, 0x00, 0xff, 0xff, 0x00, 0x3a, 0x02, 0x98, 0x02, 0xa5, 0x05, 0xad, 0x03, 0x07, 
    0x00, 0x71, 0x00, 0x00, 0x02, 0x98, 0x00, 0x10, 0x00, 0xb0, 0x00, 0x45, 0x58, 0xb0, 0x05, 0x2f, 0x1b, 0xb1, 0x05, 0x1e, 
    0x3e, 0x59, 0x30, 0x31, 0xff, 0xff, 0x00, 0x4f, 0x02, 0x8d, 0x02, 0x9f, 0x05, 0xb8, 0x03, 0x07, 0x00, 0x72, 0x00, 0x00, 
    0x02, 0x98, 0x00, 0x19, 0x00, 0xb0, 0x00, 0x45, 0x58, 0xb0, 0x11, 0x2f, 0x1b, 0xb1, 0x11, 0x1e, 0x3e, 0x59, 0xb0, 0x17, 
    0xd0, 0xb0, 0x11, 0x10, 0xb0, 0x1f, 0xd0, 0x30, 0x31, 0x00, 0xff, 0xff, 0x00, 0x49, 0x02, 0x91, 0x02, 0x95, 0x05, 0xb8, 
    0x03, 0x07, 0x00, 0x73, 0x00, 0x00, 0x02, 0x98, 0x00, 0x13, 0x00, 0xb0, 0x00, 0x45, 0x58, 0xb0, 0x08, 0x2f, 0x1b, 0xb1, 
    0x08, 0x1e, 0x3e, 0x59, 0xb0, 0x19, 0xd0, 0x30, 0x31, 0x00, 0x00, 0x00, 0x00, 0x00, 0x00, 0x07, 0x00, 0x5a, 0x00, 0x03, 
    0x00, 0x01, 0x04, 0x09, 0x00, 0x00, 0x00, 0x5e, 0x00, 0x00, 0x00, 0x03, 0x00, 0x01, 0x04, 0x09, 0x00, 0x01, 0x00, 0x0c, 
    0x00, 0x5e, 0x00, 0x03, 0x00, 0x01, 0x04, 0x09, 0x00, 0x02, 0x00, 0x0e, 0x00, 0x6a, 0x00, 0x03, 0x00, 0x01, 0x04, 0x09, 
    0x00, 0x03, 0x00, 0x0c, 0x00, 0x5e, 0x00, 0x03, 0x00, 0x01, 0x04, 0x09, 0x00, 0x04, 0x00, 0x0c, 0x00, 0x5e, 0x00, 0x03, 
    0x00, 0x01, 0x04, 0x09, 0x00, 0x05, 0x00, 0x26, 0x00, 0x78, 0x00, 0x03, 0x00, 0x01, 0x04, 0x09, 0x00, 0x06, 0x00, 0x1c, 
    0x00, 0x9e, 0x00, 0x43, 0x00, 0x6f, 0x00, 0x70, 0x00, 0x79, 0x00, 0x72, 0x00, 0x69, 0x00, 0x67, 0x00, 0x68, 0x00, 0x74, 
    0x00, 0x20, 0x00, 0x32, 0x00, 0x30, 0x00, 0x31, 0x00, 0x31, 0x00, 0x20, 0x00, 0x47, 0x00, 0x6f, 0x00, 0x6f, 0x00, 0x67, 
    0x00, 0x6c, 0x00, 0x65, 0x00, 0x20, 0x00, 0x49, 0x00, 0x6e, 0x00, 0x63, 0x00, 0x2e, 0x00, 0x20, 0x00, 0x41, 0x00, 0x6c, 
    0x00, 0x6c, 0x00, 0x20, 0x00, 0x52, 0x00, 0x69, 0x00, 0x67, 0x00, 0x68, 0x00, 0x74, 0x00, 0x73, 0x00, 0x20, 0x00, 0x52, 
    0x00, 0x65, 0x00, 0x73, 0x00, 0x65, 0x00, 0x72, 0x00, 0x76, 0x00, 0x65, 0x00, 0x64, 0x00, 0x2e, 0x00, 0x52, 0x00, 0x6f, 
    0x00, 0x62, 0x00, 0x6f, 0x00, 0x74, 0x00, 0x6f, 0x00, 0x52, 0x00, 0x65, 0x00, 0x67, 0x00, 0x75, 0x00, 0x6c, 0x00, 0x61, 
    0x00, 0x72, 0x00, 0x56, 0x00, 0x65, 0x00, 0x72, 0x00, 0x73, 0x00, 0x69, 0x00, 0x6f, 0x00, 0x6e, 0x00, 0x20, 0x00, 0x32, 
    0x00, 0x2e, 0x00, 0x31, 0x00, 0x33, 0x00, 0x37, 0x00, 0x3b, 0x00, 0x20, 0x00, 0x32, 0x00, 0x30, 0x00, 0x31, 0x00, 0x37, 
    0x00, 0x52, 0x00, 0x6f, 0x00, 0x62, 0x00, 0x6f, 0x00, 0x74, 0x00, 0x6f, 0x00, 0x2d, 0x00, 0x52, 0x00, 0x65, 0x00, 0x67, 
    0x00, 0x75, 0x00, 0x6c, 0x00, 0x61, 0x00, 0x72, 0x00, 0x03, 0x00, 0x00, 0x00, 0x00, 0x00, 0x00, 0xff, 0x6a, 0x00, 0x64, 
    0x00, 0x00, 0x00, 0x00, 0x00, 0x00, 0x00, 0x00, 0x00, 0x00, 0x00, 0x00, 0x00, 0x00, 0x00, 0x00, 0x00, 0x00, 0x00, 0x00, 
    0x00, 0x01, 0x00, 0x02, 0x00, 0x08, 0x00, 0x02, 0xff, 0xff, 0x00, 0x0f, 0x00, 0x01, 0x00, 0x00, 0x00, 0x0c, 0x00, 0x00, 
    0x00, 0x00, 0x00, 0x00, 0x00, 0x02, 0x00, 0x03, 0x00, 0x22, 0x00, 0x3b, 0x00, 0x01, 0x00, 0x42, 0x00, 0x5b, 0x00, 0x01, 
    0x00, 0x66, 0x00, 0x69, 0x00, 0x02, 0x00, 0x00, 0x00, 0x01, 0x00, 0x00, 0x00, 0x0a, 0x00, 0x30, 0x00, 0x3e, 0x00, 0x04, 
    0x44, 0x46, 0x4c, 0x54, 0x00, 0x1a, 0x63, 0x79, 0x72, 0x6c, 0x00, 0x1a, 0x67, 0x72, 0x65, 0x6b, 0x00, 0x1a, 0x6c, 0x61, 
    0x74, 0x6e, 0x00, 0x1a, 0x00, 0x04, 0x00, 0x00, 0x00, 0x00, 0xff, 0xff, 0x00, 0x01, 0x00, 0x00, 0x00, 0x01, 0x6b, 0x65, 
    0x72, 0x6e, 0x00, 0x08, 0x00, 0x00, 0x00, 0x01, 0x00, 0x00, 0x00, 0x01, 0x00, 0x04, 0x00, 0x02, 0x00, 0x00, 0x00, 0x02, 
    0x00, 0x0a, 0x02, 0x18, 0x00, 0x01, 0x00, 0x42, 0x00, 0x04, 0x00, 0x00, 0x00, 0x1c, 0x00, 0x7e, 0x00, 0x84, 0x00, 0x84, 
    0x00, 0x8a, 0x00, 0x98, 0x00, 0x9e, 0x00, 0xac, 0x00, 0xba, 0x00, 0xc4, 0x01, 0x06, 0x01, 0x0c, 0x01, 0x12, 0x01, 0x18, 
    0x01, 0x2a, 0x01, 0x38, 0x01, 0x46, 0x01, 0x58, 0x01, 0x6a, 0x01, 0x90, 0x01, 0x96, 0x01, 0xa0, 0x01, 0xca, 0x01, 0xe0, 
    0x01, 0xee, 0x01, 0xfe, 0x01, 0xf4, 0x01, 0xfe, 0x02, 0x04, 0x00, 0x01, 0x00, 0x1c, 0x00, 0x01, 0x00, 0x03, 0x00, 0x08, 
    0x00, 0x09, 0x00, 0x10, 0x00, 0x22, 0x00, 0x24, 0x00, 0x26, 0x00, 0x27, 0x00, 0x2c, 0x00, 0x2d, 0x00, 0x31, 0x00, 0x32, 
    0x00, 0x33, 0x00, 0x35, 0x00, 0x37, 0x00, 0x38, 0x00, 0x3a, 0x00, 0x3b, 0x00, 0x3c, 0x00, 0x47, 0x00, 0x4c, 0x00, 0x53, 
    0x00, 0x55, 0x00, 0x57, 0x00, 0x58, 0x00, 0x5a, 0x00, 0x5c, 0x00, 0x01, 0x00, 0x35, 0xff, 0xd8, 0x00, 0x01, 0x00, 0x58, 
    0x00, 0x0b, 0x00, 0x03, 0x00, 0x37, 0x00, 0x14, 0x00, 0x38, 0x00, 0x12, 0x00, 0x3a, 0x00, 0x16, 0x00, 0x01, 0x00, 0x10, 
    0xff, 0x20, 0x00, 0x03, 0x00, 0x20, 0xff, 0xc3, 0x00, 0x55, 0xff, 0xef, 0x00, 0x58, 0xff, 0xdf, 0x00, 0x03, 0x00, 0x0a, 
    0xff, 0xe6, 0x00, 0x3e, 0xff, 0xf4, 0x00, 0x5e, 0xff, 0xef, 0x00, 0x02, 0x00, 0x47, 0xff, 0xee, 0x00, 0x58, 0xff, 0xea, 
    0x00, 0x10, 0x00, 0x0d, 0xff, 0x16, 0x00, 0x0f, 0xff, 0x16, 0x00, 0x22, 0xff, 0x56, 0x00, 0x2b, 0xfe, 0xf8, 0x00, 0x35, 
    0x00, 0x14, 0x00, 0x42, 0xff, 0xde, 0x00, 0x44, 0xff, 0xeb, 0x00, 0x45, 0xff, 0xeb, 0x00, 0x46, 0xff, 0xeb, 0x00, 0x48, 
    0xff, 0xeb, 0x00, 0x50, 0xff, 0xeb, 0x00, 0x52, 0xff, 0xeb, 0x00, 0x53, 0xff, 0xe6, 0x00, 0x56, 0xff, 0xea, 0x00, 0x57, 
    0xff, 0xe8, 0x00, 0x5a, 0xff, 0xe8, 0x00, 0x01, 0x00, 0x58, 0xff, 0xc1, 0x00, 0x01, 0x00, 0x58, 0xff, 0xa4, 0x00, 0x01, 
    0x00, 0x55, 0x00, 0x0e, 0x00, 0x04, 0x00, 0x35, 0xff, 0xd5, 0x00, 0x37, 0xff, 0xe4, 0x00, 0x38, 0xff, 0xec, 0x00, 0x3a, 
    0xff, 0xdd, 0x00, 0x03, 0x00, 0x35, 0xff, 0xb0, 0x00, 0x37, 0xff, 0xed, 0x00, 0x3a, 0xff, 0xd0, 0x00, 0x03, 0x00, 0x01, 
    0xff, 0xd8, 0x00, 0x53, 0xff, 0xb5, 0x00, 0x58, 0xff, 0xc7, 0x00, 0x04, 0x00, 0x0a, 0x00, 0x14, 0x00, 0x3e, 0x00, 0x11, 
    0x00, 0x53, 0xff, 0xe2, 0x00, 0x5e, 0x00, 0x13, 0x00, 0x04, 0x00, 0x0a, 0x00, 0x0f, 0x00, 0x3e, 0x00, 0x0c, 0x00, 0x53, 
    0xff, 0xeb, 0x00, 0x5e, 0x00, 0x0e, 0x00, 0x09, 0x00, 0x07, 0xff, 0xe2, 0x00, 0x0a, 0x00, 0x14, 0x00, 0x0b, 0xff, 0xcf, 
    0x00, 0x3e, 0x00, 0x12, 0x00, 0x47, 0xff, 0xea, 0x00, 0x53, 0xff, 0xd8, 0x00, 0x55, 0xff, 0xea, 0x00, 0x5e, 0x00, 0x13, 
    0x00, 0x64, 0xff, 0xd3, 0x00, 0x01, 0x00, 0x58, 0xff, 0xe5, 0x00, 0x02, 0x00, 0x2b, 0xff, 0xee, 0x00, 0x36, 0xff, 0xee, 
    0x00, 0x0a, 0x00, 0x03, 0x00, 0x10, 0x00, 0x08, 0x00, 0x10, 0x00, 0x0a, 0x00, 0x14, 0x00, 0x3e, 0x00, 0x12, 0x00, 0x44, 
    0xff, 0xe8, 0x00, 0x45, 0xff, 0xe8, 0x00, 0x46, 0xff, 0xe8, 0x00, 0x48, 0xff, 0xe8, 0x00, 0x52, 0xff, 0xe8, 0x00, 0x5e, 
    0x00, 0x13, 0x00, 0x05, 0x00, 0x44, 0xff, 0xec, 0x00, 0x45, 0xff, 0xec, 0x00, 0x46, 0xff, 0xec, 0x00, 0x48, 0xff, 0xec, 
    0x00, 0x52, 0xff, 0xec, 0x00, 0x03, 0x00, 0x47, 0x00, 0x0f, 0x00, 0x55, 0x00, 0x32, 0x00, 0x58, 0x00, 0x11, 0x00, 0x01, 
    0x00, 0x50, 0xff, 0xec, 0x00, 0x02, 0x00, 0x0d, 0xff, 0x84, 0x00, 0x0f, 0xff, 0x84, 0x00, 0x01, 0x00, 0x47, 0x00, 0x0d, 
    0x00, 0x02, 0x00, 0x2b, 0xff, 0xec, 0x00, 0x36, 0xff, 0xec, 0x00, 0x02, 0x05, 0x50, 0x00, 0x04, 0x00, 0x00, 0x05, 0xa2, 
    0x06, 0x5a, 0x00, 0x1c, 0x00, 0x18, 0x00, 0x00, 0x00, 0x00, 0x00, 0x00, 0x00, 0x00, 0x00, 0x00, 0x00, 0x00, 0x00, 0x12, 
    0x00, 0x00, 0x00, 0x00, 0x00, 0x00, 0xff, 0xe3, 0xff, 0xe4, 0x00, 0x00, 0x00, 0x00, 0x00, 0x00, 0x00, 0x11, 0x00, 0x00, 
    0x00, 0x00, 0x00, 0x00, 0x00, 0x00, 0x00, 0x00, 0x00, 0x00, 0x00, 0x00, 0x00, 0x00, 0x00, 0x00, 0x00, 0x00, 0x00, 0x00, 
    0x00, 0x00, 0x00, 0x00, 0x00, 0x00, 0xff, 0xeb, 0x00, 0x00, 0x00, 0x00, 0x00, 0x00, 0xff, 0xe5, 0xff, 0xd5, 0x00, 0x00, 
    0x00, 0x00, 0x00, 0x00, 0xff, 0xea, 0xff, 0xe9, 0x00, 0x00, 0x00, 0x00, 0x00, 0x00, 0xff, 0x9a, 0xff, 0xea, 0x00, 0x00, 
    0x00, 0x00, 0x00, 0x00, 0x00, 0x00, 0xff, 0xf5, 0x00, 0x00, 0xff, 0xf4, 0xff, 0xf5, 0x00, 0x00, 0x00, 0x00, 0xff, 0xce, 
    0xff, 0xef, 0xff, 0x7f, 0xff, 0xa2, 0x00, 0x00, 0x00, 0x0c, 0x00, 0x00, 0x00, 0x00, 0x00, 0x00, 0xff, 0x88, 0x00, 0x00, 
    0xff, 0xbb, 0x00, 0x00, 0xff, 0xa9, 0x00, 0x00, 0x00, 0x00, 0x00, 0x00, 0x00, 0x00, 0x00, 0x00, 0x00, 0x00, 0x00, 0x00, 
    0x00, 0x00, 0x00, 0x00, 0x00, 0x00, 0xff, 0xf1, 0x00, 0x00, 0x00, 0x00, 0x00, 0x00, 0x00, 0x00, 0xff, 0xf0, 0x00, 0x00, 
    0x00, 0x00, 0x00, 0x00, 0xff, 0x78, 0xff, 0xeb, 0x00, 0x00, 0x00, 0x00, 0x00, 0x00, 0x00, 0x00, 0x00, 0x00, 0x00, 0x00, 
    0x00, 0x00, 0x00, 0x00, 0x00, 0x00, 0x00, 0x00, 0x00, 0x00, 0x00, 0x00, 0x00, 0x00, 0x00, 0x00, 0x00, 0x00, 0x00, 0x00, 
    0x00, 0x00, 0x00, 0x00, 0x00, 0x00, 0x00, 0x00, 0x00, 0x00, 0x00, 0x00, 0xff, 0x98, 0x00, 0x00, 0x00, 0x00, 0x00, 0x00, 
    0x00, 0x00, 0x00, 0x00, 0x00, 0x00, 0x00, 0x00, 0xff, 0xed, 0x00, 0x00, 0x00, 0x00, 0xff, 0xed, 0xff, 0xef, 0x00, 0x00, 
    0x00, 0x00, 0xff, 0xe6, 0x00, 0x00, 0x00, 0x14, 0x00, 0x00, 0x00, 0x00, 0x00, 0x00, 0x00, 0x00, 0x00, 0x00, 0x00, 0x00, 
    0x00, 0x00, 0x00, 0x00, 0x00, 0x00, 0x00, 0x00, 0x00, 0x00, 0x00, 0x00, 0x00, 0x00, 0x00, 0x00, 0x00, 0x00, 0x00, 0x00, 
    0x00, 0x00, 0x00, 0x00, 0x00, 0x00, 0x00, 0x00, 0x00, 0x00, 0xff, 0xf1, 0x00, 0x00, 0x00, 0x00, 0x00, 0x00, 0x00, 0x00, 
    0x00, 0x00, 0x00, 0x00, 0x00, 0x00, 0x00, 0x00, 0xff, 0xbd, 0x00, 0x00, 0x00, 0x00, 0x00, 0x00, 0x00, 0x00, 0x00, 0x00, 
    0x00, 0x00, 0x00, 0x00, 0x00, 0x00, 0x00, 0x00, 0x00, 0x00, 0x00, 0x00, 0x00, 0x00, 0x00, 0x00, 0x00, 0x00, 0xff, 0xf5, 
    0x00, 0x00, 0x00, 0x00, 0x00, 0x00, 0x00, 0x00, 0xff, 0xf1, 0x00, 0x00, 0x00, 0x00, 0x00, 0x00, 0xff, 0xe3, 0xff, 0xf1, 
    0x00, 0x00, 0x00, 0x00, 0x00, 0x00, 0x00, 0x00, 0x00, 0x00, 0x00, 0x00, 0x00, 0x00, 0x00, 0x00, 0x00, 0x00, 0x00, 0x00, 
    0x00, 0x00, 0x00, 0x00, 0x00, 0x00, 0xff, 0xf3, 0x00, 0x00, 0x00, 0x00, 0x00, 0x00, 0x00, 0x00, 0x00, 0x00, 0x00, 0x00, 
    0x00, 0x00, 0x00, 0x00, 0xff, 0xf2, 0x00, 0x00, 0x00, 0x00, 0x00, 0x00, 0x00, 0x00, 0x00, 0x00, 0x00, 0x00, 0x00, 0x00, 
    0xff, 0xf3, 0x00, 0x00, 0x00, 0x00, 0xff, 0xf1, 0x00, 0x00, 0x00, 0x00, 0xff, 0xf1, 0x00, 0x00, 0x00, 0x00, 0x00, 0x00, 
    0x00, 0x00, 0x00, 0x00, 0x00, 0x00, 0x00, 0x00, 0x00, 0x00, 0x00, 0x00, 0x00, 0x0f, 0x00, 0x00, 0x00, 0x00, 0xff, 0x95, 
    0x00, 0x00, 0x00, 0x00, 0x00, 0x00, 0x00, 0x00, 0x00, 0x00, 0x00, 0x00, 0x00, 0x00, 0x00, 0x00, 0x00, 0x00, 0xff, 0xea, 
    0x00, 0x00, 0x00, 0x00, 0x00, 0x00, 0x00, 0x00, 0x00, 0x00, 0x00, 0x00, 0x00, 0x00, 0x00, 0x00, 0x00, 0x00, 0x00, 0x00, 
    0x00, 0x00, 0x00, 0x00, 0x00, 0x00, 0x00, 0x00, 0x00, 0x00, 0x00, 0x00, 0x00, 0x00, 0x00, 0x00, 0xff, 0xe6, 0xff, 0xe1, 
    0xff, 0xe9, 0xff, 0xe5, 0xff, 0xe9, 0x00, 0x00, 0x00, 0x00, 0xff, 0xd8, 0x00, 0x00, 0x00, 0x00, 0x00, 0x00, 0x00, 0x00, 
    0x00, 0x00, 0x00, 0x00, 0x00, 0x00, 0x00, 0x00, 0x00, 0x00, 0x00, 0x00, 0x00, 0x00, 0x00, 0x00, 0x00, 0x00, 0xff, 0xc0, 
    0x00, 0x00, 0x00, 0x00, 0xff, 0xbf, 0xff, 0xe3, 0xff, 0xd8, 0xff, 0xbf, 0xff, 0xd9, 0xff, 0xa2, 0xff, 0xb7, 0xff, 0xec, 
    0xff, 0xa0, 0x00, 0x11, 0x00, 0x12, 0xff, 0xc6, 0xff, 0xe2, 0xff, 0xf0, 0x00, 0x0d, 0x00, 0x00, 0x00, 0x00, 0xff, 0xe9, 
    0x00, 0x11, 0xff, 0x2d, 0x00, 0x12, 0xff, 0xcc, 0xff, 0xa0, 0x00, 0x00, 0xff, 0x9d, 0xff, 0xe4, 0xff, 0x93, 0xff, 0x9d, 
    0xff, 0xa1, 0xff, 0xb1, 0xff, 0x8f, 0xff, 0xb8, 0x00, 0x00, 0x00, 0x10, 0x00, 0x10, 0xff, 0x8c, 0xff, 0xc4, 0xff, 0xf0, 
    0x00, 0x00, 0x00, 0x00, 0x00, 0x00, 0xff, 0xb3, 0x00, 0x0f, 0xff, 0x26, 0x00, 0x10, 0xff, 0x18, 0xff, 0x10, 0x00, 0x00, 
    0xff, 0xf0, 0x00, 0x00, 0x00, 0x00, 0xff, 0xf0, 0x00, 0x00, 0x00, 0x00, 0x00, 0x00, 0x00, 0x00, 0x00, 0x00, 0x00, 0x00, 
    0x00, 0x00, 0x00, 0x00, 0x00, 0x00, 0x00, 0x00, 0x00, 0x00, 0x00, 0x00, 0x00, 0x00, 0x00, 0x00, 0x00, 0x00, 0x00, 0x00, 
    0x00, 0x00, 0x00, 0x00, 0x00, 0x00, 0x00, 0x00, 0xff, 0xeb, 0xff, 0xe6, 0x00, 0x00, 0xff, 0xeb, 0xff, 0xed, 0x00, 0x0d, 
    0x00, 0x00, 0xff, 0xe5, 0x00, 0x00, 0x00, 0x00, 0x00, 0x00, 0x00, 0x00, 0x00, 0x00, 0x00, 0x00, 0x00, 0x00, 0x00, 0x00, 
    0x00, 0x00, 0x00, 0x00, 0x00, 0x00, 0x00, 0x00, 0x00, 0x00, 0x00, 0x00, 0x00, 0x00, 0x00, 0x00, 0xff, 0xe6, 0xff, 0xe7, 
    0x00, 0x00, 0xff, 0xeb, 0xff, 0xeb, 0x00, 0x00, 0x00, 0x00, 0xff, 0xe1, 0x00, 0x00, 0x00, 0x00, 0x00, 0x00, 0x00, 0x00, 
    0x00, 0x00, 0x00, 0x00, 0x00, 0x00, 0x00, 0x00, 0x00, 0x00, 0x00, 0x00, 0x00, 0x00, 0x00, 0x00, 0x00, 0x0e, 0xff, 0xd2, 
    0x00, 0x00, 0x00, 0x00, 0x00, 0x00, 0x00, 0x00, 0x00, 0x00, 0x00, 0x00, 0x00, 0x00, 0x00, 0x00, 0x00, 0x00, 0x00, 0x00, 
    0x00, 0x00, 0xff, 0xe3, 0x00, 0x00, 0x00, 0x00, 0x00, 0x00, 0x00, 0x00, 0x00, 0x00, 0x00, 0x00, 0x00, 0x00, 0x00, 0x00, 
    0x00, 0x00, 0x00, 0x00, 0x00, 0x00, 0x00, 0x00, 0x00, 0x00, 0x00, 0x00, 0xff, 0xec, 0x00, 0x00, 0x00, 0x00, 0xff, 0xec, 
    0x00, 0x00, 0x00, 0x00, 0x00, 0x00, 0x00, 0x00, 0x00, 0x00, 0x00, 0x00, 0x00, 0x00, 0x00, 0x00, 0x00, 0x00, 0x00, 0x00, 
    0x00, 0x00, 0x00, 0x00, 0x00, 0x00, 0x00, 0x00, 0x00, 0x00, 0x00, 0x00, 0x00, 0x00, 0x00, 0x00, 0x00, 0x00, 0x00, 0x00, 
    0xff, 0xed, 0x00, 0x00, 0x00, 0x00, 0xff, 0xec, 0x00, 0x00, 0x00, 0x00, 0xff, 0xd8, 0x00, 0x12, 0x00, 0x00, 0x00, 0x00, 
    0x00, 0x00, 0x00, 0x00, 0x00, 0x00, 0x00, 0x00, 0x00, 0x00, 0x00, 0x00, 0x00, 0x10, 0x00, 0x00, 0x00, 0x00, 0xff, 0x85, 
    0x00, 0x00, 0x00, 0x00, 0x00, 0x00, 0x00, 0x00, 0xff, 0xf3, 0x00, 0x00, 0x00, 0x00, 0xff, 0xf3, 0x00, 0x00, 0xff, 0x76, 
    0xff, 0xf5, 0x00, 0x0f, 0x00, 0x00, 0x00, 0x00, 0x00, 0x00, 0x00, 0x00, 0x00, 0x00, 0x00, 0x00, 0xff, 0xe1, 0xff, 0xe6, 
    0x00, 0x00, 0x00, 0x00, 0x00, 0x00, 0xfe, 0xbc, 0x00, 0x00, 0x00, 0x00, 0xff, 0x38, 0x00, 0x00, 0x00, 0x00, 0x00, 0x00, 
    0x00, 0x00, 0x00, 0x00, 0x00, 0x00, 0x00, 0x00, 0x00, 0x00, 0x00, 0x00, 0x00, 0x00, 0x00, 0x00, 0x00, 0x00, 0x00, 0x00, 
    0x00, 0x00, 0x00, 0x00, 0x00, 0x00, 0x00, 0x00, 0xff, 0xf5, 0x00, 0x00, 0x00, 0x00, 0x00, 0x00, 0x00, 0x00, 0x00, 0x00, 
    0x00, 0x00, 0x00, 0x00, 0x00, 0x00, 0xff, 0xbf, 0x00, 0x00, 0x00, 0x00, 0xff, 0xd4, 0x00, 0x13, 0x00, 0x00, 0xff, 0x7b, 
    0xff, 0xca, 0xfe, 0xed, 0xff, 0x11, 0x00, 0x00, 0x00, 0x00, 0x00, 0x00, 0x00, 0x00, 0x00, 0x00, 0xfe, 0xb0, 0x00, 0x00, 
    0xff, 0x71, 0x00, 0x00, 0xff, 0x51, 0x00, 0x00, 0x00, 0x00, 0x00, 0x00, 0xff, 0xc5, 0x00, 0x00, 0xff, 0xec, 0xff, 0xc3, 
    0x00, 0x00, 0xff, 0x88, 0xff, 0xce, 0x00, 0x00, 0x00, 0x00, 0x00, 0x00, 0x00, 0x00, 0xff, 0xb0, 0x00, 0x00, 0x00, 0x00, 
    0x00, 0x00, 0x00, 0x00, 0xff, 0x95, 0x00, 0x00, 0x00, 0x00, 0x00, 0x00, 0x00, 0x00, 0x00, 0x00, 0x00, 0x00, 0x00, 0x00, 
    0xff, 0xe1, 0x00, 0x00, 0x00, 0x00, 0xff, 0xe1, 0xff, 0xed, 0xff, 0xd5, 0xff, 0xdf, 0x00, 0x00, 0x00, 0x00, 0x00, 0x0e, 
    0x00, 0x00, 0x00, 0x00, 0x00, 0x00, 0x00, 0x00, 0x00, 0x00, 0x00, 0x00, 0x00, 0x00, 0x00, 0x00, 0x00, 0x00, 0xff, 0x85, 
    0x00, 0x00, 0xff, 0xc4, 0x00, 0x00, 0x00, 0x00, 0x00, 0x00, 0x00, 0x00, 0x00, 0x00, 0x00, 0x00, 0x00, 0x00, 0x00, 0x00, 
    0x00, 0x00, 0x00, 0x00, 0x00, 0x00, 0xff, 0xe5, 0xff, 0xc9, 0x00, 0x00, 0x00, 0x00, 0x00, 0x00, 0x00, 0x00, 0x00, 0x00, 
    0x00, 0x00, 0x00, 0x00, 0x00, 0x00, 0x00, 0x00, 0xff, 0xe8, 0x00, 0x00, 0x00, 0x00, 0x00, 0x00, 0xff, 0xd4, 0xff, 0xf3, 
    0x00, 0x00, 0xff, 0xd2, 0xff, 0xe4, 0xff, 0xb5, 0xff, 0xd2, 0xff, 0xf5, 0x00, 0x00, 0x00, 0x00, 0x00, 0x00, 0x00, 0x00, 
    0x00, 0x00, 0x00, 0x00, 0x00, 0x00, 0x00, 0x00, 0x00, 0x00, 0x00, 0x00, 0x00, 0x00, 0xff, 0x1f, 0x00, 0x00, 0xff, 0xdb, 
    0x00, 0x00, 0x00, 0x00, 0x00, 0x00, 0x00, 0x00, 0x00, 0x00, 0x00, 0x00, 0x00, 0x00, 0x00, 0x00, 0x00, 0x00, 0x00, 0x00, 
    0x00, 0x00, 0x00, 0x00, 0x00, 0x00, 0x00, 0x00, 0x00, 0x00, 0x00, 0x00, 0x00, 0x00, 0x00, 0x00, 0xff, 0x56, 0x00, 0x00, 
    0x00, 0x00, 0x00, 0x00, 0x00, 0x00, 0x00, 0x00, 0x00, 0x00, 0x00, 0x01, 0x00, 0x27, 0x00, 0x03, 0x00, 0x08, 0x00, 0x0d, 
    0x00, 0x0f, 0x00, 0x22, 0x00, 0x23, 0x00, 0x24, 0x00, 0x25, 0x00, 0x26, 0x00, 0x29, 0x00, 0x2a, 0x00, 0x2b, 0x00, 0x2c, 
    0x00, 0x2d, 0x00, 0x2e, 0x00, 0x2f, 0x00, 0x30, 0x00, 0x31, 0x00, 0x35, 0x00, 0x36, 0x00, 0x37, 0x00, 0x38, 0x00, 0x39, 
    0x00, 0x3a, 0x00, 0x3b, 0x00, 0x42, 0x00, 0x43, 0x00, 0x44, 0x00, 0x46, 0x00, 0x49, 0x00, 0x4e, 0x00, 0x4f, 0x00, 0x50, 
    0x00, 0x51, 0x00, 0x53, 0x00, 0x57, 0x00, 0x59, 0x00, 0x5a, 0x00, 0x5b, 0x00, 0x01, 0x00, 0x03, 0x00, 0x59, 0x00, 0x17, 
    0x00, 0x00, 0x00, 0x00, 0x00, 0x00, 0x00, 0x00, 0x00, 0x17, 0x00, 0x00, 0x00, 0x00, 0x00, 0x00, 0x00, 0x00, 0x00, 0x1b, 
    0x00, 0x00, 0x00, 0x1b, 0x00, 0x00, 0x00, 0x00, 0x00, 0x00, 0x00, 0x00, 0x00, 0x00, 0x00, 0x00, 0x00, 0x00, 0x00, 0x00, 
    0x00, 0x00, 0x00, 0x00, 0x00, 0x00, 0x00, 0x00, 0x00, 0x00, 0x00, 0x00, 0x00, 0x00, 0x00, 0x00, 0x00, 0x00, 0x00, 0x00, 
    0x00, 0x02, 0x00, 0x19, 0x00, 0x11, 0x00, 0x01, 0x00, 0x05, 0x00, 0x00, 0x00, 0x00, 0x00, 0x00, 0x00, 0x00, 0x00, 0x0a, 
    0x00, 0x0b, 0x00, 0x16, 0x00, 0x00, 0x00, 0x00, 0x00, 0x01, 0x00, 0x14, 0x00, 0x00, 0x00, 0x00, 0x00, 0x00, 0x00, 0x0d, 
    0x00, 0x0a, 0x00, 0x1a, 0x00, 0x18, 0x00, 0x10, 0x00, 0x0c, 0x00, 0x0f, 0x00, 0x00, 0x00, 0x00, 0x00, 0x00, 0x00, 0x00, 
    0x00, 0x00, 0x00, 0x00, 0x00, 0x06, 0x00, 0x07, 0x00, 0x15, 0x00, 0x00, 0x00, 0x08, 0x00, 0x00, 0x00, 0x00, 0x00, 0x04, 
    0x00, 0x00, 0x00, 0x00, 0x00, 0x00, 0x00, 0x00, 0x00, 0x04, 0x00, 0x04, 0x00, 0x03, 0x00, 0x07, 0x00, 0x00, 0x00, 0x13, 
    0x00, 0x00, 0x00, 0x00, 0x00, 0x00, 0x00, 0x09, 0x00, 0x00, 0x00, 0x12, 0x00, 0x09, 0x00, 0x0e, 0x00, 0x01, 0x00, 0x03, 
    0x00, 0x59, 0x00, 0x11, 0x00, 0x00, 0x00, 0x00, 0x00, 0x00, 0x00, 0x00, 0x00, 0x11, 0x00, 0x00, 0x00, 0x00, 0x00, 0x00, 
    0x00, 0x00, 0x00, 0x14, 0x00, 0x16, 0x00, 0x14, 0x00, 0x00, 0x00, 0x00, 0x00, 0x00, 0x00, 0x00, 0x00, 0x00, 0x00, 0x00, 
    0x00, 0x00, 0x00, 0x00, 0x00, 0x00, 0x00, 0x00, 0x00, 0x00, 0x00, 0x00, 0x00, 0x00, 0x00, 0x00, 0x00, 0x00, 0x00, 0x00, 
    0x00, 0x00, 0x00, 0x00, 0x00, 0x06, 0x00, 0x00, 0x00, 0x02, 0x00, 0x00, 0x00, 0x00, 0x00, 0x00, 0x00, 0x02, 0x00, 0x00, 
    0x00, 0x00, 0x00, 0x17, 0x00, 0x00, 0x00, 0x00, 0x00, 0x00, 0x00, 0x00, 0x00, 0x02, 0x00, 0x00, 0x00, 0x02, 0x00, 0x00, 
    0x00, 0x0e, 0x00, 0x0a, 0x00, 0x09, 0x00, 0x15, 0x00, 0x13, 0x00, 0x0f, 0x00, 0x0b, 0x00, 0x10, 0x00, 0x00, 0x00, 0x00, 
    0x00, 0x00, 0x00, 0x00, 0x00, 0x00, 0x00, 0x00, 0x00, 0x07, 0x00, 0x00, 0x00, 0x01, 0x00, 0x01, 0x00, 0x01, 0x00, 0x00, 
    0x00, 0x01, 0x00, 0x00, 0x00, 0x00, 0x00, 0x00, 0x00, 0x00, 0x00, 0x00, 0x00, 0x03, 0x00, 0x03, 0x00, 0x04, 0x00, 0x03, 
    0x00, 0x01, 0x00, 0x00, 0x00, 0x0c, 0x00, 0x00, 0x00, 0x05, 0x00, 0x08, 0x00, 0x00, 0x00, 0x12, 0x00, 0x08, 0x00, 0x0d, 
    0x00, 0x01, 0x00, 0x00, 0x00, 0x0a, 0x00, 0x8c, 0x00, 0xe2, 0x00, 0x04, 0x44, 0x46, 0x4c, 0x54, 0x00, 0x1a, 0x63, 0x79, 
    0x72, 0x6c, 0x00, 0x1a, 0x67, 0x72, 0x65, 0x6b, 0x00, 0x1a, 0x6c, 0x61, 0x74, 0x6e, 0x00, 0x2a, 0x00, 0x04, 0x00, 0x00, 
    0x00, 0x00, 0xff, 0xff, 0x00, 0x03, 0x00, 0x00, 0x00, 0x01, 0x00, 0x05, 0x00, 0x2e, 0x00, 0x07, 0x41, 0x5a, 0x45, 0x20, 
    0x00, 0x4a, 0x43, 0x52, 0x54, 0x20, 0x00, 0x4a, 0x46, 0x52, 0x41, 0x20, 0x00, 0x3c, 0x4d, 0x4f, 0x4c, 0x20, 0x00, 0x3c, 
    0x4e, 0x41, 0x56, 0x20, 0x00, 0x3c, 0x52, 0x4f, 0x4d, 0x20, 0x00, 0x3c, 0x54, 0x52, 0x4b, 0x20, 0x00, 0x4a, 0x00, 0x00, 
    0xff, 0xff, 0x00, 0x04, 0x00, 0x00, 0x00, 0x01, 0x00, 0x04, 0x00, 0x05, 0x00, 0x00, 0xff, 0xff, 0x00, 0x04, 0x00, 0x00, 
    0x00, 0x01, 0x00, 0x03, 0x00, 0x05, 0x00, 0x00, 0xff, 0xff, 0x00, 0x04, 0x00, 0x00, 0x00, 0x01, 0x00, 0x02, 0x00, 0x05, 
    0x00, 0x06, 0x64, 0x6e, 0x6f, 0x6d, 0x00, 0x26, 0x66, 0x72, 0x61, 0x63, 0x00, 0x2c, 0x6c, 0x69, 0x67, 0x61, 0x00, 0x36, 
    0x6c, 0x69, 0x67, 0x61, 0x00, 0x3c, 0x6c, 0x69, 0x67, 0x61, 0x00, 0x48, 0x6e, 0x75, 0x6d, 0x72, 0x00, 0x50, 0x00, 0x00, 
    0x00, 0x01, 0x00, 0x04, 0x00, 0x00, 0x00, 0x03, 0x00, 0x02, 0x00, 0x03, 0x00, 0x05, 0x00, 0x00, 0x00, 0x01, 0x00, 0x01, 
    0x00, 0x00, 0x00, 0x04, 0x00, 0x00, 0x00, 0x01, 0x00, 0x00, 0x00, 0x01, 0x00, 0x00, 0x00, 0x02, 0x00, 0x00, 0x00, 0x01, 
    0x00, 0x00, 0x00, 0x01, 0x00, 0x05, 0x00, 0x06, 0x00, 0x0e, 0x00, 0x32, 0x00, 0x5c, 0x00, 0x70, 0x00, 0x9a, 0x00, 0xbc, 
    0x00, 0x04, 0x00, 0x00, 0x00, 0x01, 0x00, 0x08, 0x00, 0x01, 0x00, 0x40, 0x00, 0x01, 0x00, 0x08, 0x00, 0x02, 0x00, 0x06, 
    0x00, 0x0e, 0x00, 0x68, 0x00, 0x03, 0x00, 0x47, 0x00, 0x4a, 0x00, 0x66, 0x00, 0x02, 0x00, 0x4a, 0x00, 0x04, 0x00, 0x00, 
    0x00, 0x01, 0x00, 0x08, 0x00, 0x01, 0x00, 0x1c, 0x00, 0x01, 0x00, 0x08, 0x00, 0x02, 0x00, 0x06, 0x00, 0x0e, 0x00, 0x69, 
    0x00, 0x03, 0x00, 0x47, 0x00, 0x4d, 0x00, 0x67, 0x00, 0x02, 0x00, 0x4d, 0x00, 0x01, 0x00, 0x01, 0x00, 0x47, 0x00, 0x01, 
    0x00, 0x00, 0x00, 0x01, 0x00, 0x08, 0x00, 0x01, 0x00, 0x06, 0x00, 0x55, 0x00, 0x01, 0x00, 0x01, 0x00, 0x10, 0x00, 0x06, 
    0x00, 0x00, 0x00, 0x01, 0x00, 0x08, 0x00, 0x03, 0x00, 0x01, 0x00, 0x12, 0x00, 0x01, 0x00, 0x66, 0x00, 0x00, 0x00, 0x01, 
    0x00, 0x00, 0x00, 0x04, 0x00, 0x02, 0x00, 0x02, 0x00, 0x65, 0x00, 0x65, 0x00, 0x00, 0x00, 0x6a, 0x00, 0x73, 0x00, 0x01, 
    0x00, 0x01, 0x00, 0x00, 0x00, 0x01, 0x00, 0x08, 0x00, 0x02, 0x00, 0x3c, 0x00, 0x0a, 0x00, 0x6c, 0x00, 0x6b, 0x00, 0x6a, 
    0x00, 0x6d, 0x00, 0x6e, 0x00, 0x6f, 0x00, 0x70, 0x00, 0x71, 0x00, 0x72, 0x00, 0x73, 0x00, 0x01, 0x00, 0x00, 0x00, 0x01, 
    0x00, 0x08, 0x00, 0x02, 0x00, 0x1a, 0x00, 0x0a, 0x00, 0x74, 0x00, 0x63, 0x00, 0x61, 0x00, 0x62, 0x00, 0x75, 0x00, 0x76, 
    0x00, 0x77, 0x00, 0x78, 0x00, 0x79, 0x00, 0x7a, 0x00, 0x02, 0x00, 0x01, 0x00, 0x11, 0x00, 0x1a, 0x00, 0x00, 0x00, 0x00, 

};

size_t ttffont_regular_size = sizeof(ttffont_regular);

const uint8_t ttffont_medium[] = {
    0x00, 0x01, 0x00, 0x00, 0x00, 0x12, 0x01, 0x00, 0x00, 0x04, 0x00, 0x20, 0x47, 0x44, 0x45, 0x46, 0x00, 0xf4, 0x00, 0xe9, 
    0x00, 0x00, 0x4c, 0x2c, 0x00, 0x00, 0x00, 0x22, 0x47, 0x50, 0x4f, 0x53, 0x1d, 0xd1, 0x03, 0x2f, 0x00, 0x00, 0x4c, 0x50, 
    0x00, 0x00, 0x09, 0x68, 0x47, 0x53, 0x55, 0x42, 0x34, 0xb0, 0x0d, 0x02, 0x00, 0x00, 0x55, 0xb8, 0x00, 0x00, 0x01, 0xca, 
    0x4f, 0x53, 0x2f, 0x32, 0x72, 0xef, 0x62, 0x6d, 0x00, 0x00, 0x01, 0xa8, 0x00, 0x00, 0x00, 0x60, 0x63, 0x6d, 0x61, 0x70, 
    0x01, 0x52, 0x00, 0xa9, 0x00, 0x00, 0x04, 0x54, 0x00, 0x00, 0x00, 0x3c, 0x63, 0x76, 0x74, 0x20, 0x31, 0x1c, 0x06, 0x4b, 
    0x00, 0x00, 0x07, 0xa0, 0x00, 0x00, 0x00, 0x5c, 0x66, 0x70, 0x67, 0x6d, 0x87, 0xfc, 0x24, 0xab, 0x00, 0x00, 0x04, 0x90, 
    0x00, 0x00, 0x01, 0xbc, 0x67, 0x61, 0x73, 0x70, 0x00, 0x08, 0x00, 0x13, 0x00, 0x00, 0x4c, 0x20, 0x00, 0x00, 0x00, 0x0c, 
    0x67, 0x6c, 0x79, 0x66, 0x67, 0xbf, 0x2e, 0xf0, 0x00, 0x00, 0x08, 0xf4, 0x00, 0x00, 0x41, 0xea, 0x68, 0x64, 0x6d, 0x78, 
    0x8e, 0x8c, 0x8f, 0x00, 0x00, 0x00, 0x03, 0xd0, 0x00, 0x00, 0x00, 0x84, 0x68, 0x65, 0x61, 0x64, 0x0e, 0x56, 0x81, 0xe6, 
    0x00, 0x00, 0x01, 0x2c, 0x00, 0x00, 0x00, 0x36, 0x68, 0x68, 0x65, 0x61, 0x0e, 0x09, 0x05, 0x92, 0x00, 0x00, 0x01, 0x64, 
    0x00, 0x00, 0x00, 0x24, 0x68, 0x6d, 0x74, 0x78, 0xb8, 0x9e, 0x25, 0x4e, 0x00, 0x00, 0x02, 0x08, 0x00, 0x00, 0x01, 0xc8, 
    0x6c, 0x6f, 0x63, 0x61, 0xfa, 0x24, 0xea, 0x3d, 0x00, 0x00, 0x07, 0xfc, 0x00, 0x00, 0x00, 0xf6, 0x6d, 0x61, 0x78, 0x70, 
    0x02, 0x93, 0x02, 0x9a, 0x00, 0x00, 0x01, 0x88, 0x00, 0x00, 0x00, 0x20, 0x6e, 0x61, 0x6d, 0x65, 0x13, 0xe1, 0x2e, 0x79, 
    0x00, 0x00, 0x4a, 0xe0, 0x00, 0x00, 0x01, 0x20, 0x70, 0x6f, 0x73, 0x74, 0xff, 0x6d, 0x00, 0x64, 0x00, 0x00, 0x4c, 0x00, 
    0x00, 0x00, 0x00, 0x20, 0x70, 0x72, 0x65, 0x70, 0x1a, 0x02, 0xa3, 0x29, 0x00, 0x00, 0x06, 0x4c, 0x00, 0x00, 0x01, 0x53, 
    0x00, 0x01, 0x00, 0x00, 0x00, 0x02, 0x23, 0x12, 0xd9, 0x34, 0xb4, 0x7a, 0x5f, 0x0f, 0x3c, 0xf5, 0x00, 0x1b, 0x08, 0x00, 
    0x00, 0x00, 0x00, 0x00, 0xc4, 0xf0, 0x11, 0x2e, 0x00, 0x00, 0x00, 0x00, 0xe3, 0x9c, 0x03, 0xdc, 0xff, 0xb5, 0xfe, 0x31, 
    0x06, 0xe5, 0x06, 0x9b, 0x00, 0x00, 0x00, 0x09, 0x00, 0x02, 0x00, 0x00, 0x00, 0x00, 0x00, 0x00, 0x00, 0x01, 0x00, 0x00, 
    0x07, 0x6c, 0xfe, 0x0c, 0x00, 0x00, 0x07, 0x28, 0xff, 0xb5, 0xff, 0xf3, 0x06, 0xe5, 0x00, 0x01, 0x00, 0x00, 0x00, 0x00, 
    0x00, 0x00, 0x00, 0x00, 0x00, 0x00, 0x00, 0x00, 0x00, 0x00, 0x00, 0x6a, 0x00, 0x01, 0x00, 0x00, 0x00, 0x7a, 0x00, 0x43, 
    0x00, 0x05, 0x00, 0x25, 0x00, 0x03, 0x00, 0x01, 0x00, 0x00, 0x00, 0x00, 0x00, 0x0e, 0x00, 0x00, 0x02, 0x00, 0x02, 0x30, 
    0x00, 0x02, 0x00, 0x01, 0x00, 0x03, 0x04, 0x98, 0x01, 0xf4, 0x00, 0x05, 0x00, 0x00, 0x05, 0x9a, 0x05, 0x33, 0x00, 0x00, 
    0x01, 0x1f, 0x05, 0x9a, 0x05, 0x33, 0x00, 0x00, 0x03, 0xd1, 0x00, 0x66, 0x02, 0x00, 0x00, 0x00, 0x02, 0x00, 0x00, 0x00, 
    0x00, 0x00, 0x00, 0x00, 0x00, 0x00, 0x00, 0x00, 0x00, 0x03, 0x00, 0x00, 0x00, 0x00, 0x00, 0x00, 0x00, 0x00, 0x00, 0x00, 
    0x00, 0x00, 0x47, 0x4f, 0x4f, 0x47, 0x00, 0x40, 0x00, 0x20, 0x00, 0xb0, 0x06, 0x00, 0xfe, 0x00, 0x00, 0x66, 0x07, 0x9a, 
    0x02, 0x00, 0x00, 0x00, 0x00, 0x01, 0x00, 0x00, 0x00, 0x00, 0x04, 0x3a, 0x05, 0xb0, 0x00, 0x20, 0x00, 0x20, 0x00, 0x03, 
    0x03, 0x8c, 0x00, 0x64, 0x01, 0xfe, 0x00, 0x00, 0x02, 0x25, 0x00, 0x8f, 0x02, 0x98, 0x00, 0x65, 0x04, 0xe2, 0x00, 0x60, 
    0x04, 0x8c, 0x00, 0x64, 0x05, 0xe0, 0x00, 0x63, 0x05, 0x1d, 0x00, 0x56, 0x01, 0x5a, 0x00, 0x52, 0x02, 0xca, 0x00, 0x80, 
    0x02, 0xd2, 0x00, 0x28, 0x03, 0x89, 0x00, 0x1b, 0x04, 0x75, 0x00, 0x44, 0x01, 0xc2, 0x00, 0x1c, 0x02, 0xa0, 0x00, 0x47, 
    0x02, 0x3c, 0x00, 0x87, 0x03, 0x2a, 0x00, 0x02, 0x04, 0x8c, 0x00, 0x69, 0x04, 0x8c, 0x00, 0xa8, 0x04, 0x8c, 0x00, 0x51, 
    0x04, 0x8c, 0x00, 0x4f, 0x04, 0x8c, 0x00, 0x34, 0x04, 0x8c, 0x00, 0x81, 0x04, 0x8c, 0x00, 0x75, 0x04, 0x8c, 0x00, 0x45, 
    0x04, 0x8c, 0x00, 0x68, 0x04, 0x8c, 0x00, 0x5d, 0x02, 0x1f, 0x00, 0x82, 0x01, 0xe7, 0x00, 0x2e, 0x04, 0x11, 0x00, 0x3f, 
    0x04, 0x7a, 0x00, 0x91, 0x04, 0x2a, 0x00, 0x80, 0x03, 0xe4, 0x00, 0x3c, 0x07, 0x28, 0x00, 0x5b, 0x05, 0x53, 0x00, 0x12, 
    0x05, 0x0c, 0x00, 0x94, 0x05, 0x39, 0x00, 0x66, 0x05, 0x3a, 0x00, 0x94, 0x04, 0x86, 0x00, 0x94, 0x04, 0x65, 0x00, 0x94, 
    0x05, 0x72, 0x00, 0x6a, 0x05, 0xaf, 0x00, 0x94, 0x02, 0x42, 0x00, 0xa3, 0x04, 0x71, 0x00, 0x2d, 0x05, 0x0b, 0x00, 0x94, 
    0x04, 0x54, 0x00, 0x94, 0x07, 0x01, 0x00, 0x94, 0x05, 0xae, 0x00, 0x94, 0x05, 0x86, 0x00, 0x66, 0x05, 0x1d, 0x00, 0x94, 
    0x05, 0x86, 0x00, 0x60, 0x04, 0xfe, 0x00, 0x94, 0x04, 0xd4, 0x00, 0x4a, 0x04, 0xdb, 0x00, 0x2d, 0x05, 0x37, 0x00, 0x7d, 
    0x05, 0x2d, 0x00, 0x12, 0x07, 0x0a, 0x00, 0x30, 0x05, 0x10, 0x00, 0x29, 0x04, 0xe0, 0x00, 0x07, 0x04, 0xd1, 0x00, 0x50, 
    0x02, 0x31, 0x00, 0x84, 0x03, 0x58, 0x00, 0x14, 0x02, 0x31, 0x00, 0x0c, 0x03, 0x6b, 0x00, 0x35, 0x03, 0x9c, 0x00, 0x03, 
    0x02, 0x94, 0x00, 0x31, 0x04, 0x54, 0x00, 0x5a, 0x04, 0x81, 0x00, 0x7c, 0x04, 0x30, 0x00, 0x4f, 0x04, 0x84, 0x00, 0x4f, 
    0x04, 0x4b, 0x00, 0x53, 0x02, 0xd6, 0x00, 0x2d, 0x04, 0x89, 0x00, 0x52, 0x04, 0x71, 0x00, 0x79, 0x02, 0x0b, 0x00, 0x7d, 
    0x02, 0x01, 0xff, 0xb5, 0x04, 0x2d, 0x00, 0x7d, 0x02, 0x0b, 0x00, 0x8c, 0x06, 0xf6, 0x00, 0x7c, 0x04, 0x73, 0x00, 0x79, 
    0x04, 0x8e, 0x00, 0x4f, 0x04, 0x81, 0x00, 0x7c, 0x04, 0x8b, 0x00, 0x4f, 0x02, 0xd0, 0x00, 0x7c, 0x04, 0x21, 0x00, 0x4b, 
    0x02, 0xa9, 0x00, 0x08, 0x04, 0x72, 0x00, 0x77, 0x03, 0xf5, 0x00, 0x16, 0x05, 0xf2, 0x00, 0x21, 0x04, 0x06, 0x00, 0x1f, 
    0x03, 0xe5, 0x00, 0x0c, 0x04, 0x06, 0x00, 0x52, 0x02, 0xaf, 0x00, 0x38, 0x02, 0x02, 0x00, 0xae, 0x02, 0xaf, 0x00, 0x1b, 
    0x05, 0x51, 0x00, 0x75, 0x03, 0x0a, 0x00, 0x7f, 0x02, 0xf6, 0x00, 0x3c, 0x02, 0xf6, 0x00, 0x37, 0x02, 0xf6, 0x00, 0x80, 
    0x03, 0x9c, 0x00, 0x2d, 0x04, 0xa8, 0x00, 0x18, 0x04, 0xbc, 0x00, 0x2d, 0x07, 0x23, 0x00, 0x2d, 0x07, 0x23, 0x00, 0x2d, 
    0x02, 0xf6, 0x00, 0x3c, 0x00, 0x80, 0x00, 0x4b, 0x00, 0x37, 0x00, 0x35, 0x00, 0x4f, 0x00, 0x4d, 0x00, 0x36, 0x00, 0x4b, 
    0x00, 0x46, 0x00, 0x4b, 0x00, 0x35, 0x00, 0x4f, 0x00, 0x4d, 0x00, 0x36, 0x00, 0x4b, 0x00, 0x46, 0x00, 0x00, 0x00, 0x01, 
    0x00, 0x00, 0x00, 0x7c, 0x09, 0x08, 0x04, 0x02, 0x02, 0x03, 0x06, 0x05, 0x07, 0x06, 0x02, 0x03, 0x03, 0x04, 0x05, 0x02, 
    0x03, 0x03, 0x04, 0x05, 0x05, 0x05, 0x05, 0x05, 0x05, 0x05, 0x05, 0x05, 0x05, 0x02, 0x02, 0x05, 0x05, 0x05, 0x04, 0x08, 
    0x06, 0x06, 0x06, 0x06, 0x05, 0x05, 0x06, 0x06, 0x03, 0x05, 0x06, 0x05, 0x08, 0x06, 0x06, 0x06, 0x06, 0x06, 0x05, 0x05, 
    0x06, 0x06, 0x08, 0x06, 0x05, 0x05, 0x02, 0x04, 0x02, 0x04, 0x04, 0x03, 0x05, 0x05, 0x05, 0x05, 0x05, 0x03, 0x05, 0x05, 
    0x02, 0x02, 0x05, 0x02, 0x08, 0x05, 0x05, 0x05, 0x05, 0x03, 0x05, 0x03, 0x05, 0x04, 0x07, 0x05, 0x04, 0x05, 0x03, 0x02, 
    0x03, 0x06, 0x03, 0x03, 0x03, 0x03, 0x04, 0x05, 0x05, 0x08, 0x08, 0x03, 0x03, 0x03, 0x03, 0x03, 0x03, 0x03, 0x03, 0x03, 
    0x03, 0x03, 0x03, 0x03, 0x03, 0x03, 0x03, 0x03, 0x00, 0x00, 0x00, 0x02, 0x00, 0x00, 0x00, 0x03, 0x00, 0x00, 0x00, 0x14, 
    0x00, 0x03, 0x00, 0x01, 0x00, 0x00, 0x00, 0x14, 0x00, 0x04, 0x00, 0x28, 0x00, 0x00, 0x00, 0x06, 0x00, 0x04, 0x00, 0x01, 
    0x00, 0x02, 0x00, 0x7e, 0x00, 0xb0, 0xff, 0xff, 0x00, 0x00, 0x00, 0x20, 0x00, 0xb0, 0xff, 0xff, 0xff, 0xe1, 0xff, 0xb0, 
    0x00, 0x01, 0x00, 0x00, 0x00, 0x00, 0x00, 0x00, 0xb0, 0x00, 0x2c, 0x4b, 0xb0, 0x09, 0x50, 0x58, 0xb1, 0x01, 0x01, 0x8e, 
    0x59, 0xb8, 0x01, 0xff, 0x85, 0xb0, 0x44, 0x1d, 0xb1, 0x09, 0x03, 0x5f, 0x5e, 0x2d, 0xb0, 0x01, 0x2c, 0x20, 0x20, 0x45, 
    0x69, 0x44, 0xb0, 0x01, 0x60, 0x2d, 0xb0, 0x02, 0x2c, 0xb0, 0x01, 0x2a, 0x21, 0x2d, 0xb0, 0x03, 0x2c, 0x20, 0x46, 0xb0, 
    0x03, 0x25, 0x46, 0x52, 0x58, 0x23, 0x59, 0x20, 0x8a, 0x20, 0x8a, 0x49, 0x64, 0x8a, 0x20, 0x46, 0x20, 0x68, 0x61, 0x64, 
    0xb0, 0x04, 0x25, 0x46, 0x20, 0x68, 0x61, 0x64, 0x52, 0x58, 0x23, 0x65, 0x8a, 0x59, 0x2f, 0x20, 0xb0, 0x00, 0x53, 0x58, 
    0x69, 0x20, 0xb0, 0x00, 0x54, 0x58, 0x21, 0xb0, 0x40, 0x59, 0x1b, 0x69, 0x20, 0xb0, 0x00, 0x54, 0x58, 0x21, 0xb0, 0x40, 
    0x65, 0x59, 0x59, 0x3a, 0x2d, 0xb0, 0x04, 0x2c, 0x20, 0x46, 0xb0, 0x04, 0x25, 0x46, 0x52, 0x58, 0x23, 0x8a, 0x59, 0x20, 
    0x46, 0x20, 0x6a, 0x61, 0x64, 0xb0, 0x04, 0x25, 0x46, 0x20, 0x6a, 0x61, 0x64, 0x52, 0x58, 0x23, 0x8a, 0x59, 0x2f, 0xfd, 
    0x2d, 0xb0, 0x05, 0x2c, 0x4b, 0x20, 0xb0, 0x03, 0x26, 0x50, 0x58, 0x51, 0x58, 0xb0, 0x80, 0x44, 0x1b, 0xb0, 0x40, 0x44, 
    0x59, 0x1b, 0x21, 0x21, 0x20, 0x45, 0xb0, 0xc0, 0x50, 0x58, 0xb0, 0xc0, 0x44, 0x1b, 0x21, 0x59, 0x59, 0x2d, 0xb0, 0x06, 
    0x2c, 0x20, 0x20, 0x45, 0x69, 0x44, 0xb0, 0x01, 0x60, 0x20, 0x20, 0x45, 0x7d, 0x69, 0x18, 0x44, 0xb0, 0x01, 0x60, 0x2d, 
    0xb0, 0x07, 0x2c, 0xb0, 0x06, 0x2a, 0x2d, 0xb0, 0x08, 0x2c, 0x4b, 0x20, 0xb0, 0x03, 0x26, 0x53, 0x58, 0xb0, 0x40, 0x1b, 
    0xb0, 0x00, 0x59, 0x8a, 0x8a, 0x20, 0xb0, 0x03, 0x26, 0x53, 0x58, 0x23, 0x21, 0xb0, 0x80, 0x8a, 0x8a, 0x1b, 0x8a, 0x23, 
    0x59, 0x20, 0xb0, 0x03, 0x26, 0x53, 0x58, 0x23, 0x21, 0xb0, 0xc0, 0x8a, 0x8a, 0x1b, 0x8a, 0x23, 0x59, 0x20, 0xb0, 0x03, 
    0x26, 0x53, 0x58, 0x23, 0x21, 0xb8, 0x01, 0x00, 0x8a, 0x8a, 0x1b, 0x8a, 0x23, 0x59, 0x20, 0xb0, 0x03, 0x26, 0x53, 0x58, 
    0x23, 0x21, 0xb8, 0x01, 0x40, 0x8a, 0x8a, 0x1b, 0x8a, 0x23, 0x59, 0x20, 0xb0, 0x03, 0x26, 0x53, 0x58, 0xb0, 0x03, 0x25, 
    0x45, 0xb8, 0x01, 0x80, 0x50, 0x58, 0x23, 0x21, 0xb8, 0x01, 0x80, 0x23, 0x21, 0x1b, 0xb0, 0x03, 0x25, 0x45, 0x23, 0x21, 
    0x23, 0x21, 0x59, 0x1b, 0x21, 0x59, 0x44, 0x2d, 0xb0, 0x09, 0x2c, 0x4b, 0x53, 0x58, 0x45, 0x44, 0x1b, 0x21, 0x21, 0x59, 
    0x2d, 0xb0, 0x0a, 0x2c, 0xb0, 0x2c, 0x45, 0x2d, 0xb0, 0x0b, 0x2c, 0xb0, 0x2d, 0x45, 0x2d, 0xb0, 0x0c, 0x2c, 0xb1, 0x27, 
    0x01, 0x88, 0x20, 0x8a, 0x53, 0x58, 0xb9, 0x40, 0x00, 0x04, 0x00, 0x63, 0xb8, 0x08, 0x00, 0x88, 0x54, 0x58, 0xb9, 0x00, 
    0x2c, 0x03, 0xe8, 0x70, 0x59, 0x1b, 0xb0, 0x23, 0x53, 0x58, 0xb0, 0x20, 0x88, 0xb8, 0x10, 0x00, 0x54, 0x58, 0xb9, 0x00, 
    0x2c, 0x03, 0xe8, 0x70, 0x59, 0x59, 0x59, 0x2d, 0xb0, 0x0d, 0x2c, 0xb0, 0x40, 0x88, 0xb8, 0x20, 0x00, 0x5a, 0x58, 0xb1, 
    0x2d, 0x00, 0x44, 0x1b, 0xb9, 0x00, 0x2d, 0x03, 0xe8, 0x44, 0x59, 0x2d, 0xb0, 0x0c, 0x2b, 0xb0, 0x00, 0x2b, 0x00, 0xb2, 
    0x01, 0x0e, 0x02, 0x2b, 0x01, 0xb2, 0x0f, 0x01, 0x02, 0x2b, 0x01, 0xb7, 0x0f, 0x3a, 0x30, 0x25, 0x1b, 0x10, 0x00, 0x08, 
    0x2b, 0x00, 0xb7, 0x01, 0x38, 0x2e, 0x24, 0x1a, 0x11, 0x00, 0x08, 0x2b, 0xb7, 0x02, 0x4e, 0x40, 0x32, 0x23, 0x15, 0x00, 
    0x08, 0x2b, 0xb7, 0x03, 0x48, 0x3b, 0x2e, 0x21, 0x14, 0x00, 0x08, 0x2b, 0xb7, 0x04, 0x4e, 0x40, 0x32, 0x23, 0x15, 0x00, 
    0x08, 0x2b, 0xb7, 0x05, 0x30, 0x28, 0x1f, 0x16, 0x0e, 0x00, 0x08, 0x2b, 0xb7, 0x06, 0x63, 0x51, 0x3f, 0x2d, 0x1b, 0x00, 
    0x08, 0x2b, 0xb7, 0x07, 0x40, 0x34, 0x24, 0x1a, 0x11, 0x00, 0x08, 0x2b, 0xb7, 0x08, 0x5b, 0x4a, 0x3a, 0x29, 0x19, 0x00, 
    0x08, 0x2b, 0xb7, 0x09, 0x83, 0x64, 0x4e, 0x3a, 0x23, 0x00, 0x08, 0x2b, 0xb7, 0x0a, 0x77, 0x62, 0x4c, 0x36, 0x21, 0x00, 
    0x08, 0x2b, 0xb7, 0x0b, 0x91, 0x77, 0x5c, 0x3a, 0x23, 0x00, 0x08, 0x2b, 0xb7, 0x0c, 0x76, 0x60, 0x4b, 0x36, 0x1d, 0x00, 
    0x08, 0x2b, 0xb7, 0x0d, 0x2c, 0x24, 0x1c, 0x14, 0x0c, 0x00, 0x08, 0x2b, 0xb7, 0x0e, 0x43, 0x37, 0x2b, 0x1f, 0x12, 0x00, 
    0x08, 0x2b, 0x00, 0xb2, 0x10, 0x0e, 0x07, 0x2b, 0xb0, 0x00, 0x20, 0x45, 0x7d, 0x69, 0x18, 0x44, 0xb2, 0x80, 0x14, 0x01, 
    0x73, 0xb2, 0xb0, 0x14, 0x01, 0x73, 0xb2, 0x50, 0x14, 0x01, 0x74, 0xb2, 0x80, 0x14, 0x01, 0x74, 0xb2, 0x3f, 0x1c, 0x01, 
    0x73, 0xb2, 0x5f, 0x1c, 0x01, 0x73, 0xb2, 0x7f, 0x1c, 0x01, 0x73, 0xb2, 0x2f, 0x1c, 0x01, 0x74, 0xb2, 0x4f, 0x1c, 0x01, 
    0x74, 0xb2, 0x6f, 0x1c, 0x01, 0x74, 0xb2, 0x8f, 0x1c, 0x01, 0x74, 0xb2, 0xaf, 0x1c, 0x01, 0x74, 0xb2, 0xff, 0x1c, 0x01, 
    0x74, 0xb2, 0x1f, 0x1c, 0x01, 0x75, 0xb2, 0x3f, 0x1c, 0x01, 0x75, 0xb2, 0x5f, 0x1c, 0x01, 0x75, 0xb2, 0x7f, 0x1c, 0x01, 
    0x75, 0xb2, 0x0f, 0x20, 0x01, 0x73, 0xb2, 0x6f, 0x20, 0x01, 0x75, 0xb2, 0x7f, 0x20, 0x01, 0x73, 0xb2, 0xef, 0x20, 0x01, 
    0x73, 0xb2, 0x1f, 0x20, 0x01, 0x74, 0xb2, 0x5f, 0x20, 0x01, 0x74, 0xb2, 0x8f, 0x20, 0x01, 0x74, 0xb2, 0xcf, 0x20, 0x01, 
    0x74, 0xb2, 0xff, 0x20, 0x01, 0x74, 0xb2, 0x3f, 0x20, 0x01, 0x75, 0xb2, 0x2f, 0x22, 0x01, 0x73, 0xb2, 0x6f, 0x22, 0x01, 
    0x73, 0xb2, 0x2f, 0x2a, 0x01, 0x73, 0xb2, 0x3f, 0x2a, 0x01, 0x73, 0x00, 0x00, 0x2a, 0x00, 0xcc, 0x00, 0x91, 0x00, 0x9e, 
    0x00, 0x91, 0x00, 0xec, 0x00, 0x72, 0x00, 0xb2, 0x00, 0x7d, 0x00, 0x56, 0x00, 0x5f, 0x00, 0x4e, 0x00, 0x60, 0x01, 0x04, 
    0x00, 0xaa, 0x00, 0xc4, 0x00, 0x00, 0x00, 0x14, 0xfe, 0x60, 0x00, 0x14, 0x02, 0x9b, 0x00, 0x10, 0xff, 0x39, 0x00, 0x0d, 
    0xfe, 0x97, 0x00, 0x12, 0x03, 0x21, 0x00, 0x0b, 0x04, 0x3a, 0x00, 0x14, 0x04, 0x8d, 0x00, 0x10, 0x05, 0xb0, 0x00, 0x14, 
    0x06, 0x18, 0x00, 0x15, 0x06, 0xc0, 0x00, 0x10, 0x02, 0x5b, 0x00, 0x12, 0x07, 0x04, 0x00, 0x05, 0x06, 0xde, 0x00, 0x01, 
    0x00, 0x00, 0x00, 0x00, 0x00, 0x00, 0x00, 0x00, 0x00, 0x00, 0x00, 0x3b, 0x00, 0x65, 0x00, 0xe2, 0x01, 0x62, 0x01, 0xfd, 
    0x02, 0x9a, 0x02, 0xb4, 0x02, 0xe0, 0x03, 0x0f, 0x03, 0x42, 0x03, 0x68, 0x03, 0x8a, 0x03, 0xa1, 0x03, 0xc8, 0x03, 0xdf, 
    0x04, 0x34, 0x04, 0x62, 0x04, 0xb4, 0x05, 0x28, 0x05, 0x6c, 0x05, 0xd3, 0x06, 0x3c, 0x06, 0x69, 0x06, 0xe8, 0x07, 0x53, 
    0x07, 0x5f, 0x07, 0x6b, 0x07, 0x8a, 0x07, 0xb2, 0x07, 0xd1, 0x08, 0x38, 0x08, 0xe6, 0x09, 0x27, 0x09, 0x93, 0x09, 0xe7, 
    0x0a, 0x31, 0x0a, 0x73, 0x0a, 0xaa, 0x0b, 0x0b, 0x0b, 0x49, 0x0b, 0x64, 0x0b, 0x98, 0x0b, 0xdf, 0x0c, 0x03, 0x0c, 0x5c, 
    0x0c, 0x98, 0x0c, 0xf3, 0x0d, 0x3f, 0x0d, 0xa0, 0x0d, 0xfa, 0x0e, 0x69, 0x0e, 0x94, 0x0e, 0xd3, 0x0f, 0x04, 0x0f, 0x53, 
    0x0f, 0x9e, 0x0f, 0xcf, 0x10, 0x08, 0x10, 0x2d, 0x10, 0x44, 0x10, 0x6a, 0x10, 0x91, 0x10, 0xac, 0x10, 0xcd, 0x11, 0x4e, 
    0x11, 0xaf, 0x12, 0x04, 0x12, 0x62, 0x12, 0xd7, 0x13, 0x21, 0x13, 0x9d, 0x13, 0xdd, 0x14, 0x17, 0x14, 0x63, 0x14, 0xaa, 
    0x14, 0xc5, 0x15, 0x31, 0x15, 0x7a, 0x15, 0xc9, 0x16, 0x2e, 0x16, 0x8f, 0x16, 0xcd, 0x17, 0x3c, 0x17, 0x88, 0x17, 0xcf, 
    0x17, 0xff, 0x18, 0x4d, 0x18, 0x96, 0x18, 0xd7, 0x19, 0x10, 0x19, 0x53, 0x19, 0x6a, 0x19, 0xac, 0x19, 0xf1, 0x1a, 0x31, 
    0x1a, 0x85, 0x1a, 0xf8, 0x1b, 0x27, 0x1b, 0x3a, 0x1b, 0x9e, 0x1b, 0xf4, 0x1c, 0x8f, 0x1d, 0x1b, 0x1d, 0x6e, 0x1d, 0x98, 
    0x1d, 0xe1, 0x1e, 0x55, 0x1e, 0x97, 0x1e, 0xf7, 0x1f, 0x55, 0x1f, 0x82, 0x20, 0x08, 0x20, 0x6a, 0x20, 0x7e, 0x20, 0x92, 
    0x20, 0xa4, 0x20, 0xb8, 0x20, 0xca, 0x20, 0xe1, 0x20, 0xf5, 0x00, 0x00, 0x00, 0x02, 0x00, 0x8f, 0xff, 0xf2, 0x01, 0xa3, 
    0x05, 0xb0, 0x00, 0x03, 0x00, 0x0d, 0x00, 0x3c, 0xb2, 0x06, 0x0e, 0x0f, 0x11, 0x12, 0x39, 0xb0, 0x06, 0x10, 0xb0, 0x01, 
    0xd0, 0x00, 0xb0, 0x00, 0x45, 0x58, 0xb0, 0x02, 0x2f, 0x1b, 0xb1, 0x02, 0x20, 0x3e, 0x59, 0xb0, 0x00, 0x45, 0x58, 0xb0, 
    0x0c, 0x2f, 0x1b, 0xb1, 0x0c, 0x10, 0x3e, 0x59, 0xb1, 0x06, 0x0d, 0xb0, 0x0a, 0x2b, 0x58, 0x21, 0xd8, 0x1b, 0xf4, 0x59, 
    0xb0, 0x01, 0xd0, 0xb0, 0x01, 0x2f, 0x30, 0x31, 0x01, 0x23, 0x03, 0x21, 0x01, 0x34, 0x36, 0x32, 0x16, 0x15, 0x14, 0x06, 
    0x22, 0x26, 0x01, 0x7e, 0xd1, 0x17, 0x01, 0x00, 0xfe, 0xf9, 0x4a, 0x80, 0x4a, 0x48, 0x84, 0x48, 0x01, 0xad, 0x04, 0x03, 
    0xfa, 0xc3, 0x39, 0x4b, 0x4b, 0x39, 0x37, 0x4a, 0x4a, 0x00, 0x00, 0x02, 0x00, 0x65, 0x03, 0xf4, 0x02, 0x40, 0x06, 0x00, 
    0x00, 0x04, 0x00, 0x09, 0x00, 0x25, 0x00, 0xb0, 0x00, 0x45, 0x58, 0xb0, 0x03, 0x2f, 0x1b, 0xb1, 0x03, 0x22, 0x3e, 0x59, 
    0xb0, 0x02, 0xd0, 0xb0, 0x02, 0x2f, 0xb0, 0x07, 0xd0, 0xb0, 0x07, 0x2f, 0xb0, 0x03, 0x10, 0xb0, 0x08, 0xd0, 0xb0, 0x08, 
    0x2f, 0x30, 0x31, 0x01, 0x03, 0x23, 0x11, 0x33, 0x05, 0x03, 0x23, 0x11, 0x33, 0x01, 0x13, 0x23, 0x8b, 0xae, 0x01, 0x2d, 
    0x23, 0x8b, 0xae, 0x05, 0x77, 0xfe, 0x7d, 0x02, 0x0c, 0x89, 0xfe, 0x7d, 0x02, 0x0c, 0x00, 0x02, 0x00, 0x60, 0x00, 0x00, 
    0x04, 0xbc, 0x05, 0xb0, 0x00, 0x1b, 0x00, 0x1f, 0x00, 0x8f, 0x00, 0xb0, 0x00, 0x45, 0x58, 0xb0, 0x0c, 0x2f, 0x1b, 0xb1, 
    0x0c, 0x20, 0x3e, 0x59, 0xb0, 0x00, 0x45, 0x58, 0xb0, 0x10, 0x2f, 0x1b, 0xb1, 0x10, 0x20, 0x3e, 0x59, 0xb0, 0x00, 0x45, 
    0x58, 0xb0, 0x02, 0x2f, 0x1b, 0xb1, 0x02, 0x10, 0x3e, 0x59, 0xb0, 0x00, 0x45, 0x58, 0xb0, 0x1a, 0x2f, 0x1b, 0xb1, 0x1a, 
    0x10, 0x3e, 0x59, 0xb2, 0x1d, 0x0c, 0x02, 0x11, 0x12, 0x39, 0xb0, 0x1d, 0x2f, 0xb1, 0x00, 0x03, 0xb0, 0x0a, 0x2b, 0x58, 
    0x21, 0xd8, 0x1b, 0xf4, 0x59, 0xb0, 0x04, 0xd0, 0xb0, 0x1d, 0x10, 0xb0, 0x06, 0xd0, 0xb0, 0x1d, 0x10, 0xb0, 0x0b, 0xd0, 
    0xb0, 0x0b, 0x2f, 0xb1, 0x08, 0x03, 0xb0, 0x0a, 0x2b, 0x58, 0x21, 0xd8, 0x1b, 0xf4, 0x59, 0xb0, 0x0b, 0x10, 0xb0, 0x0e, 
    0xd0, 0xb0, 0x0b, 0x10, 0xb0, 0x12, 0xd0, 0xb0, 0x08, 0x10, 0xb0, 0x14, 0xd0, 0xb0, 0x1d, 0x10, 0xb0, 0x16, 0xd0, 0xb0, 
    0x00, 0x10, 0xb0, 0x18, 0xd0, 0xb0, 0x08, 0x10, 0xb0, 0x1e, 0xd0, 0x30, 0x31, 0x01, 0x23, 0x03, 0x23, 0x13, 0x23, 0x35, 
    0x21, 0x13, 0x23, 0x35, 0x21, 0x13, 0x33, 0x03, 0x33, 0x13, 0x33, 0x03, 0x33, 0x15, 0x23, 0x03, 0x33, 0x15, 0x23, 0x03, 
    0x23, 0x03, 0x33, 0x13, 0x23, 0x02, 0xcf, 0xe0, 0x4c, 0xa8, 0x4c, 0xe7, 0x01, 0x05, 0x3a, 0xf3, 0x01, 0x11, 0x4e, 0xa7, 
    0x4e, 0xe1, 0x4e, 0xa7, 0x4e, 0xd0, 0xee, 0x3a, 0xdd, 0xfb, 0x4c, 0xa7, 0x76, 0xe0, 0x3a, 0xe0, 0x01, 0x9a, 0xfe, 0x66, 
    0x01, 0x9a, 0x9e, 0x01, 0x39, 0x9f, 0x01, 0xa0, 0xfe, 0x60, 0x01, 0xa0, 0xfe, 0x60, 0x9f, 0xfe, 0xc7, 0x9e, 0xfe, 0x66, 
    0x02, 0x38, 0x01, 0x39, 0x00, 0x01, 0x00, 0x64, 0xff, 0x2d, 0x04, 0x26, 0x06, 0x9b, 0x00, 0x2c, 0x00, 0x80, 0xb2, 0x2a, 
    0x2d, 0x2e, 0x11, 0x12, 0x39, 0x00, 0xb0, 0x00, 0x45, 0x58, 0xb0, 0x0c, 0x2f, 0x1b, 0xb1, 0x0c, 0x20, 0x3e, 0x59, 0xb0, 
    0x00, 0x45, 0x58, 0xb0, 0x09, 0x2f, 0x1b, 0xb1, 0x09, 0x20, 0x3e, 0x59, 0xb0, 0x00, 0x45, 0x58, 0xb0, 0x23, 0x2f, 0x1b, 
    0xb1, 0x23, 0x10, 0x3e, 0x59, 0xb0, 0x00, 0x45, 0x58, 0xb0, 0x20, 0x2f, 0x1b, 0xb1, 0x20, 0x10, 0x3e, 0x59, 0xb2, 0x19, 
    0x0c, 0x20, 0x11, 0x12, 0x39, 0xb0, 0x19, 0x10, 0xb1, 0x02, 0x01, 0xb0, 0x0a, 0x2b, 0x58, 0x21, 0xd8, 0x1b, 0xf4, 0x59, 
    0xb2, 0x0f, 0x09, 0x23, 0x11, 0x12, 0x39, 0xb0, 0x0c, 0x10, 0xb1, 0x13, 0x01, 0xb0, 0x0a, 0x2b, 0x58, 0x21, 0xd8, 0x1b, 
    0xf4, 0x59, 0xb2, 0x27, 0x23, 0x09, 0x11, 0x12, 0x39, 0xb0, 0x23, 0x10, 0xb1, 0x2a, 0x01, 0xb0, 0x0a, 0x2b, 0x58, 0x21, 
    0xd8, 0x1b, 0xf4, 0x59, 0x30, 0x31, 0x01, 0x34, 0x26, 0x26, 0x27, 0x26, 0x35, 0x34, 0x36, 0x37, 0x35, 0x33, 0x15, 0x16, 
    0x16, 0x15, 0x23, 0x34, 0x26, 0x23, 0x22, 0x06, 0x15, 0x14, 0x16, 0x04, 0x1e, 0x02, 0x15, 0x14, 0x06, 0x07, 0x15, 0x23, 
    0x35, 0x26, 0x26, 0x35, 0x33, 0x14, 0x16, 0x33, 0x32, 0x36, 0x03, 0x33, 0x6c, 0xfc, 0x46, 0xe9, 0xca, 0xad, 0xa0, 0xae, 
    0xbe, 0xf2, 0x71, 0x61, 0x60, 0x6c, 0x6b, 0x01, 0x00, 0x92, 0x64, 0x36, 0xcf, 0xb9, 0x9f, 0xc6, 0xd5, 0xf3, 0x7f, 0x74, 
    0x72, 0x77, 0x01, 0x7c, 0x55, 0x6f, 0x59, 0x26, 0x7d, 0xf5, 0xa6, 0xd6, 0x14, 0xda, 0xdc, 0x19, 0xf5, 0xc4, 0x7e, 0x91, 
    0x68, 0x61, 0x57, 0x69, 0x5e, 0x50, 0x67, 0x86, 0x5a, 0xa9, 0xd2, 0x13, 0xc3, 0xc2, 0x16, 0xf0, 0xc6, 0x7e, 0x8a, 0x6e, 
    0x00, 0x05, 0x00, 0x63, 0xff, 0xec, 0x05, 0x89, 0x05, 0xc5, 0x00, 0x0d, 0x00, 0x1a, 0x00, 0x27, 0x00, 0x35, 0x00, 0x39, 
    0x00, 0x8d, 0xb2, 0x05, 0x3a, 0x3b, 0x11, 0x12, 0x39, 0xb0, 0x05, 0x10, 0xb0, 0x13, 0xd0, 0xb0, 0x05, 0x10, 0xb0, 0x1b, 
    0xd0, 0xb0, 0x05, 0x10, 0xb0, 0x28, 0xd0, 0xb0, 0x05, 0x10, 0xb0, 0x36, 0xd0, 0x00, 0xb0, 0x36, 0x2f, 0xb0, 0x38, 0x2f, 
    0xb0, 0x00, 0x45, 0x58, 0xb0, 0x03, 0x2f, 0x1b, 0xb1, 0x03, 0x20, 0x3e, 0x59, 0xb0, 0x00, 0x45, 0x58, 0xb0, 0x25, 0x2f, 
    0x1b, 0xb1, 0x25, 0x10, 0x3e, 0x59, 0xb0, 0x03, 0x10, 0xb0, 0x0a, 0xd0, 0xb0, 0x0a, 0x2f, 0xb1, 0x11, 0x02, 0xb0, 0x0a, 
    0x2b, 0x58, 0x21, 0xd8, 0x1b, 0xf4, 0x59, 0xb0, 0x03, 0x10, 0xb1, 0x18, 0x02, 0xb0, 0x0a, 0x2b, 0x58, 0x21, 0xd8, 0x1b, 
    0xf4, 0x59, 0xb0, 0x25, 0x10, 0xb0, 0x1e, 0xd0, 0xb0, 0x1e, 0x2f, 0xb0, 0x25, 0x10, 0xb1, 0x2b, 0x02, 0xb0, 0x0a, 0x2b, 
    0x58, 0x21, 0xd8, 0x1b, 0xf4, 0x59, 0xb0, 0x1e, 0x10, 0xb1, 0x32, 0x02, 0xb0, 0x0a, 0x2b, 0x58, 0x21, 0xd8, 0x1b, 0xf4, 
    0x59, 0x30, 0x31, 0x13, 0x34, 0x36, 0x33, 0x32, 0x16, 0x15, 0x15, 0x14, 0x06, 0x23, 0x22, 0x26, 0x35, 0x17, 0x14, 0x16, 
    0x33, 0x32, 0x36, 0x35, 0x35, 0x34, 0x26, 0x22, 0x06, 0x15, 0x01, 0x34, 0x36, 0x33, 0x32, 0x16, 0x15, 0x15, 0x14, 0x06, 
    0x20, 0x26, 0x35, 0x17, 0x14, 0x16, 0x33, 0x32, 0x36, 0x35, 0x35, 0x34, 0x26, 0x23, 0x22, 0x06, 0x15, 0x05, 0x27, 0x01, 
    0x17, 0x63, 0xaa, 0x8a, 0x8c, 0xa9, 0xa9, 0x8a, 0x87, 0xaf, 0xaa, 0x4d, 0x3f, 0x3e, 0x4c, 0x4d, 0x7e, 0x4b, 0x02, 0x12, 
    0xae, 0x87, 0x88, 0xad, 0xa7, 0xfe, 0xe8, 0xab, 0xaa, 0x4f, 0x3e, 0x40, 0x49, 0x4e, 0x3d, 0x3e, 0x4d, 0xfe, 0x02, 0x7d, 
    0x02, 0xc7, 0x7d, 0x04, 0x98, 0x84, 0xa9, 0xa9, 0x89, 0x48, 0x83, 0xa8, 0xa5, 0x8c, 0x06, 0x45, 0x55, 0x55, 0x49, 0x49, 
    0x45, 0x56, 0x57, 0x47, 0xfc, 0xd0, 0x86, 0xa6, 0xa6, 0x8d, 0x47, 0x82, 0xa9, 0xa7, 0x89, 0x05, 0x44, 0x57, 0x53, 0x4b, 
    0x4b, 0x46, 0x54, 0x54, 0x4a, 0xf4, 0x48, 0x04, 0x72, 0x48, 0x00, 0x03, 0x00, 0x56, 0xff, 0xec, 0x05, 0x11, 0x05, 0xc4, 
    0x00, 0x1c, 0x00, 0x25, 0x00, 0x31, 0x00, 0x9a, 0xb2, 0x2e, 0x32, 0x33, 0x11, 0x12, 0x39, 0xb0, 0x2e, 0x10, 0xb0, 0x10, 
    0xd0, 0xb0, 0x2e, 0x10, 0xb0, 0x1e, 0xd0, 0x00, 0xb0, 0x00, 0x45, 0x58, 0xb0, 0x09, 0x2f, 0x1b, 0xb1, 0x09, 0x20, 0x3e, 
    0x59, 0xb0, 0x00, 0x45, 0x58, 0xb0, 0x1b, 0x2f, 0x1b, 0xb1, 0x1b, 0x10, 0x3e, 0x59, 0xb0, 0x00, 0x45, 0x58, 0xb0, 0x18, 
    0x2f, 0x1b, 0xb1, 0x18, 0x10, 0x3e, 0x59, 0xb2, 0x20, 0x1b, 0x09, 0x11, 0x12, 0x39, 0xb2, 0x28, 0x09, 0x1b, 0x11, 0x12, 
    0x39, 0xb2, 0x03, 0x20, 0x28, 0x11, 0x12, 0x39, 0xb2, 0x10, 0x28, 0x20, 0x11, 0x12, 0x39, 0xb2, 0x13, 0x1b, 0x09, 0x11, 
    0x12, 0x39, 0xb2, 0x11, 0x13, 0x18, 0x11, 0x12, 0x39, 0xb2, 0x19, 0x18, 0x13, 0x11, 0x12, 0x39, 0xb2, 0x16, 0x11, 0x19, 
    0x11, 0x12, 0x39, 0xb0, 0x1b, 0x10, 0xb1, 0x1d, 0x01, 0xb0, 0x0a, 0x2b, 0x58, 0x21, 0xd8, 0x1b, 0xf4, 0x59, 0xb2, 0x1f, 
    0x1d, 0x11, 0x11, 0x12, 0x39, 0xb0, 0x09, 0x10, 0xb1, 0x2f, 0x01, 0xb0, 0x0a, 0x2b, 0x58, 0x21, 0xd8, 0x1b, 0xf4, 0x59, 
    0x30, 0x31, 0x13, 0x34, 0x36, 0x37, 0x26, 0x26, 0x35, 0x34, 0x36, 0x33, 0x32, 0x16, 0x15, 0x14, 0x06, 0x07, 0x07, 0x01, 
    0x36, 0x35, 0x33, 0x10, 0x07, 0x17, 0x21, 0x27, 0x06, 0x20, 0x24, 0x05, 0x32, 0x37, 0x01, 0x07, 0x06, 0x15, 0x14, 0x16, 
    0x03, 0x14, 0x17, 0x37, 0x37, 0x36, 0x35, 0x34, 0x26, 0x23, 0x22, 0x06, 0x56, 0x6e, 0xa2, 0x55, 0x43, 0xd0, 0xb0, 0x9f, 
    0xcb, 0x5c, 0x69, 0x63, 0x01, 0x19, 0x3d, 0xd3, 0x7e, 0xd6, 0xfe, 0xe6, 0x52, 0x9c, 0xfe, 0x50, 0xfe, 0xfd, 0x01, 0xe2, 
    0x7b, 0x6b, 0xfe, 0xc2, 0x1f, 0x78, 0x82, 0x19, 0x67, 0x6f, 0x1f, 0x3e, 0x56, 0x42, 0x47, 0x54, 0x01, 0x89, 0x65, 0xa9, 
    0x74, 0x6b, 0x96, 0x46, 0xab, 0xc7, 0xbb, 0x8a, 0x5b, 0x99, 0x4c, 0x48, 0xfe, 0xb4, 0x78, 0x93, 0xfe, 0xf3, 0xac, 0xfd, 
    0x61, 0x75, 0xe5, 0x23, 0x52, 0x01, 0x77, 0x16, 0x5b, 0x75, 0x65, 0x7e, 0x03, 0xaa, 0x54, 0x7f, 0x4c, 0x19, 0x37, 0x56, 
    0x39, 0x51, 0x60, 0x00, 0x00, 0x01, 0x00, 0x52, 0x03, 0xfc, 0x01, 0x0b, 0x06, 0x00, 0x00, 0x04, 0x00, 0x16, 0x00, 0xb0, 
    0x00, 0x45, 0x58, 0xb0, 0x03, 0x2f, 0x1b, 0xb1, 0x03, 0x22, 0x3e, 0x59, 0xb0, 0x02, 0xd0, 0xb0, 0x02, 0x2f, 0x30, 0x31, 
    0x01, 0x03, 0x23, 0x11, 0x33, 0x01, 0x0b, 0x1a, 0x9f, 0xb9, 0x05, 0x83, 0xfe, 0x79, 0x02, 0x04, 0x00, 0x01, 0x00, 0x80, 
    0xfe, 0x31, 0x02, 0xa2, 0x06, 0x5f, 0x00, 0x10, 0x00, 0x10, 0xb2, 0x07, 0x11, 0x12, 0x11, 0x12, 0x39, 0x00, 0xb0, 0x04, 
    0x2f, 0xb0, 0x0d, 0x2f, 0x30, 0x31, 0x13, 0x34, 0x12, 0x12, 0x37, 0x17, 0x06, 0x02, 0x03, 0x07, 0x10, 0x12, 0x17, 0x07, 
    0x26, 0x02, 0x02, 0x80, 0x7c, 0xf0, 0x86, 0x30, 0x8d, 0xaf, 0x08, 0x01, 0xab, 0x9a, 0x30, 0x86, 0xf1, 0x7b, 0x02, 0x50, 
    0xe7, 0x01, 0x9f, 0x01, 0x47, 0x42, 0x8e, 0x6b, 0xfe, 0x49, 0xfe, 0xe5, 0x56, 0xfe, 0xd1, 0xfe, 0x25, 0x7c, 0x87, 0x42, 
    0x01, 0x49, 0x01, 0x9d, 0x00, 0x01, 0x00, 0x28, 0xfe, 0x31, 0x02, 0x51, 0x06, 0x5f, 0x00, 0x12, 0x00, 0x10, 0xb2, 0x07, 
    0x13, 0x14, 0x11, 0x12, 0x39, 0x00, 0xb0, 0x04, 0x2f, 0xb0, 0x0e, 0x2f, 0x30, 0x31, 0x01, 0x14, 0x02, 0x02, 0x07, 0x27, 
    0x36, 0x12, 0x11, 0x35, 0x10, 0x02, 0x27, 0x27, 0x37, 0x16, 0x12, 0x12, 0x17, 0x02, 0x51, 0x7a, 0xf8, 0x87, 0x30, 0x96, 
    0xaf, 0x98, 0x8e, 0x1f, 0x30, 0x80, 0xf0, 0x80, 0x08, 0x02, 0x40, 0xde, 0xfe, 0x63, 0xfe, 0xad, 0x41, 0x87, 0x74, 0x01, 
    0xdd, 0x01, 0x32, 0x17, 0x01, 0x16, 0x01, 0xc9, 0x8a, 0x1c, 0x88, 0x3e, 0xfe, 0xc4, 0xfe, 0x79, 0xd0, 0x00, 0x00, 0x01, 
    0x00, 0x1b, 0x02, 0x4d, 0x03, 0x74, 0x05, 0xb0, 0x00, 0x0e, 0x00, 0x20, 0x00, 0xb0, 0x00, 0x45, 0x58, 0xb0, 0x04, 0x2f, 
    0x1b, 0xb1, 0x04, 0x20, 0x3e, 0x59, 0xb0, 0x00, 0xd0, 0x19, 0xb0, 0x00, 0x2f, 0x18, 0xb0, 0x09, 0xd0, 0x19, 0xb0, 0x09, 
    0x2f, 0x18, 0x30, 0x31, 0x01, 0x25, 0x37, 0x05, 0x03, 0x33, 0x03, 0x25, 0x17, 0x05, 0x13, 0x07, 0x03, 0x03, 0x27, 0x01, 
    0x4c, 0xfe, 0xcf, 0x37, 0x01, 0x2e, 0x0f, 0xb3, 0x0f, 0x01, 0x29, 0x36, 0xfe, 0xca, 0xc8, 0x91, 0xb4, 0xb2, 0x92, 0x03, 
    0xcc, 0x58, 0xa9, 0x75, 0x01, 0x58, 0xfe, 0xa2, 0x73, 0xac, 0x58, 0xfe, 0xf6, 0x6a, 0x01, 0x20, 0xfe, 0xe9, 0x66, 0x00, 
    0x00, 0x01, 0x00, 0x44, 0x00, 0x92, 0x04, 0x2a, 0x04, 0xb6, 0x00, 0x0b, 0x00, 0x1b, 0x00, 0xb0, 0x09, 0x2f, 0xb0, 0x00, 
    0xd0, 0xb0, 0x09, 0x10, 0xb1, 0x06, 0x01, 0xb0, 0x0a, 0x2b, 0x58, 0x21, 0xd8, 0x1b, 0xf4, 0x59, 0xb0, 0x03, 0xd0, 0x30, 
    0x31, 0x01, 0x21, 0x15, 0x21, 0x11, 0x23, 0x11, 0x21, 0x35, 0x21, 0x11, 0x33, 0x02, 0xae, 0x01, 0x7c, 0xfe, 0x84, 0xec, 
    0xfe, 0x82, 0x01, 0x7e, 0xec, 0x03, 0x21, 0xde, 0xfe, 0x4f, 0x01, 0xb1, 0xde, 0x01, 0x95, 0x00, 0x00, 0x01, 0x00, 0x1c, 
    0xfe, 0xb8, 0x01, 0x5d, 0x00, 0xeb, 0x00, 0x09, 0x00, 0x19, 0xb2, 0x09, 0x0a, 0x0b, 0x11, 0x12, 0x39, 0x00, 0xb0, 0x0a, 
    0x2f, 0xb1, 0x05, 0x0d, 0xb0, 0x0a, 0x2b, 0x58, 0x21, 0xd8, 0x1b, 0xf4, 0x59, 0x30, 0x31, 0x13, 0x27, 0x36, 0x36, 0x37, 
    0x35, 0x33, 0x07, 0x06, 0x06, 0x9f, 0x83, 0x3a, 0x2b, 0x01, 0xdb, 0x01, 0x01, 0x69, 0xfe, 0xb8, 0x4e, 0x5b, 0x87, 0x46, 
    0xbd, 0xaf, 0x6a, 0xd5, 0x00, 0x01, 0x00, 0x47, 0x02, 0x09, 0x02, 0x54, 0x02, 0xcd, 0x00, 0x03, 0x00, 0x12, 0x00, 0xb0, 
    0x02, 0x2f, 0xb1, 0x01, 0x01, 0xb0, 0x0a, 0x2b, 0x58, 0x21, 0xd8, 0x1b, 0xf4, 0x59, 0x30, 0x31, 0x01, 0x21, 0x35, 0x21, 
    0x02, 0x54, 0xfd, 0xf3, 0x02, 0x0d, 0x02, 0x09, 0xc4, 0x00, 0x00, 0x01, 0x00, 0x87, 0xff, 0xf5, 0x01, 0xa2, 0x01, 0x00, 
    0x00, 0x0a, 0x00, 0x23, 0xb2, 0x00, 0x0b, 0x0c, 0x11, 0x12, 0x39, 0x00, 0xb0, 0x00, 0x45, 0x58, 0xb0, 0x06, 0x2f, 0x1b, 
    0xb1, 0x06, 0x10, 0x3e, 0x59, 0xb1, 0x00, 0x0d, 0xb0, 0x0a, 0x2b, 0x58, 0x21, 0xd8, 0x1b, 0xf4, 0x59, 0x30, 0x31, 0x01, 
    0x32, 0x16, 0x15, 0x14, 0x06, 0x23, 0x22, 0x26, 0x34, 0x36, 0x01, 0x14, 0x44, 0x4a, 0x4a, 0x44, 0x41, 0x4c, 0x4a, 0x01, 
    0x00, 0x4d, 0x3a, 0x39, 0x4b, 0x4a, 0x74, 0x4d, 0x00, 0x01, 0x00, 0x02, 0xff, 0x83, 0x02, 0xfe, 0x05, 0xb0, 0x00, 0x03, 
    0x00, 0x13, 0x00, 0xb0, 0x00, 0x2f, 0xb0, 0x00, 0x45, 0x58, 0xb0, 0x02, 0x2f, 0x1b, 0xb1, 0x02, 0x20, 0x3e, 0x59, 0x30, 
    0x31, 0x17, 0x23, 0x01, 0x33, 0xc1, 0xbf, 0x02, 0x3d, 0xbf, 0x7d, 0x06, 0x2d, 0x00, 0x00, 0x02, 0x00, 0x69, 0xff, 0xec, 
    0x04, 0x22, 0x05, 0xc4, 0x00, 0x0d, 0x00, 0x1b, 0x00, 0x48, 0xb2, 0x03, 0x1c, 0x1d, 0x11, 0x12, 0x39, 0xb0, 0x03, 0x10, 
    0xb0, 0x11, 0xd0, 0x00, 0xb0, 0x00, 0x45, 0x58, 0xb0, 0x0a, 0x2f, 0x1b, 0xb1, 0x0a, 0x20, 0x3e, 0x59, 0xb0, 0x00, 0x45, 
    0x58, 0xb0, 0x03, 0x2f, 0x1b, 0xb1, 0x03, 0x10, 0x3e, 0x59, 0xb0, 0x0a, 0x10, 0xb1, 0x11, 0x01, 0xb0, 0x0a, 0x2b, 0x58, 
    0x21, 0xd8, 0x1b, 0xf4, 0x59, 0xb0, 0x03, 0x10, 0xb1, 0x18, 0x01, 0xb0, 0x0a, 0x2b, 0x58, 0x21, 0xd8, 0x1b, 0xf4, 0x59, 
    0x30, 0x31, 0x01, 0x10, 0x02, 0x23, 0x22, 0x02, 0x03, 0x35, 0x10, 0x12, 0x33, 0x32, 0x12, 0x13, 0x27, 0x34, 0x26, 0x23, 
    0x22, 0x06, 0x07, 0x11, 0x14, 0x16, 0x33, 0x32, 0x36, 0x37, 0x04, 0x22, 0xeb, 0xf0, 0xec, 0xef, 0x03, 0xeb, 0xf1, 0xef, 
    0xeb, 0x03, 0xf3, 0x70, 0x7a, 0x77, 0x70, 0x03, 0x72, 0x7a, 0x75, 0x70, 0x03, 0x02, 0x65, 0xfe, 0xc6, 0xfe, 0xc1, 0x01, 
    0x37, 0x01, 0x31, 0xfc, 0x01, 0x3a, 0x01, 0x3a, 0xfe, 0xce, 0xfe, 0xcf, 0x14, 0xcd, 0xbf, 0xb5, 0xc0, 0xfe, 0xb6, 0xcc, 
    0xc8, 0xb9, 0xc5, 0x00, 0x00, 0x01, 0x00, 0xa8, 0x00, 0x00, 0x02, 0xff, 0x05, 0xb5, 0x00, 0x06, 0x00, 0x3a, 0x00, 0xb0, 
    0x00, 0x45, 0x58, 0xb0, 0x05, 0x2f, 0x1b, 0xb1, 0x05, 0x20, 0x3e, 0x59, 0xb0, 0x00, 0x45, 0x58, 0xb0, 0x00, 0x2f, 0x1b, 
    0xb1, 0x00, 0x10, 0x3e, 0x59, 0xb2, 0x04, 0x00, 0x05, 0x11, 0x12, 0x39, 0xb0, 0x04, 0x2f, 0xb1, 0x03, 0x01, 0xb0, 0x0a, 
    0x2b, 0x58, 0x21, 0xd8, 0x1b, 0xf4, 0x59, 0xb2, 0x02, 0x03, 0x05, 0x11, 0x12, 0x39, 0x30, 0x31, 0x21, 0x23, 0x11, 0x05, 
    0x35, 0x25, 0x33, 0x02, 0xff, 0xf2, 0xfe, 0x9b, 0x02, 0x38, 0x1f, 0x04, 0x91, 0x7a, 0xcd, 0xd1, 0x00, 0x01, 0x00, 0x51, 
    0x00, 0x00, 0x04, 0x40, 0x05, 0xc4, 0x00, 0x19, 0x00, 0x50, 0xb2, 0x11, 0x1a, 0x1b, 0x11, 0x12, 0x39, 0x00, 0xb0, 0x00, 
    0x45, 0x58, 0xb0, 0x11, 0x2f, 0x1b, 0xb1, 0x11, 0x20, 0x3e, 0x59, 0xb0, 0x00, 0x45, 0x58, 0xb0, 0x00, 0x2f, 0x1b, 0xb1, 
    0x00, 0x10, 0x3e, 0x59, 0xb2, 0x03, 0x11, 0x00, 0x11, 0x12, 0x39, 0xb0, 0x11, 0x10, 0xb1, 0x09, 0x01, 0xb0, 0x0a, 0x2b, 
    0x58, 0x21, 0xd8, 0x1b, 0xf4, 0x59, 0xb2, 0x16, 0x11, 0x00, 0x11, 0x12, 0x39, 0xb0, 0x00, 0x10, 0xb1, 0x18, 0x01, 0xb0, 
    0x0a, 0x2b, 0x58, 0x21, 0xd8, 0x1b, 0xf4, 0x59, 0x30, 0x31, 0x21, 0x21, 0x35, 0x01, 0x36, 0x36, 0x35, 0x34, 0x26, 0x23, 
    0x22, 0x06, 0x15, 0x23, 0x34, 0x36, 0x36, 0x33, 0x32, 0x16, 0x15, 0x14, 0x06, 0x07, 0x01, 0x21, 0x04, 0x40, 0xfc, 0x2d, 
    0x01, 0xe5, 0x69, 0x59, 0x75, 0x63, 0x76, 0x82, 0xf3, 0x79, 0xe1, 0x93, 0xd4, 0xf5, 0x7b, 0x8c, 0xfe, 0x9c, 0x02, 0xa4, 
    0xa7, 0x02, 0x11, 0x75, 0x9d, 0x4f, 0x68, 0x80, 0x90, 0x7d, 0x85, 0xd5, 0x76, 0xd5, 0xbc, 0x6d, 0xef, 0x98, 0xfe, 0x83, 
    0x00, 0x01, 0x00, 0x4f, 0xff, 0xec, 0x04, 0x15, 0x05, 0xc4, 0x00, 0x29, 0x00, 0x71, 0xb2, 0x07, 0x2a, 0x2b, 0x11, 0x12, 
    0x39, 0x00, 0xb0, 0x00, 0x45, 0x58, 0xb0, 0x0f, 0x2f, 0x1b, 0xb1, 0x0f, 0x20, 0x3e, 0x59, 0xb0, 0x00, 0x45, 0x58, 0xb0, 
    0x1b, 0x2f, 0x1b, 0xb1, 0x1b, 0x10, 0x3e, 0x59, 0xb2, 0x01, 0x0f, 0x1b, 0x11, 0x12, 0x39, 0xb0, 0x01, 0x2f, 0xb2, 0x1f, 
    0x01, 0x01, 0x71, 0xb2, 0x9f, 0x01, 0x01, 0x5d, 0xb2, 0x3f, 0x01, 0x01, 0x71, 0xb0, 0x0f, 0x10, 0xb1, 0x07, 0x01, 0xb0, 
    0x0a, 0x2b, 0x58, 0x21, 0xd8, 0x1b, 0xf4, 0x59, 0xb0, 0x01, 0x10, 0xb1, 0x28, 0x01, 0xb0, 0x0a, 0x2b, 0x58, 0x21, 0xd8, 
    0x1b, 0xf4, 0x59, 0xb2, 0x15, 0x28, 0x01, 0x11, 0x12, 0x39, 0xb0, 0x1b, 0x10, 0xb1, 0x22, 0x01, 0xb0, 0x0a, 0x2b, 0x58, 
    0x21, 0xd8, 0x1b, 0xf4, 0x59, 0x30, 0x31, 0x01, 0x33, 0x36, 0x36, 0x35, 0x34, 0x26, 0x23, 0x22, 0x06, 0x15, 0x23, 0x34, 
    0x36, 0x36, 0x33, 0x32, 0x16, 0x15, 0x14, 0x06, 0x07, 0x16, 0x16, 0x15, 0x14, 0x04, 0x23, 0x22, 0x24, 0x35, 0x33, 0x14, 
    0x16, 0x33, 0x32, 0x36, 0x35, 0x34, 0x26, 0x23, 0x23, 0x01, 0x86, 0x94, 0x70, 0x83, 0x6d, 0x70, 0x62, 0x7e, 0xf3, 0x77, 
    0xd5, 0x84, 0xda, 0xf9, 0x7d, 0x63, 0x78, 0x7d, 0xfe, 0xf3, 0xdb, 0xd2, 0xfe, 0xf4, 0xf3, 0x81, 0x6d, 0x71, 0x82, 0x88, 
    0x86, 0x8f, 0x03, 0x47, 0x01, 0x72, 0x6c, 0x68, 0x73, 0x71, 0x5b, 0x70, 0xb8, 0x67, 0xdb, 0xc3, 0x62, 0xad, 0x2c, 0x29, 
    0xb0, 0x7a, 0xc4, 0xe8, 0xe0, 0xba, 0x60, 0x78, 0x78, 0x72, 0x73, 0x7c, 0x00, 0x02, 0x00, 0x34, 0x00, 0x00, 0x04, 0x58, 
    0x05, 0xb0, 0x00, 0x0a, 0x00, 0x0e, 0x00, 0x4a, 0x00, 0xb0, 0x00, 0x45, 0x58, 0xb0, 0x09, 0x2f, 0x1b, 0xb1, 0x09, 0x20, 
    0x3e, 0x59, 0xb0, 0x00, 0x45, 0x58, 0xb0, 0x04, 0x2f, 0x1b, 0xb1, 0x04, 0x10, 0x3e, 0x59, 0xb2, 0x01, 0x09, 0x04, 0x11, 
    0x12, 0x39, 0xb0, 0x01, 0x2f, 0xb1, 0x02, 0x01, 0xb0, 0x0a, 0x2b, 0x58, 0x21, 0xd8, 0x1b, 0xf4, 0x59, 0xb0, 0x06, 0xd0, 
    0xb0, 0x01, 0x10, 0xb0, 0x0b, 0xd0, 0xb2, 0x08, 0x06, 0x0b, 0x11, 0x12, 0x39, 0xb2, 0x0d, 0x09, 0x04, 0x11, 0x12, 0x39, 
    0x30, 0x31, 0x01, 0x33, 0x15, 0x23, 0x11, 0x23, 0x11, 0x21, 0x27, 0x01, 0x33, 0x01, 0x21, 0x11, 0x07, 0x03, 0xa3, 0xb5, 
    0xb5, 0xf3, 0xfd, 0x8b, 0x07, 0x02, 0x74, 0xfb, 0xfd, 0x90, 0x01, 0x7d, 0x12, 0x02, 0x07, 0xc3, 0xfe, 0xbc, 0x01, 0x44, 
    0x94, 0x03, 0xd8, 0xfc, 0x57, 0x02, 0x60, 0x20, 0x00, 0x01, 0x00, 0x81, 0xff, 0xec, 0x04, 0x3a, 0x05, 0xb0, 0x00, 0x1d, 
    0x00, 0x6d, 0xb2, 0x1a, 0x1e, 0x1f, 0x11, 0x12, 0x39, 0x00, 0xb0, 0x00, 0x45, 0x58, 0xb0, 0x01, 0x2f, 0x1b, 0xb1, 0x01, 
    0x20, 0x3e, 0x59, 0xb0, 0x00, 0x45, 0x58, 0xb0, 0x0d, 0x2f, 0x1b, 0xb1, 0x0d, 0x10, 0x3e, 0x59, 0xb0, 0x01, 0x10, 0xb1, 
    0x03, 0x01, 0xb0, 0x0a, 0x2b, 0x58, 0x21, 0xd8, 0x1b, 0xf4, 0x59, 0xb2, 0x07, 0x01, 0x0d, 0x11, 0x12, 0x39, 0xb0, 0x07, 
    0x2f, 0xb1, 0x1a, 0x01, 0xb0, 0x0a, 0x2b, 0x58, 0x21, 0xd8, 0x1b, 0xf4, 0x59, 0xb2, 0x05, 0x07, 0x1a, 0x11, 0x12, 0x39, 
    0xb0, 0x0d, 0x10, 0xb1, 0x14, 0x01, 0xb0, 0x0a, 0x2b, 0x58, 0x21, 0xd8, 0x1b, 0xf4, 0x59, 0xb2, 0x11, 0x14, 0x1a, 0x11, 
    0x12, 0x39, 0xb2, 0x1d, 0x1a, 0x14, 0x11, 0x12, 0x39, 0x30, 0x31, 0x13, 0x13, 0x21, 0x15, 0x21, 0x03, 0x36, 0x33, 0x32, 
    0x12, 0x15, 0x14, 0x00, 0x23, 0x22, 0x24, 0x27, 0x33, 0x16, 0x16, 0x33, 0x32, 0x36, 0x35, 0x34, 0x26, 0x23, 0x22, 0x06, 
    0x07, 0xae, 0x4f, 0x03, 0x0e, 0xfd, 0xbc, 0x28, 0x65, 0x7f, 0xd0, 0xe7, 0xff, 0x00, 0xdf, 0xc8, 0xfe, 0xf9, 0x0b, 0xeb, 
    0x0e, 0x7c, 0x64, 0x70, 0x7d, 0x8a, 0x79, 0x42, 0x5c, 0x36, 0x02, 0xd2, 0x02, 0xde, 0xd2, 0xfe, 0xa4, 0x3a, 0xfe, 0xf6, 
    0xe1, 0xde, 0xfe, 0xf9, 0xe3, 0xba, 0x6a, 0x71, 0xa0, 0x8a, 0x85, 0x9b, 0x23, 0x33, 0x00, 0x02, 0x00, 0x75, 0xff, 0xec, 
    0x04, 0x37, 0x05, 0xb7, 0x00, 0x14, 0x00, 0x1f, 0x00, 0x65, 0xb2, 0x15, 0x20, 0x21, 0x11, 0x12, 0x39, 0xb0, 0x15, 0x10, 
    0xb0, 0x0d, 0xd0, 0x00, 0xb0, 0x00, 0x45, 0x58, 0xb0, 0x00, 0x2f, 0x1b, 0xb1, 0x00, 0x20, 0x3e, 0x59, 0xb0, 0x00, 0x45, 
    0x58, 0xb0, 0x0d, 0x2f, 0x1b, 0xb1, 0x0d, 0x10, 0x3e, 0x59, 0xb0, 0x00, 0x10, 0xb1, 0x01, 0x01, 0xb0, 0x0a, 0x2b, 0x58, 
    0x21, 0xd8, 0x1b, 0xf4, 0x59, 0xb2, 0x07, 0x00, 0x0d, 0x11, 0x12, 0x39, 0xb0, 0x07, 0x2f, 0xb2, 0x05, 0x07, 0x0d, 0x11, 
    0x12, 0x39, 0xb1, 0x15, 0x01, 0xb0, 0x0a, 0x2b, 0x58, 0x21, 0xd8, 0x1b, 0xf4, 0x59, 0xb0, 0x0d, 0x10, 0xb1, 0x1b, 0x01, 
    0xb0, 0x0a, 0x2b, 0x58, 0x21, 0xd8, 0x1b, 0xf4, 0x59, 0x30, 0x31, 0x01, 0x15, 0x23, 0x06, 0x06, 0x07, 0x36, 0x33, 0x32, 
    0x12, 0x15, 0x14, 0x00, 0x23, 0x22, 0x00, 0x11, 0x35, 0x10, 0x00, 0x21, 0x03, 0x22, 0x06, 0x07, 0x15, 0x14, 0x16, 0x32, 
    0x36, 0x10, 0x26, 0x03, 0x61, 0x1e, 0xcc, 0xf4, 0x17, 0x75, 0xb6, 0xc1, 0xdf, 0xfe, 0xfb, 0xd4, 0xda, 0xfe, 0xf1, 0x01, 
    0x75, 0x01, 0x5e, 0xec, 0x50, 0x85, 0x1f, 0x88, 0xd8, 0x7e, 0x80, 0x05, 0xb7, 0xc9, 0x03, 0xda, 0xc8, 0x7b, 0xfe, 0xf0, 
    0xd7, 0xde, 0xfe, 0xed, 0x01, 0x42, 0x01, 0x05, 0x53, 0x01, 0x7f, 0x01, 0xb2, 0xfd, 0x49, 0x5a, 0x4b, 0x4a, 0xa2, 0xbf, 
    0xa2, 0x01, 0x08, 0xa6, 0x00, 0x01, 0x00, 0x45, 0x00, 0x00, 0x04, 0x36, 0x05, 0xb0, 0x00, 0x06, 0x00, 0x33, 0x00, 0xb0, 
    0x00, 0x45, 0x58, 0xb0, 0x05, 0x2f, 0x1b, 0xb1, 0x05, 0x20, 0x3e, 0x59, 0xb0, 0x00, 0x45, 0x58, 0xb0, 0x01, 0x2f, 0x1b, 
    0xb1, 0x01, 0x10, 0x3e, 0x59, 0xb0, 0x05, 0x10, 0xb1, 0x03, 0x01, 0xb0, 0x0a, 0x2b, 0x58, 0x21, 0xd8, 0x1b, 0xf4, 0x59, 
    0xb2, 0x00, 0x03, 0x05, 0x11, 0x12, 0x39, 0x30, 0x31, 0x01, 0x01, 0x23, 0x01, 0x21, 0x35, 0x21, 0x04, 0x36, 0xfd, 0xba, 
    0xff, 0x02, 0x45, 0xfd, 0x0f, 0x03, 0xf1, 0x05, 0x29, 0xfa, 0xd7, 0x04, 0xed, 0xc3, 0x00, 0x03, 0x00, 0x68, 0xff, 0xec, 
    0x04, 0x22, 0x05, 0xc4, 0x00, 0x17, 0x00, 0x21, 0x00, 0x2b, 0x00, 0x77, 0xb2, 0x09, 0x2c, 0x2d, 0x11, 0x12, 0x39, 0xb0, 
    0x09, 0x10, 0xb0, 0x1a, 0xd0, 0xb0, 0x09, 0x10, 0xb0, 0x24, 0xd0, 0x00, 0xb0, 0x00, 0x45, 0x58, 0xb0, 0x15, 0x2f, 0x1b, 
    0xb1, 0x15, 0x20, 0x3e, 0x59, 0xb0, 0x00, 0x45, 0x58, 0xb0, 0x09, 0x2f, 0x1b, 0xb1, 0x09, 0x10, 0x3e, 0x59, 0xb2, 0x29, 
    0x09, 0x15, 0x11, 0x12, 0x39, 0xb0, 0x29, 0x2f, 0xb2, 0x1f, 0x29, 0x01, 0x71, 0xb1, 0x1a, 0x01, 0xb0, 0x0a, 0x2b, 0x58, 
    0x21, 0xd8, 0x1b, 0xf4, 0x59, 0xb2, 0x03, 0x1a, 0x29, 0x11, 0x12, 0x39, 0xb2, 0x0f, 0x29, 0x1a, 0x11, 0x12, 0x39, 0xb0, 
    0x09, 0x10, 0xb1, 0x1f, 0x01, 0xb0, 0x0a, 0x2b, 0x58, 0x21, 0xd8, 0x1b, 0xf4, 0x59, 0xb0, 0x15, 0x10, 0xb1, 0x25, 0x01, 
    0xb0, 0x0a, 0x2b, 0x58, 0x21, 0xd8, 0x1b, 0xf4, 0x59, 0x30, 0x31, 0x01, 0x14, 0x06, 0x07, 0x16, 0x16, 0x15, 0x14, 0x04, 
    0x23, 0x22, 0x24, 0x35, 0x34, 0x36, 0x37, 0x26, 0x26, 0x35, 0x34, 0x36, 0x33, 0x32, 0x16, 0x03, 0x34, 0x26, 0x22, 0x06, 
    0x15, 0x14, 0x16, 0x32, 0x36, 0x03, 0x34, 0x26, 0x22, 0x06, 0x15, 0x14, 0x16, 0x32, 0x36, 0x04, 0x02, 0x6e, 0x5f, 0x72, 
    0x7b, 0xfe, 0xfc, 0xd8, 0xd9, 0xfe, 0xfb, 0x7c, 0x70, 0x5e, 0x6d, 0xf0, 0xcc, 0xcd, 0xf0, 0xd3, 0x81, 0xd4, 0x7f, 0x7d, 
    0xdc, 0x7b, 0x1f, 0x6e, 0xba, 0x6c, 0x6d, 0xba, 0x6d, 0x04, 0x30, 0x6b, 0xa7, 0x30, 0x35, 0xb8, 0x74, 0xc0, 0xe1, 0xe2, 
    0xbf, 0x75, 0xba, 0x32, 0x30, 0xa7, 0x6b, 0xba, 0xda, 0xda, 0xfc, 0xaf, 0x6c, 0x85, 0x84, 0x6d, 0x6b, 0x80, 0x7c, 0x02, 
    0xfd, 0x5f, 0x7b, 0x75, 0x65, 0x64, 0x76, 0x76, 0x00, 0x02, 0x00, 0x5d, 0xff, 0xfa, 0x04, 0x12, 0x05, 0xc4, 0x00, 0x15, 
    0x00, 0x21, 0x00, 0x67, 0xb2, 0x09, 0x22, 0x23, 0x11, 0x12, 0x39, 0xb0, 0x09, 0x10, 0xb0, 0x16, 0xd0, 0x00, 0xb0, 0x00, 
    0x45, 0x58, 0xb0, 0x09, 0x2f, 0x1b, 0xb1, 0x09, 0x20, 0x3e, 0x59, 0xb0, 0x00, 0x45, 0x58, 0xb0, 0x11, 0x2f, 0x1b, 0xb1, 
    0x11, 0x10, 0x3e, 0x59, 0xb2, 0x16, 0x11, 0x09, 0x11, 0x12, 0x39, 0x7c, 0xb0, 0x16, 0x2f, 0x18, 0xb1, 0x02, 0x01, 0xb0, 
    0x0a, 0x2b, 0x58, 0x21, 0xd8, 0x1b, 0xf4, 0x59, 0xb2, 0x00, 0x02, 0x09, 0x11, 0x12, 0x39, 0xb0, 0x11, 0x10, 0xb1, 0x12, 
    0x01, 0xb0, 0x0a, 0x2b, 0x58, 0x21, 0xd8, 0x1b, 0xf4, 0x59, 0xb0, 0x09, 0x10, 0xb1, 0x1d, 0x01, 0xb0, 0x0a, 0x2b, 0x58, 
    0x21, 0xd8, 0x1b, 0xf4, 0x59, 0x30, 0x31, 0x01, 0x06, 0x23, 0x22, 0x02, 0x35, 0x34, 0x36, 0x36, 0x33, 0x32, 0x00, 0x11, 
    0x15, 0x10, 0x00, 0x05, 0x23, 0x35, 0x33, 0x36, 0x36, 0x03, 0x32, 0x36, 0x37, 0x35, 0x34, 0x26, 0x22, 0x06, 0x15, 0x14, 
    0x16, 0x03, 0x1e, 0x7a, 0xa3, 0xc0, 0xe4, 0x74, 0xd6, 0x8d, 0xdc, 0x01, 0x02, 0xfe, 0x9c, 0xfe, 0x9f, 0x1d, 0x23, 0xd7, 
    0xe6, 0xdc, 0x49, 0x80, 0x23, 0x84, 0xd2, 0x7d, 0x7e, 0x02, 0x61, 0x81, 0x01, 0x0d, 0xdb, 0x90, 0xea, 0x82, 0xfe, 0xb8, 
    0xfe, 0xed, 0x44, 0xfe, 0x76, 0xfe, 0x62, 0x03, 0xc9, 0x03, 0xc9, 0x01, 0x0f, 0x54, 0x4a, 0x5f, 0xa1, 0xc4, 0xad, 0x84, 
    0x89, 0xa8, 0xff, 0xff, 0x00, 0x82, 0xff, 0xf5, 0x01, 0x9d, 0x04, 0x51, 0x00, 0x26, 0x00, 0x0f, 0xfb, 0x00, 0x00, 0x07, 
    0x00, 0x0f, 0xff, 0xfb, 0x03, 0x51, 0xff, 0xff, 0x00, 0x2e, 0xfe, 0xb8, 0x01, 0x88, 0x04, 0x51, 0x00, 0x27, 0x00, 0x0f, 
    0xff, 0xe6, 0x03, 0x51, 0x00, 0x06, 0x00, 0x0d, 0x12, 0x00, 0x00, 0x01, 0x00, 0x3f, 0x00, 0xa4, 0x03, 0x84, 0x04, 0x4e, 
    0x00, 0x06, 0x00, 0x17, 0xb2, 0x00, 0x07, 0x08, 0x11, 0x12, 0x39, 0x00, 0xb0, 0x00, 0x45, 0x58, 0xb0, 0x05, 0x2f, 0x1b, 
    0xb1, 0x05, 0x1c, 0x3e, 0x59, 0x30, 0x31, 0x01, 0x05, 0x15, 0x01, 0x35, 0x01, 0x15, 0x01, 0x36, 0x02, 0x4e, 0xfc, 0xbb, 
    0x03, 0x45, 0x02, 0x77, 0xe0, 0xf3, 0x01, 0x75, 0xc1, 0x01, 0x74, 0xf3, 0x00, 0x02, 0x00, 0x91, 0x01, 0x64, 0x03, 0xef, 
    0x03, 0xd6, 0x00, 0x03, 0x00, 0x07, 0x00, 0x27, 0x00, 0xb0, 0x07, 0x2f, 0xb0, 0x03, 0xd0, 0xb0, 0x03, 0x2f, 0xb1, 0x00, 
    0x01, 0xb0, 0x0a, 0x2b, 0x58, 0x21, 0xd8, 0x1b, 0xf4, 0x59, 0xb0, 0x07, 0x10, 0xb1, 0x04, 0x01, 0xb0, 0x0a, 0x2b, 0x58, 
    0x21, 0xd8, 0x1b, 0xf4, 0x59, 0x30, 0x31, 0x01, 0x21, 0x35, 0x21, 0x11, 0x21, 0x35, 0x21, 0x03, 0xef, 0xfc, 0xa2, 0x03, 
    0x5e, 0xfc, 0xa2, 0x03, 0x5e, 0x03, 0x0c, 0xca, 0xfd, 0x8e, 0xc9, 0x00, 0x00, 0x01, 0x00, 0x80, 0x00, 0xa5, 0x03, 0xe0, 
    0x04, 0x4e, 0x00, 0x06, 0x00, 0x17, 0xb2, 0x00, 0x07, 0x08, 0x11, 0x12, 0x39, 0x00, 0xb0, 0x00, 0x45, 0x58, 0xb0, 0x02, 
    0x2f, 0x1b, 0xb1, 0x02, 0x1c, 0x3e, 0x59, 0x30, 0x31, 0x01, 0x25, 0x35, 0x01, 0x15, 0x01, 0x35, 0x02, 0xea, 0xfd, 0x96, 
    0x03, 0x60, 0xfc, 0xa0, 0x02, 0x7c, 0xe3, 0xef, 0xfe, 0x8c, 0xc1, 0xfe, 0x8c, 0xef, 0x00, 0x02, 0x00, 0x3c, 0xff, 0xf4, 
    0x03, 0x98, 0x05, 0xc4, 0x00, 0x18, 0x00, 0x23, 0x00, 0x60, 0xb2, 0x09, 0x24, 0x25, 0x11, 0x12, 0x39, 0xb0, 0x09, 0x10, 
    0xb0, 0x1c, 0xd0, 0x00, 0xb0, 0x00, 0x45, 0x58, 0xb0, 0x10, 0x2f, 0x1b, 0xb1, 0x10, 0x20, 0x3e, 0x59, 0xb0, 0x00, 0x45, 
    0x58, 0xb0, 0x22, 0x2f, 0x1b, 0xb1, 0x22, 0x10, 0x3e, 0x59, 0xb1, 0x1c, 0x0d, 0xb0, 0x0a, 0x2b, 0x58, 0x21, 0xd8, 0x1b, 
    0xf4, 0x59, 0xb0, 0x00, 0xd0, 0xb0, 0x00, 0x2f, 0xb2, 0x04, 0x00, 0x10, 0x11, 0x12, 0x39, 0xb0, 0x10, 0x10, 0xb1, 0x09, 
    0x01, 0xb0, 0x0a, 0x2b, 0x58, 0x21, 0xd8, 0x1b, 0xf4, 0x59, 0xb2, 0x0c, 0x10, 0x00, 0x11, 0x12, 0x39, 0xb2, 0x15, 0x00, 
    0x10, 0x11, 0x12, 0x39, 0x30, 0x31, 0x01, 0x34, 0x36, 0x36, 0x37, 0x36, 0x35, 0x34, 0x26, 0x23, 0x22, 0x06, 0x15, 0x23, 
    0x36, 0x36, 0x33, 0x32, 0x16, 0x15, 0x14, 0x07, 0x07, 0x06, 0x07, 0x03, 0x34, 0x36, 0x33, 0x32, 0x16, 0x15, 0x14, 0x06, 
    0x22, 0x26, 0x01, 0x5e, 0x42, 0xc3, 0x1a, 0x28, 0x5d, 0x5a, 0x56, 0x69, 0xf3, 0x02, 0xed, 0xc3, 0xc9, 0xe1, 0x98, 0x7b, 
    0x42, 0x02, 0xf4, 0x4a, 0x3f, 0x40, 0x4a, 0x48, 0x84, 0x47, 0x01, 0xac, 0x85, 0x9e, 0xbd, 0x28, 0x3d, 0x47, 0x5e, 0x63, 
    0x61, 0x53, 0xb1, 0xce, 0xcc, 0xb7, 0xa3, 0x9e, 0x79, 0x4b, 0x90, 0xfe, 0xc9, 0x3b, 0x49, 0x4b, 0x39, 0x37, 0x4a, 0x4a, 
    0x00, 0x02, 0x00, 0x5b, 0xfe, 0x3b, 0x06, 0xd9, 0x05, 0x90, 0x00, 0x36, 0x00, 0x42, 0x00, 0x80, 0xb2, 0x3b, 0x43, 0x44, 
    0x11, 0x12, 0x39, 0xb0, 0x3b, 0x10, 0xb0, 0x23, 0xd0, 0x00, 0xb0, 0x2a, 0x2f, 0xb0, 0x33, 0x2f, 0xb0, 0x00, 0x45, 0x58, 
    0xb0, 0x03, 0x2f, 0x1b, 0xb1, 0x03, 0x10, 0x3e, 0x59, 0xb0, 0x00, 0x45, 0x58, 0xb0, 0x08, 0x2f, 0x1b, 0xb1, 0x08, 0x10, 
    0x3e, 0x59, 0xb2, 0x05, 0x33, 0x08, 0x11, 0x12, 0x39, 0xb2, 0x0f, 0x33, 0x08, 0x11, 0x12, 0x39, 0xb0, 0x0f, 0x2f, 0xb0, 
    0x08, 0x10, 0xb1, 0x3a, 0x02, 0xb0, 0x0a, 0x2b, 0x58, 0x21, 0xd8, 0x1b, 0xf4, 0x59, 0xb0, 0x15, 0xd0, 0xb0, 0x33, 0x10, 
    0xb1, 0x1b, 0x02, 0xb0, 0x0a, 0x2b, 0x58, 0x21, 0xd8, 0x1b, 0xf4, 0x59, 0xb0, 0x2a, 0x10, 0xb1, 0x23, 0x02, 0xb0, 0x0a, 
    0x2b, 0x58, 0x21, 0xd8, 0x1b, 0xf4, 0x59, 0xb0, 0x0f, 0x10, 0xb1, 0x40, 0x02, 0xb0, 0x0a, 0x2b, 0x58, 0x21, 0xd8, 0x1b, 
    0xf4, 0x59, 0x30, 0x31, 0x01, 0x06, 0x02, 0x23, 0x22, 0x27, 0x06, 0x06, 0x23, 0x22, 0x26, 0x37, 0x36, 0x12, 0x36, 0x33, 
    0x32, 0x16, 0x17, 0x03, 0x06, 0x33, 0x32, 0x36, 0x37, 0x12, 0x00, 0x21, 0x22, 0x04, 0x02, 0x07, 0x06, 0x12, 0x04, 0x33, 
    0x32, 0x36, 0x37, 0x17, 0x06, 0x06, 0x23, 0x22, 0x24, 0x27, 0x26, 0x13, 0x12, 0x12, 0x24, 0x33, 0x32, 0x04, 0x12, 0x01, 
    0x06, 0x16, 0x33, 0x32, 0x36, 0x37, 0x13, 0x26, 0x23, 0x22, 0x06, 0x06, 0xcd, 0x0c, 0xde, 0xbe, 0xb5, 0x3d, 0x33, 0x87, 
    0x4a, 0x92, 0x97, 0x12, 0x10, 0x7f, 0xc3, 0x6e, 0x54, 0x81, 0x57, 0x34, 0x13, 0x85, 0x66, 0x83, 0x06, 0x11, 0xfe, 0xc1, 
    0xfe, 0xc0, 0xc4, 0xfe, 0xd1, 0xb2, 0x09, 0x0c, 0x8b, 0x01, 0x1f, 0xcf, 0x54, 0xb7, 0x40, 0x26, 0x3d, 0xcf, 0x69, 0xfe, 
    0xfe, 0x94, 0x5b, 0x5e, 0x0b, 0x0c, 0xde, 0x01, 0x81, 0xf6, 0xf9, 0x01, 0x67, 0xb2, 0xfc, 0x03, 0x0d, 0x4a, 0x51, 0x36, 
    0x60, 0x1e, 0x2d, 0x32, 0x2f, 0x6f, 0x8c, 0x02, 0x06, 0xfa, 0xfe, 0xdf, 0x9a, 0x4c, 0x4c, 0xf0, 0xc9, 0xa3, 0x01, 0x06, 
    0x8f, 0x2a, 0x42, 0xfd, 0xcd, 0xc6, 0xdb, 0xae, 0x01, 0x71, 0x01, 0x88, 0xc4, 0xfe, 0x8d, 0xed, 0xf1, 0xfe, 0xa3, 0xb6, 
    0x28, 0x22, 0x89, 0x28, 0x31, 0xd7, 0xcc, 0xd3, 0x01, 0x26, 0x01, 0x12, 0x01, 0xb5, 0xf2, 0xdb, 0xfe, 0x65, 0xfe, 0x8c, 
    0x88, 0x8d, 0x5f, 0x53, 0x01, 0xed, 0x13, 0xd1, 0x00, 0x02, 0x00, 0x12, 0x00, 0x00, 0x05, 0x42, 0x05, 0xb0, 0x00, 0x07, 
    0x00, 0x0a, 0x00, 0x47, 0x00, 0xb0, 0x00, 0x45, 0x58, 0xb0, 0x04, 0x2f, 0x1b, 0xb1, 0x04, 0x20, 0x3e, 0x59, 0xb0, 0x00, 
    0x45, 0x58, 0xb0, 0x02, 0x2f, 0x1b, 0xb1, 0x02, 0x10, 0x3e, 0x59, 0xb0, 0x00, 0x45, 0x58, 0xb0, 0x06, 0x2f, 0x1b, 0xb1, 
    0x06, 0x10, 0x3e, 0x59, 0xb2, 0x09, 0x04, 0x02, 0x11, 0x12, 0x39, 0xb0, 0x09, 0x2f, 0xb1, 0x00, 0x01, 0xb0, 0x0a, 0x2b, 
    0x58, 0x21, 0xd8, 0x1b, 0xf4, 0x59, 0xb2, 0x0a, 0x04, 0x02, 0x11, 0x12, 0x39, 0x30, 0x31, 0x01, 0x21, 0x03, 0x21, 0x01, 
    0x33, 0x01, 0x21, 0x01, 0x21, 0x03, 0x03, 0xc3, 0xfd, 0xcc, 0x76, 0xfe, 0xf9, 0x02, 0x26, 0xe3, 0x02, 0x27, 0xfe, 0xf8, 
    0xfd, 0x9c, 0x01, 0xa6, 0xd3, 0x01, 0x53, 0xfe, 0xad, 0x05, 0xb0, 0xfa, 0x50, 0x02, 0x1f, 0x02, 0x5c, 0x00, 0x00, 0x03, 
    0x00, 0x94, 0x00, 0x00, 0x04, 0xa3, 0x05, 0xb0, 0x00, 0x0e, 0x00, 0x16, 0x00, 0x1f, 0x00, 0x70, 0xb2, 0x02, 0x20, 0x21, 
    0x11, 0x12, 0x39, 0xb0, 0x02, 0x10, 0xb0, 0x11, 0xd0, 0xb0, 0x02, 0x10, 0xb0, 0x1e, 0xd0, 0x00, 0xb0, 0x00, 0x45, 0x58, 
    0xb0, 0x01, 0x2f, 0x1b, 0xb1, 0x01, 0x20, 0x3e, 0x59, 0xb0, 0x00, 0x45, 0x58, 0xb0, 0x00, 0x2f, 0x1b, 0xb1, 0x00, 0x10, 
    0x3e, 0x59, 0xb2, 0x17, 0x00, 0x01, 0x11, 0x12, 0x39, 0xb0, 0x17, 0x2f, 0xb2, 0x1f, 0x17, 0x01, 0x71, 0xb1, 0x0f, 0x01, 
    0xb0, 0x0a, 0x2b, 0x58, 0x21, 0xd8, 0x1b, 0xf4, 0x59, 0xb2, 0x08, 0x0f, 0x17, 0x11, 0x12, 0x39, 0xb0, 0x00, 0x10, 0xb1, 
    0x10, 0x01, 0xb0, 0x0a, 0x2b, 0x58, 0x21, 0xd8, 0x1b, 0xf4, 0x59, 0xb0, 0x01, 0x10, 0xb1, 0x1e, 0x01, 0xb0, 0x0a, 0x2b, 
    0x58, 0x21, 0xd8, 0x1b, 0xf4, 0x59, 0x30, 0x31, 0x33, 0x11, 0x21, 0x32, 0x04, 0x15, 0x14, 0x06, 0x07, 0x16, 0x16, 0x15, 
    0x14, 0x04, 0x23, 0x01, 0x11, 0x21, 0x32, 0x36, 0x35, 0x34, 0x27, 0x25, 0x33, 0x32, 0x36, 0x35, 0x34, 0x26, 0x23, 0x23, 
    0x94, 0x01, 0xf3, 0xf7, 0x01, 0x02, 0x6c, 0x68, 0x76, 0x81, 0xfe, 0xf9, 0xf5, 0xfe, 0xea, 0x01, 0x19, 0x77, 0x86, 0xe8, 
    0xfe, 0xd2, 0xf8, 0x76, 0x85, 0x7b, 0x82, 0xf6, 0x05, 0xb0, 0xc6, 0xc4, 0x64, 0xa0, 0x2c, 0x20, 0xb1, 0x7c, 0xcd, 0xdc, 
    0x02, 0x91, 0xfe, 0x39, 0x76, 0x69, 0xe3, 0x05, 0xba, 0x6b, 0x62, 0x6c, 0x60, 0x00, 0x00, 0x01, 0x00, 0x66, 0xff, 0xec, 
    0x04, 0xeb, 0x05, 0xc4, 0x00, 0x1d, 0x00, 0x42, 0xb2, 0x03, 0x1e, 0x1f, 0x11, 0x12, 0x39, 0x00, 0xb0, 0x00, 0x45, 0x58, 
    0xb0, 0x0c, 0x2f, 0x1b, 0xb1, 0x0c, 0x20, 0x3e, 0x59, 0xb0, 0x00, 0x45, 0x58, 0xb0, 0x03, 0x2f, 0x1b, 0xb1, 0x03, 0x10, 
    0x3e, 0x59, 0xb0, 0x0c, 0x10, 0xb1, 0x13, 0x01, 0xb0, 0x0a, 0x2b, 0x58, 0x21, 0xd8, 0x1b, 0xf4, 0x59, 0xb0, 0x03, 0x10, 
    0xb1, 0x1a, 0x01, 0xb0, 0x0a, 0x2b, 0x58, 0x21, 0xd8, 0x1b, 0xf4, 0x59, 0x30, 0x31, 0x01, 0x06, 0x00, 0x23, 0x22, 0x24, 
    0x02, 0x27, 0x35, 0x34, 0x12, 0x24, 0x33, 0x32, 0x00, 0x17, 0x23, 0x26, 0x26, 0x23, 0x22, 0x06, 0x07, 0x15, 0x14, 0x16, 
    0x33, 0x32, 0x36, 0x37, 0x04, 0xeb, 0x16, 0xfe, 0xd4, 0xf9, 0xae, 0xfe, 0xf7, 0x90, 0x03, 0x92, 0x01, 0x11, 0xb3, 0xf1, 
    0x01, 0x26, 0x18, 0xfc, 0x12, 0x93, 0x8e, 0xa5, 0xb1, 0x02, 0xa9, 0xa3, 0x95, 0x96, 0x14, 0x01, 0xda, 0xe9, 0xfe, 0xfb, 
    0xa5, 0x01, 0x30, 0xc9, 0x88, 0xce, 0x01, 0x3a, 0xaa, 0xfe, 0xfa, 0xef, 0x9d, 0x8b, 0xf1, 0xe9, 0x81, 0xec, 0xf8, 0x86, 
    0x9c, 0x00, 0x00, 0x02, 0x00, 0x94, 0x00, 0x00, 0x04, 0xd2, 0x05, 0xb0, 0x00, 0x0b, 0x00, 0x15, 0x00, 0x48, 0xb2, 0x02, 
    0x16, 0x17, 0x11, 0x12, 0x39, 0xb0, 0x02, 0x10, 0xb0, 0x15, 0xd0, 0x00, 0xb0, 0x00, 0x45, 0x58, 0xb0, 0x01, 0x2f, 0x1b, 
    0xb1, 0x01, 0x20, 0x3e, 0x59, 0xb0, 0x00, 0x45, 0x58, 0xb0, 0x00, 0x2f, 0x1b, 0xb1, 0x00, 0x10, 0x3e, 0x59, 0xb0, 0x01, 
    0x10, 0xb1, 0x0c, 0x01, 0xb0, 0x0a, 0x2b, 0x58, 0x21, 0xd8, 0x1b, 0xf4, 0x59, 0xb0, 0x00, 0x10, 0xb1, 0x0d, 0x01, 0xb0, 
    0x0a, 0x2b, 0x58, 0x21, 0xd8, 0x1b, 0xf4, 0x59, 0x30, 0x31, 0x33, 0x11, 0x21, 0x32, 0x04, 0x12, 0x15, 0x15, 0x14, 0x02, 
    0x04, 0x23, 0x03, 0x11, 0x33, 0x32, 0x36, 0x37, 0x35, 0x34, 0x26, 0x23, 0x94, 0x01, 0xae, 0xc1, 0x01, 0x2b, 0xa4, 0xa5, 
    0xfe, 0xcf, 0xc5, 0xa6, 0xa5, 0xc7, 0xd5, 0x02, 0xce, 0xc4, 0x05, 0xb0, 0xac, 0xfe, 0xc4, 0xcc, 0x49, 0xcf, 0xfe, 0xc6, 
    0xaa, 0x04, 0xe4, 0xfb, 0xe6, 0xf9, 0xe9, 0x51, 0xed, 0xfa, 0x00, 0x01, 0x00, 0x94, 0x00, 0x00, 0x04, 0x4c, 0x05, 0xb0, 
    0x00, 0x0b, 0x00, 0x51, 0x00, 0xb0, 0x00, 0x45, 0x58, 0xb0, 0x06, 0x2f, 0x1b, 0xb1, 0x06, 0x20, 0x3e, 0x59, 0xb0, 0x00, 
    0x45, 0x58, 0xb0, 0x04, 0x2f, 0x1b, 0xb1, 0x04, 0x10, 0x3e, 0x59, 0xb2, 0x0b, 0x06, 0x04, 0x11, 0x12, 0x39, 0xb0, 0x0b, 
    0x2f, 0xb1, 0x00, 0x01, 0xb0, 0x0a, 0x2b, 0x58, 0x21, 0xd8, 0x1b, 0xf4, 0x59, 0xb0, 0x04, 0x10, 0xb1, 0x02, 0x01, 0xb0, 
    0x0a, 0x2b, 0x58, 0x21, 0xd8, 0x1b, 0xf4, 0x59, 0xb0, 0x06, 0x10, 0xb1, 0x08, 0x01, 0xb0, 0x0a, 0x2b, 0x58, 0x21, 0xd8, 
    0x1b, 0xf4, 0x59, 0x30, 0x31, 0x01, 0x21, 0x11, 0x21, 0x15, 0x21, 0x11, 0x21, 0x15, 0x21, 0x11, 0x21, 0x03, 0xe7, 0xfd, 
    0xaa, 0x02, 0xbb, 0xfc, 0x48, 0x03, 0xb1, 0xfd, 0x4c, 0x02, 0x56, 0x02, 0x8a, 0xfe, 0x40, 0xca, 0x05, 0xb0, 0xcc, 0xfe, 
    0x6e, 0x00, 0x00, 0x01, 0x00, 0x94, 0x00, 0x00, 0x04, 0x31, 0x05, 0xb0, 0x00, 0x09, 0x00, 0x42, 0x00, 0xb0, 0x00, 0x45, 
    0x58, 0xb0, 0x04, 0x2f, 0x1b, 0xb1, 0x04, 0x20, 0x3e, 0x59, 0xb0, 0x00, 0x45, 0x58, 0xb0, 0x02, 0x2f, 0x1b, 0xb1, 0x02, 
    0x10, 0x3e, 0x59, 0xb2, 0x09, 0x04, 0x02, 0x11, 0x12, 0x39, 0xb0, 0x09, 0x2f, 0xb1, 0x00, 0x01, 0xb0, 0x0a, 0x2b, 0x58, 
    0x21, 0xd8, 0x1b, 0xf4, 0x59, 0xb0, 0x04, 0x10, 0xb1, 0x06, 0x01, 0xb0, 0x0a, 0x2b, 0x58, 0x21, 0xd8, 0x1b, 0xf4, 0x59, 
    0x30, 0x31, 0x01, 0x21, 0x11, 0x23, 0x11, 0x21, 0x15, 0x21, 0x11, 0x21, 0x03, 0xdb, 0xfd, 0xb6, 0xfd, 0x03, 0x9d, 0xfd, 
    0x60, 0x02, 0x4a, 0x02, 0x69, 0xfd, 0x97, 0x05, 0xb0, 0xcc, 0xfe, 0x4f, 0x00, 0x01, 0x00, 0x6a, 0xff, 0xec, 0x04, 0xf0, 
    0x05, 0xc4, 0x00, 0x1e, 0x00, 0x58, 0xb2, 0x0b, 0x1f, 0x20, 0x11, 0x12, 0x39, 0x00, 0xb0, 0x00, 0x45, 0x58, 0xb0, 0x0b, 
    0x2f, 0x1b, 0xb1, 0x0b, 0x20, 0x3e, 0x59, 0xb0, 0x00, 0x45, 0x58, 0xb0, 0x03, 0x2f, 0x1b, 0xb1, 0x03, 0x10, 0x3e, 0x59, 
    0xb0, 0x0b, 0x10, 0xb1, 0x11, 0x01, 0xb0, 0x0a, 0x2b, 0x58, 0x21, 0xd8, 0x1b, 0xf4, 0x59, 0xb0, 0x03, 0x10, 0xb1, 0x18, 
    0x01, 0xb0, 0x0a, 0x2b, 0x58, 0x21, 0xd8, 0x1b, 0xf4, 0x59, 0xb2, 0x1e, 0x0b, 0x03, 0x11, 0x12, 0x39, 0xb0, 0x1e, 0x2f, 
    0xb1, 0x1b, 0x01, 0xb0, 0x0a, 0x2b, 0x58, 0x21, 0xd8, 0x1b, 0xf4, 0x59, 0x30, 0x31, 0x25, 0x06, 0x04, 0x23, 0x22, 0x24, 
    0x02, 0x27, 0x35, 0x10, 0x00, 0x21, 0x32, 0x04, 0x17, 0x23, 0x02, 0x21, 0x22, 0x06, 0x07, 0x15, 0x14, 0x12, 0x33, 0x32, 
    0x37, 0x11, 0x21, 0x35, 0x21, 0x04, 0xf0, 0x4f, 0xfe, 0xe8, 0xb2, 0xb7, 0xfe, 0xe6, 0x99, 0x03, 0x01, 0x3c, 0x01, 0x1b, 
    0xf3, 0x01, 0x1e, 0x1d, 0xf8, 0x2a, 0xfe, 0xf9, 0xaa, 0xb1, 0x03, 0xc7, 0xb1, 0xc2, 0x52, 0xfe, 0xd4, 0x02, 0x28, 0xbd, 
    0x67, 0x6a, 0xa6, 0x01, 0x35, 0xce, 0x72, 0x01, 0x4a, 0x01, 0x73, 0xf0, 0xe2, 0x01, 0x07, 0xf5, 0xed, 0x70, 0xec, 0xfe, 
    0xfb, 0x58, 0x01, 0x1d, 0xc0, 0x00, 0x00, 0x01, 0x00, 0x94, 0x00, 0x00, 0x05, 0x18, 0x05, 0xb0, 0x00, 0x0b, 0x00, 0x4d, 
    0x00, 0xb0, 0x00, 0x45, 0x58, 0xb0, 0x06, 0x2f, 0x1b, 0xb1, 0x06, 0x20, 0x3e, 0x59, 0xb0, 0x00, 0x45, 0x58, 0xb0, 0x0a, 
    0x2f, 0x1b, 0xb1, 0x0a, 0x20, 0x3e, 0x59, 0xb0, 0x00, 0x45, 0x58, 0xb0, 0x00, 0x2f, 0x1b, 0xb1, 0x00, 0x10, 0x3e, 0x59, 
    0xb0, 0x00, 0x45, 0x58, 0xb0, 0x04, 0x2f, 0x1b, 0xb1, 0x04, 0x10, 0x3e, 0x59, 0xb2, 0x09, 0x06, 0x00, 0x11, 0x12, 0x39, 
    0xb0, 0x09, 0x2f, 0xb1, 0x02, 0x01, 0xb0, 0x0a, 0x2b, 0x58, 0x21, 0xd8, 0x1b, 0xf4, 0x59, 0x30, 0x31, 0x21, 0x23, 0x11, 
    0x21, 0x11, 0x23, 0x11, 0x33, 0x11, 0x21, 0x11, 0x33, 0x05, 0x18, 0xfc, 0xfd, 0x75, 0xfd, 0xfd, 0x02, 0x8b, 0xfc, 0x02, 
    0x87, 0xfd, 0x79, 0x05, 0xb0, 0xfd, 0xa2, 0x02, 0x5e, 0x00, 0x00, 0x01, 0x00, 0xa3, 0x00, 0x00, 0x01, 0x9f, 0x05, 0xb0, 
    0x00, 0x03, 0x00, 0x1d, 0x00, 0xb0, 0x00, 0x45, 0x58, 0xb0, 0x02, 0x2f, 0x1b, 0xb1, 0x02, 0x20, 0x3e, 0x59, 0xb0, 0x00, 
    0x45, 0x58, 0xb0, 0x00, 0x2f, 0x1b, 0xb1, 0x00, 0x10, 0x3e, 0x59, 0x30, 0x31, 0x21, 0x23, 0x11, 0x33, 0x01, 0x9f, 0xfc, 
    0xfc, 0x05, 0xb0, 0x00, 0x00, 0x01, 0x00, 0x2d, 0xff, 0xec, 0x03, 0xe4, 0x05, 0xb0, 0x00, 0x0f, 0x00, 0x30, 0xb2, 0x05, 
    0x10, 0x11, 0x11, 0x12, 0x39, 0x00, 0xb0, 0x00, 0x45, 0x58, 0xb0, 0x00, 0x2f, 0x1b, 0xb1, 0x00, 0x20, 0x3e, 0x59, 0xb0, 
    0x00, 0x45, 0x58, 0xb0, 0x05, 0x2f, 0x1b, 0xb1, 0x05, 0x10, 0x3e, 0x59, 0xb1, 0x0c, 0x01, 0xb0, 0x0a, 0x2b, 0x58, 0x21, 
    0xd8, 0x1b, 0xf4, 0x59, 0x30, 0x31, 0x01, 0x33, 0x11, 0x14, 0x04, 0x23, 0x22, 0x26, 0x35, 0x33, 0x14, 0x16, 0x33, 0x32, 
    0x36, 0x35, 0x02, 0xe8, 0xfc, 0xfe, 0xfb, 0xd6, 0xe4, 0xf8, 0xfc, 0x73, 0x6d, 0x66, 0x79, 0x05, 0xb0, 0xfc, 0x03, 0xd1, 
    0xf6, 0xe6, 0xcd, 0x74, 0x75, 0x87, 0x77, 0x00, 0x00, 0x01, 0x00, 0x94, 0x00, 0x00, 0x05, 0x18, 0x05, 0xb0, 0x00, 0x0c, 
    0x00, 0x53, 0x00, 0xb0, 0x00, 0x45, 0x58, 0xb0, 0x04, 0x2f, 0x1b, 0xb1, 0x04, 0x20, 0x3e, 0x59, 0xb0, 0x00, 0x45, 0x58, 
    0xb0, 0x08, 0x2f, 0x1b, 0xb1, 0x08, 0x20, 0x3e, 0x59, 0xb0, 0x00, 0x45, 0x58, 0xb0, 0x02, 0x2f, 0x1b, 0xb1, 0x02, 0x10, 
    0x3e, 0x59, 0xb0, 0x00, 0x45, 0x58, 0xb0, 0x0b, 0x2f, 0x1b, 0xb1, 0x0b, 0x10, 0x3e, 0x59, 0xb2, 0x00, 0x04, 0x02, 0x11, 
    0x12, 0x39, 0xb4, 0x6a, 0x00, 0x7a, 0x00, 0x02, 0x5d, 0xb2, 0x06, 0x04, 0x02, 0x11, 0x12, 0x39, 0xb4, 0x65, 0x06, 0x75, 
    0x06, 0x02, 0x5d, 0x30, 0x31, 0x01, 0x07, 0x11, 0x23, 0x11, 0x33, 0x11, 0x37, 0x01, 0x21, 0x01, 0x01, 0x21, 0x02, 0x36, 
    0xa5, 0xfd, 0xfd, 0x8c, 0x01, 0xaa, 0x01, 0x32, 0xfd, 0xe3, 0x02, 0x3c, 0xfe, 0xd4, 0x02, 0x75, 0xaf, 0xfe, 0x3a, 0x05, 
    0xb0, 0xfd, 0x55, 0xad, 0x01, 0xfe, 0xfd, 0x7b, 0xfc, 0xd5, 0x00, 0x01, 0x00, 0x94, 0x00, 0x00, 0x04, 0x26, 0x05, 0xb0, 
    0x00, 0x05, 0x00, 0x29, 0x00, 0xb0, 0x00, 0x45, 0x58, 0xb0, 0x04, 0x2f, 0x1b, 0xb1, 0x04, 0x20, 0x3e, 0x59, 0xb0, 0x00, 
    0x45, 0x58, 0xb0, 0x02, 0x2f, 0x1b, 0xb1, 0x02, 0x10, 0x3e, 0x59, 0xb1, 0x00, 0x01, 0xb0, 0x0a, 0x2b, 0x58, 0x21, 0xd8, 
    0x1b, 0xf4, 0x59, 0x30, 0x31, 0x25, 0x21, 0x15, 0x21, 0x11, 0x33, 0x01, 0x91, 0x02, 0x95, 0xfc, 0x6e, 0xfd, 0xca, 0xca, 
    0x05, 0xb0, 0x00, 0x01, 0x00, 0x94, 0x00, 0x00, 0x06, 0x6a, 0x05, 0xb0, 0x00, 0x0e, 0x00, 0x6e, 0x00, 0xb0, 0x00, 0x45, 
    0x58, 0xb0, 0x00, 0x2f, 0x1b, 0xb1, 0x00, 0x20, 0x3e, 0x59, 0xb0, 0x00, 0x45, 0x58, 0xb0, 0x02, 0x2f, 0x1b, 0xb1, 0x02, 
    0x20, 0x3e, 0x59, 0xb0, 0x00, 0x45, 0x58, 0xb0, 0x04, 0x2f, 0x1b, 0xb1, 0x04, 0x10, 0x3e, 0x59, 0xb0, 0x00, 0x45, 0x58, 
    0xb0, 0x08, 0x2f, 0x1b, 0xb1, 0x08, 0x10, 0x3e, 0x59, 0xb0, 0x00, 0x45, 0x58, 0xb0, 0x0c, 0x2f, 0x1b, 0xb1, 0x0c, 0x10, 
    0x3e, 0x59, 0xb2, 0x01, 0x00, 0x04, 0x11, 0x12, 0x39, 0xb4, 0x65, 0x01, 0x75, 0x01, 0x02, 0x5d, 0xb2, 0x07, 0x00, 0x04, 
    0x11, 0x12, 0x39, 0xb4, 0x6a, 0x07, 0x7a, 0x07, 0x02, 0x5d, 0xb2, 0x0a, 0x00, 0x04, 0x11, 0x12, 0x39, 0xb4, 0x6a, 0x0a, 
    0x7a, 0x0a, 0x02, 0x5d, 0x30, 0x31, 0x09, 0x02, 0x21, 0x11, 0x23, 0x11, 0x13, 0x01, 0x23, 0x01, 0x13, 0x11, 0x23, 0x11, 
    0x01, 0xdc, 0x01, 0xa4, 0x01, 0xa3, 0x01, 0x47, 0xfc, 0x19, 0xfe, 0x52, 0xb5, 0xfe, 0x53, 0x19, 0xfc, 0x05, 0xb0, 0xfb, 
    0xa4, 0x04, 0x5c, 0xfa, 0x50, 0x01, 0xe0, 0x02, 0x82, 0xfb, 0x9e, 0x04, 0x61, 0xfd, 0x7f, 0xfe, 0x20, 0x05, 0xb0, 0x00, 
    0x00, 0x01, 0x00, 0x94, 0x00, 0x00, 0x05, 0x17, 0x05, 0xb0, 0x00, 0x09, 0x00, 0x4c, 0xb2, 0x01, 0x0a, 0x0b, 0x11, 0x12, 
    0x39, 0x00, 0xb0, 0x00, 0x45, 0x58, 0xb0, 0x05, 0x2f, 0x1b, 0xb1, 0x05, 0x20, 0x3e, 0x59, 0xb0, 0x00, 0x45, 0x58, 0xb0, 
    0x08, 0x2f, 0x1b, 0xb1, 0x08, 0x20, 0x3e, 0x59, 0xb0, 0x00, 0x45, 0x58, 0xb0, 0x00, 0x2f, 0x1b, 0xb1, 0x00, 0x10, 0x3e, 
    0x59, 0xb0, 0x00, 0x45, 0x58, 0xb0, 0x03, 0x2f, 0x1b, 0xb1, 0x03, 0x10, 0x3e, 0x59, 0xb2, 0x02, 0x05, 0x00, 0x11, 0x12, 
    0x39, 0xb2, 0x07, 0x05, 0x00, 0x11, 0x12, 0x39, 0x30, 0x31, 0x21, 0x23, 0x01, 0x11, 0x23, 0x11, 0x33, 0x01, 0x11, 0x33, 
    0x05, 0x17, 0xfd, 0xfd, 0x77, 0xfd, 0xfd, 0x02, 0x8b, 0xfb, 0x04, 0x09, 0xfb, 0xf7, 0x05, 0xb0, 0xfb, 0xf3, 0x04, 0x0d, 
    0x00, 0x02, 0x00, 0x66, 0xff, 0xec, 0x05, 0x1e, 0x05, 0xc4, 0x00, 0x10, 0x00, 0x1e, 0x00, 0x48, 0xb2, 0x04, 0x1f, 0x20, 
    0x11, 0x12, 0x39, 0xb0, 0x04, 0x10, 0xb0, 0x14, 0xd0, 0x00, 0xb0, 0x00, 0x45, 0x58, 0xb0, 0x0c, 0x2f, 0x1b, 0xb1, 0x0c, 
    0x20, 0x3e, 0x59, 0xb0, 0x00, 0x45, 0x58, 0xb0, 0x04, 0x2f, 0x1b, 0xb1, 0x04, 0x10, 0x3e, 0x59, 0xb0, 0x0c, 0x10, 0xb1, 
    0x14, 0x01, 0xb0, 0x0a, 0x2b, 0x58, 0x21, 0xd8, 0x1b, 0xf4, 0x59, 0xb0, 0x04, 0x10, 0xb1, 0x1b, 0x01, 0xb0, 0x0a, 0x2b, 
    0x58, 0x21, 0xd8, 0x1b, 0xf4, 0x59, 0x30, 0x31, 0x01, 0x14, 0x02, 0x04, 0x23, 0x22, 0x24, 0x02, 0x27, 0x35, 0x34, 0x12, 
    0x24, 0x20, 0x04, 0x12, 0x17, 0x07, 0x34, 0x02, 0x23, 0x22, 0x02, 0x07, 0x15, 0x14, 0x12, 0x33, 0x32, 0x12, 0x35, 0x05, 
    0x1e, 0x94, 0xfe, 0xed, 0xb3, 0xb1, 0xfe, 0xeb, 0x97, 0x01, 0x97, 0x01, 0x13, 0x01, 0x64, 0x01, 0x13, 0x96, 0x01, 0xfd, 
    0xb7, 0xa8, 0xa4, 0xb9, 0x02, 0xbb, 0xa6, 0xa8, 0xb5, 0x02, 0xb2, 0xd6, 0xfe, 0xbd, 0xad, 0xad, 0x01, 0x40, 0xd1, 0x52, 
    0xd5, 0x01, 0x46, 0xad, 0xab, 0xfe, 0xbf, 0xd5, 0x05, 0xf2, 0x01, 0x02, 0xfe, 0xff, 0xeb, 0x54, 0xf0, 0xfe, 0xfa, 0x01, 
    0x00, 0xf6, 0x00, 0x02, 0x00, 0x94, 0x00, 0x00, 0x04, 0xd4, 0x05, 0xb0, 0x00, 0x0a, 0x00, 0x13, 0x00, 0x4f, 0xb2, 0x0a, 
    0x14, 0x15, 0x11, 0x12, 0x39, 0xb0, 0x0a, 0x10, 0xb0, 0x0c, 0xd0, 0x00, 0xb0, 0x00, 0x45, 0x58, 0xb0, 0x03, 0x2f, 0x1b, 
    0xb1, 0x03, 0x20, 0x3e, 0x59, 0xb0, 0x00, 0x45, 0x58, 0xb0, 0x01, 0x2f, 0x1b, 0xb1, 0x01, 0x10, 0x3e, 0x59, 0xb2, 0x0b, 
    0x01, 0x03, 0x11, 0x12, 0x39, 0xb0, 0x0b, 0x2f, 0xb1, 0x00, 0x01, 0xb0, 0x0a, 0x2b, 0x58, 0x21, 0xd8, 0x1b, 0xf4, 0x59, 
    0xb0, 0x03, 0x10, 0xb1, 0x13, 0x01, 0xb0, 0x0a, 0x2b, 0x58, 0x21, 0xd8, 0x1b, 0xf4, 0x59, 0x30, 0x31, 0x01, 0x11, 0x23, 
    0x11, 0x21, 0x32, 0x04, 0x15, 0x14, 0x04, 0x23, 0x25, 0x21, 0x32, 0x36, 0x35, 0x34, 0x26, 0x27, 0x21, 0x01, 0x91, 0xfd, 
    0x02, 0x2d, 0xf4, 0x01, 0x1f, 0xfe, 0xe7, 0xfd, 0xfe, 0xd3, 0x01, 0x30, 0x87, 0x8e, 0x90, 0x7e, 0xfe, 0xc9, 0x02, 0x1d, 
    0xfd, 0xe3, 0x05, 0xb0, 0xfe, 0xd1, 0xd6, 0xee, 0xcb, 0x7f, 0x78, 0x76, 0x8d, 0x02, 0x00, 0x02, 0x00, 0x60, 0xff, 0x04, 
    0x05, 0x1a, 0x05, 0xc4, 0x00, 0x15, 0x00, 0x23, 0x00, 0x48, 0xb2, 0x08, 0x24, 0x25, 0x11, 0x12, 0x39, 0xb0, 0x08, 0x10, 
    0xb0, 0x20, 0xd0, 0x00, 0xb0, 0x00, 0x45, 0x58, 0xb0, 0x11, 0x2f, 0x1b, 0xb1, 0x11, 0x20, 0x3e, 0x59, 0xb0, 0x00, 0x45, 
    0x58, 0xb0, 0x08, 0x2f, 0x1b, 0xb1, 0x08, 0x10, 0x3e, 0x59, 0xb0, 0x11, 0x10, 0xb1, 0x19, 0x01, 0xb0, 0x0a, 0x2b, 0x58, 
    0x21, 0xd8, 0x1b, 0xf4, 0x59, 0xb0, 0x08, 0x10, 0xb1, 0x20, 0x01, 0xb0, 0x0a, 0x2b, 0x58, 0x21, 0xd8, 0x1b, 0xf4, 0x59, 
    0x30, 0x31, 0x01, 0x14, 0x02, 0x07, 0x17, 0x07, 0x25, 0x06, 0x23, 0x22, 0x24, 0x02, 0x27, 0x35, 0x34, 0x12, 0x24, 0x33, 
    0x32, 0x04, 0x12, 0x17, 0x07, 0x34, 0x26, 0x23, 0x22, 0x02, 0x07, 0x15, 0x14, 0x12, 0x33, 0x32, 0x12, 0x35, 0x05, 0x19, 
    0x83, 0x76, 0xfa, 0xa4, 0xfe, 0xca, 0x3d, 0x46, 0xb0, 0xfe, 0xeb, 0x97, 0x01, 0x97, 0x01, 0x13, 0xb1, 0xb4, 0x01, 0x13, 
    0x96, 0x01, 0xfe, 0xb8, 0xa8, 0xa3, 0xb9, 0x02, 0xb9, 0xa7, 0xa9, 0xb5, 0x02, 0xb2, 0xcf, 0xfe, 0xd1, 0x59, 0xc3, 0x94, 
    0xf5, 0x0d, 0xad, 0x01, 0x40, 0xd1, 0x52, 0xd5, 0x01, 0x46, 0xad, 0xab, 0xfe, 0xbf, 0xd5, 0x05, 0xf6, 0xfe, 0xfe, 0xff, 
    0xea, 0x55, 0xec, 0xfe, 0xf6, 0x01, 0x00, 0xf6, 0x00, 0x02, 0x00, 0x94, 0x00, 0x00, 0x04, 0xde, 0x05, 0xb0, 0x00, 0x0e, 
    0x00, 0x17, 0x00, 0x5c, 0xb2, 0x05, 0x18, 0x19, 0x11, 0x12, 0x39, 0xb0, 0x05, 0x10, 0xb0, 0x10, 0xd0, 0x00, 0xb0, 0x00, 
    0x45, 0x58, 0xb0, 0x04, 0x2f, 0x1b, 0xb1, 0x04, 0x20, 0x3e, 0x59, 0xb0, 0x00, 0x45, 0x58, 0xb0, 0x02, 0x2f, 0x1b, 0xb1, 
    0x02, 0x10, 0x3e, 0x59, 0xb2, 0x0f, 0x02, 0x04, 0x11, 0x12, 0x39, 0xb0, 0x0f, 0x2f, 0xb1, 0x01, 0x01, 0xb0, 0x0a, 0x2b, 
    0x58, 0x21, 0xd8, 0x1b, 0xf4, 0x59, 0xb2, 0x0b, 0x01, 0x0f, 0x11, 0x12, 0x39, 0xb0, 0x02, 0x10, 0xb0, 0x0e, 0xd0, 0xb0, 
    0x04, 0x10, 0xb1, 0x17, 0x01, 0xb0, 0x0a, 0x2b, 0x58, 0x21, 0xd8, 0x1b, 0xf4, 0x59, 0x30, 0x31, 0x01, 0x21, 0x11, 0x23, 
    0x11, 0x21, 0x32, 0x04, 0x15, 0x14, 0x06, 0x07, 0x01, 0x15, 0x21, 0x01, 0x21, 0x32, 0x36, 0x35, 0x34, 0x26, 0x27, 0x21, 
    0x02, 0xab, 0xfe, 0xe6, 0xfd, 0x02, 0x00, 0xfc, 0x01, 0x12, 0x8d, 0x7e, 0x01, 0x47, 0xfe, 0xf1, 0xfd, 0xc2, 0x01, 0x04, 
    0x80, 0x90, 0x85, 0x84, 0xfe, 0xf5, 0x02, 0x31, 0xfd, 0xcf, 0x05, 0xb0, 0xe2, 0xd6, 0x92, 0xc5, 0x35, 0xfd, 0xa1, 0x0d, 
    0x02, 0xfc, 0x81, 0x70, 0x75, 0x80, 0x02, 0x00, 0x00, 0x01, 0x00, 0x4a, 0xff, 0xec, 0x04, 0x8a, 0x05, 0xc4, 0x00, 0x27, 
    0x00, 0x66, 0xb2, 0x11, 0x28, 0x29, 0x11, 0x12, 0x39, 0x00, 0xb0, 0x00, 0x45, 0x58, 0xb0, 0x09, 0x2f, 0x1b, 0xb1, 0x09, 
    0x20, 0x3e, 0x59, 0xb0, 0x00, 0x45, 0x58, 0xb0, 0x1d, 0x2f, 0x1b, 0xb1, 0x1d, 0x10, 0x3e, 0x59, 0xb2, 0x02, 0x1d, 0x09, 
    0x11, 0x12, 0x39, 0xb2, 0x0e, 0x09, 0x1d, 0x11, 0x12, 0x39, 0xb0, 0x09, 0x10, 0xb1, 0x11, 0x01, 0xb0, 0x0a, 0x2b, 0x58, 
    0x21, 0xd8, 0x1b, 0xf4, 0x59, 0xb0, 0x02, 0x10, 0xb1, 0x17, 0x01, 0xb0, 0x0a, 0x2b, 0x58, 0x21, 0xd8, 0x1b, 0xf4, 0x59, 
    0xb2, 0x22, 0x1d, 0x09, 0x11, 0x12, 0x39, 0xb0, 0x1d, 0x10, 0xb1, 0x25, 0x01, 0xb0, 0x0a, 0x2b, 0x58, 0x21, 0xd8, 0x1b, 
    0xf4, 0x59, 0x30, 0x31, 0x01, 0x34, 0x26, 0x24, 0x27, 0x26, 0x35, 0x34, 0x24, 0x33, 0x32, 0x16, 0x16, 0x15, 0x23, 0x34, 
    0x26, 0x23, 0x22, 0x06, 0x15, 0x14, 0x16, 0x04, 0x16, 0x16, 0x15, 0x14, 0x04, 0x23, 0x22, 0x24, 0x26, 0x35, 0x33, 0x14, 
    0x16, 0x33, 0x32, 0x36, 0x03, 0x8d, 0x87, 0xfe, 0xa0, 0x68, 0xc7, 0x01, 0x1f, 0xe5, 0x98, 0xee, 0x88, 0xfc, 0x8f, 0x85, 
    0x7c, 0x89, 0x94, 0x01, 0x54, 0xce, 0x60, 0xfe, 0xe9, 0xef, 0x9e, 0xfe, 0xf7, 0x93, 0xfd, 0xa4, 0x99, 0x84, 0x85, 0x01, 
    0x77, 0x60, 0x68, 0x6a, 0x41, 0x7d, 0xc9, 0xb0, 0xe4, 0x70, 0xcf, 0x7e, 0x72, 0x81, 0x6a, 0x5f, 0x50, 0x6b, 0x65, 0x81, 
    0xa7, 0x70, 0xb6, 0xd7, 0x75, 0xce, 0x89, 0x7c, 0x88, 0x6b, 0x00, 0x01, 0x00, 0x2d, 0x00, 0x00, 0x04, 0xb0, 0x05, 0xb0, 
    0x00, 0x07, 0x00, 0x2f, 0x00, 0xb0, 0x00, 0x45, 0x58, 0xb0, 0x06, 0x2f, 0x1b, 0xb1, 0x06, 0x20, 0x3e, 0x59, 0xb0, 0x00, 
    0x45, 0x58, 0xb0, 0x02, 0x2f, 0x1b, 0xb1, 0x02, 0x10, 0x3e, 0x59, 0xb0, 0x06, 0x10, 0xb1, 0x00, 0x01, 0xb0, 0x0a, 0x2b, 
    0x58, 0x21, 0xd8, 0x1b, 0xf4, 0x59, 0xb0, 0x04, 0xd0, 0x30, 0x31, 0x01, 0x21, 0x11, 0x23, 0x11, 0x21, 0x35, 0x21, 0x04, 
    0xb0, 0xfe, 0x3a, 0xfb, 0xfe, 0x3e, 0x04, 0x83, 0x04, 0xe4, 0xfb, 0x1c, 0x04, 0xe4, 0xcc, 0x00, 0x00, 0x01, 0x00, 0x7d, 
    0xff, 0xec, 0x04, 0xbd, 0x05, 0xb0, 0x00, 0x10, 0x00, 0x3d, 0xb2, 0x04, 0x11, 0x12, 0x11, 0x12, 0x39, 0x00, 0xb0, 0x00, 
    0x45, 0x58, 0xb0, 0x09, 0x2f, 0x1b, 0xb1, 0x09, 0x20, 0x3e, 0x59, 0xb0, 0x00, 0x45, 0x58, 0xb0, 0x10, 0x2f, 0x1b, 0xb1, 
    0x10, 0x20, 0x3e, 0x59, 0xb0, 0x00, 0x45, 0x58, 0xb0, 0x04, 0x2f, 0x1b, 0xb1, 0x04, 0x10, 0x3e, 0x59, 0xb1, 0x0d, 0x01, 
    0xb0, 0x0a, 0x2b, 0x58, 0x21, 0xd8, 0x1b, 0xf4, 0x59, 0x30, 0x31, 0x01, 0x11, 0x14, 0x00, 0x23, 0x22, 0x00, 0x35, 0x11, 
    0x33, 0x11, 0x14, 0x16, 0x33, 0x20, 0x11, 0x11, 0x04, 0xbd, 0xfe, 0xd7, 0xf7, 0xfa, 0xfe, 0xda, 0xfc, 0x94, 0x90, 0x01, 
    0x24, 0x05, 0xb0, 0xfc, 0x33, 0xe8, 0xfe, 0xf1, 0x01, 0x0b, 0xed, 0x03, 0xcc, 0xfc, 0x32, 0x92, 0x9a, 0x01, 0x34, 0x03, 
    0xc6, 0x00, 0x00, 0x01, 0x00, 0x12, 0x00, 0x00, 0x05, 0x1d, 0x05, 0xb0, 0x00, 0x06, 0x00, 0x38, 0xb2, 0x00, 0x07, 0x08, 
    0x11, 0x12, 0x39, 0x00, 0xb0, 0x00, 0x45, 0x58, 0xb0, 0x01, 0x2f, 0x1b, 0xb1, 0x01, 0x20, 0x3e, 0x59, 0xb0, 0x00, 0x45, 
    0x58, 0xb0, 0x05, 0x2f, 0x1b, 0xb1, 0x05, 0x20, 0x3e, 0x59, 0xb0, 0x00, 0x45, 0x58, 0xb0, 0x03, 0x2f, 0x1b, 0xb1, 0x03, 
    0x10, 0x3e, 0x59, 0xb2, 0x00, 0x01, 0x03, 0x11, 0x12, 0x39, 0x30, 0x31, 0x01, 0x01, 0x21, 0x01, 0x23, 0x01, 0x21, 0x02, 
    0x95, 0x01, 0x72, 0x01, 0x16, 0xfd, 0xf4, 0xf5, 0xfd, 0xf6, 0x01, 0x15, 0x01, 0x3d, 0x04, 0x73, 0xfa, 0x50, 0x05, 0xb0, 
    0x00, 0x01, 0x00, 0x30, 0x00, 0x00, 0x06, 0xe5, 0x05, 0xb0, 0x00, 0x0c, 0x00, 0x60, 0xb2, 0x05, 0x0d, 0x0e, 0x11, 0x12, 
    0x39, 0x00, 0xb0, 0x00, 0x45, 0x58, 0xb0, 0x01, 0x2f, 0x1b, 0xb1, 0x01, 0x20, 0x3e, 0x59, 0xb0, 0x00, 0x45, 0x58, 0xb0, 
    0x08, 0x2f, 0x1b, 0xb1, 0x08, 0x20, 0x3e, 0x59, 0xb0, 0x00, 0x45, 0x58, 0xb0, 0x0b, 0x2f, 0x1b, 0xb1, 0x0b, 0x20, 0x3e, 
    0x59, 0xb0, 0x00, 0x45, 0x58, 0xb0, 0x03, 0x2f, 0x1b, 0xb1, 0x03, 0x10, 0x3e, 0x59, 0xb0, 0x00, 0x45, 0x58, 0xb0, 0x06, 
    0x2f, 0x1b, 0xb1, 0x06, 0x10, 0x3e, 0x59, 0xb2, 0x00, 0x01, 0x03, 0x11, 0x12, 0x39, 0xb2, 0x05, 0x01, 0x03, 0x11, 0x12, 
    0x39, 0xb2, 0x0a, 0x01, 0x03, 0x11, 0x12, 0x39, 0x30, 0x31, 0x01, 0x13, 0x33, 0x01, 0x23, 0x01, 0x01, 0x23, 0x01, 0x33, 
    0x13, 0x01, 0x33, 0x05, 0x0a, 0xe0, 0xfb, 0xfe, 0xb0, 0xf2, 0xfe, 0xeb, 0xfe, 0xe5, 0xf3, 0xfe, 0xb0, 0xfb, 0xe2, 0x01, 
    0x16, 0xd4, 0x01, 0x68, 0x04, 0x48, 0xfa, 0x50, 0x04, 0x27, 0xfb, 0xd9, 0x05, 0xb0, 0xfb, 0xba, 0x04, 0x46, 0x00, 0x01, 
    0x00, 0x29, 0x00, 0x00, 0x04, 0xe9, 0x05, 0xb0, 0x00, 0x0b, 0x00, 0x53, 0x00, 0xb0, 0x00, 0x45, 0x58, 0xb0, 0x01, 0x2f, 
    0x1b, 0xb1, 0x01, 0x20, 0x3e, 0x59, 0xb0, 0x00, 0x45, 0x58, 0xb0, 0x0a, 0x2f, 0x1b, 0xb1, 0x0a, 0x20, 0x3e, 0x59, 0xb0, 
    0x00, 0x45, 0x58, 0xb0, 0x04, 0x2f, 0x1b, 0xb1, 0x04, 0x10, 0x3e, 0x59, 0xb0, 0x00, 0x45, 0x58, 0xb0, 0x07, 0x2f, 0x1b, 
    0xb1, 0x07, 0x10, 0x3e, 0x59, 0xb2, 0x00, 0x01, 0x04, 0x11, 0x12, 0x39, 0xb2, 0x06, 0x01, 0x04, 0x11, 0x12, 0x39, 0xb2, 
    0x03, 0x00, 0x06, 0x11, 0x12, 0x39, 0xb2, 0x09, 0x06, 0x00, 0x11, 0x12, 0x39, 0x30, 0x31, 0x01, 0x01, 0x21, 0x01, 0x01, 
    0x21, 0x01, 0x01, 0x21, 0x01, 0x01, 0x21, 0x02, 0x89, 0x01, 0x32, 0x01, 0x24, 0xfe, 0x48, 0x01, 0xc2, 0xfe, 0xd9, 0xfe, 
    0xc7, 0xfe, 0xc6, 0xfe, 0xda, 0x01, 0xc3, 0xfe, 0x47, 0x01, 0x24, 0x03, 0xa2, 0x02, 0x0e, 0xfd, 0x2e, 0xfd, 0x22, 0x02, 
    0x16, 0xfd, 0xea, 0x02, 0xde, 0x02, 0xd2, 0x00, 0x00, 0x01, 0x00, 0x07, 0x00, 0x00, 0x04, 0xd6, 0x05, 0xb0, 0x00, 0x08, 
    0x00, 0x31, 0x00, 0xb0, 0x00, 0x45, 0x58, 0xb0, 0x01, 0x2f, 0x1b, 0xb1, 0x01, 0x20, 0x3e, 0x59, 0xb0, 0x00, 0x45, 0x58, 
    0xb0, 0x07, 0x2f, 0x1b, 0xb1, 0x07, 0x20, 0x3e, 0x59, 0xb0, 0x00, 0x45, 0x58, 0xb0, 0x04, 0x2f, 0x1b, 0xb1, 0x04, 0x10, 
    0x3e, 0x59, 0xb2, 0x00, 0x01, 0x04, 0x11, 0x12, 0x39, 0x30, 0x31, 0x01, 0x01, 0x21, 0x01, 0x11, 0x23, 0x11, 0x01, 0x21, 
    0x02, 0x6f, 0x01, 0x4f, 0x01, 0x18, 0xfe, 0x18, 0xfe, 0xfe, 0x17, 0x01, 0x19, 0x02, 0xfe, 0x02, 0xb2, 0xfc, 0x68, 0xfd, 
    0xe8, 0x02, 0x18, 0x03, 0x98, 0x00, 0x00, 0x01, 0x00, 0x50, 0x00, 0x00, 0x04, 0x8c, 0x05, 0xb0, 0x00, 0x09, 0x00, 0x46, 
    0x00, 0xb0, 0x00, 0x45, 0x58, 0xb0, 0x07, 0x2f, 0x1b, 0xb1, 0x07, 0x20, 0x3e, 0x59, 0xb0, 0x00, 0x45, 0x58, 0xb0, 0x02, 
    0x2f, 0x1b, 0xb1, 0x02, 0x10, 0x3e, 0x59, 0xb1, 0x00, 0x01, 0xb0, 0x0a, 0x2b, 0x58, 0x21, 0xd8, 0x1b, 0xf4, 0x59, 0xb2, 
    0x04, 0x00, 0x02, 0x11, 0x12, 0x39, 0xb0, 0x07, 0x10, 0xb1, 0x05, 0x01, 0xb0, 0x0a, 0x2b, 0x58, 0x21, 0xd8, 0x1b, 0xf4, 
    0x59, 0xb2, 0x09, 0x05, 0x07, 0x11, 0x12, 0x39, 0x30, 0x31, 0x25, 0x21, 0x15, 0x21, 0x35, 0x01, 0x21, 0x35, 0x21, 0x15, 
    0x01, 0x82, 0x03, 0x0a, 0xfb, 0xc4, 0x02, 0xf1, 0xfd, 0x14, 0x04, 0x1f, 0xca, 0xca, 0xa4, 0x04, 0x40, 0xcc, 0xa0, 0x00, 
    0x00, 0x01, 0x00, 0x84, 0xfe, 0xbc, 0x02, 0x1c, 0x06, 0x8e, 0x00, 0x07, 0x00, 0x24, 0x00, 0xb0, 0x04, 0x2f, 0xb0, 0x07, 
    0x2f, 0xb1, 0x00, 0x01, 0xb0, 0x0a, 0x2b, 0x58, 0x21, 0xd8, 0x1b, 0xf4, 0x59, 0xb0, 0x04, 0x10, 0xb1, 0x03, 0x01, 0xb0, 
    0x0a, 0x2b, 0x58, 0x21, 0xd8, 0x1b, 0xf4, 0x59, 0x30, 0x31, 0x01, 0x23, 0x11, 0x33, 0x15, 0x21, 0x11, 0x21, 0x02, 0x1c, 
    0xa5, 0xa5, 0xfe, 0x68, 0x01, 0x98, 0x05, 0xd0, 0xf9, 0xa9, 0xbd, 0x07, 0xd2, 0x00, 0x00, 0x01, 0x00, 0x14, 0xff, 0x83, 
    0x03, 0x64, 0x05, 0xb0, 0x00, 0x03, 0x00, 0x13, 0x00, 0xb0, 0x02, 0x2f, 0xb0, 0x00, 0x45, 0x58, 0xb0, 0x00, 0x2f, 0x1b, 
    0xb1, 0x00, 0x20, 0x3e, 0x59, 0x30, 0x31, 0x13, 0x33, 0x01, 0x23, 0x14, 0xf0, 0x02, 0x60, 0xf0, 0x05, 0xb0, 0xf9, 0xd3, 
    0x00, 0x01, 0x00, 0x0c, 0xfe, 0xbc, 0x01, 0xa6, 0x06, 0x8e, 0x00, 0x07, 0x00, 0x27, 0x00, 0xb0, 0x02, 0x2f, 0xb0, 0x01, 
    0x2f, 0xb0, 0x02, 0x10, 0xb1, 0x05, 0x01, 0xb0, 0x0a, 0x2b, 0x58, 0x21, 0xd8, 0x1b, 0xf4, 0x59, 0xb0, 0x01, 0x10, 0xb1, 
    0x06, 0x01, 0xb0, 0x0a, 0x2b, 0x58, 0x21, 0xd8, 0x1b, 0xf4, 0x59, 0x30, 0x31, 0x13, 0x21, 0x11, 0x21, 0x35, 0x33, 0x11, 
    0x23, 0x0c, 0x01, 0x9a, 0xfe, 0x66, 0xa7, 0xa7, 0x06, 0x8e, 0xf8, 0x2e, 0xbd, 0x06, 0x57, 0x00, 0x00, 0x01, 0x00, 0x35, 
    0x02, 0xd9, 0x03, 0x35, 0x05, 0xb0, 0x00, 0x06, 0x00, 0x27, 0xb2, 0x00, 0x07, 0x08, 0x11, 0x12, 0x39, 0x00, 0xb0, 0x00, 
    0x45, 0x58, 0xb0, 0x03, 0x2f, 0x1b, 0xb1, 0x03, 0x20, 0x3e, 0x59, 0xb0, 0x00, 0xd0, 0xb2, 0x01, 0x07, 0x03, 0x11, 0x12, 
    0x39, 0xb0, 0x01, 0x2f, 0xb0, 0x05, 0xd0, 0x30, 0x31, 0x01, 0x03, 0x23, 0x01, 0x33, 0x01, 0x23, 0x01, 0xb5, 0xb2, 0xce, 
    0x01, 0x2b, 0xab, 0x01, 0x2a, 0xcd, 0x04, 0xa6, 0xfe, 0x33, 0x02, 0xd7, 0xfd, 0x29, 0x00, 0x01, 0x00, 0x03, 0xff, 0x41, 
    0x03, 0x98, 0x00, 0x00, 0x00, 0x03, 0x00, 0x1c, 0x00, 0xb0, 0x00, 0x45, 0x58, 0xb0, 0x03, 0x2f, 0x1b, 0xb1, 0x03, 0x10, 
    0x3e, 0x59, 0xb1, 0x00, 0x01, 0xb0, 0x0a, 0x2b, 0x58, 0x21, 0xd8, 0x1b, 0xf4, 0x59, 0x30, 0x31, 0x05, 0x21, 0x35, 0x21, 
    0x03, 0x98, 0xfc, 0x6b, 0x03, 0x95, 0xbf, 0xbf, 0x00, 0x01, 0x00, 0x31, 0x04, 0xd1, 0x02, 0x09, 0x06, 0x00, 0x00, 0x03, 
    0x00, 0x24, 0x00, 0xb0, 0x01, 0x2f, 0xb2, 0x0f, 0x01, 0x01, 0x5d, 0xb0, 0x03, 0xd0, 0xb0, 0x03, 0x2f, 0xb4, 0x0f, 0x03, 
    0x1f, 0x03, 0x02, 0x5d, 0xb2, 0x00, 0x01, 0x03, 0x11, 0x12, 0x39, 0x19, 0xb0, 0x00, 0x2f, 0x18, 0x30, 0x31, 0x01, 0x23, 
    0x01, 0x21, 0x02, 0x09, 0xca, 0xfe, 0xf2, 0x01, 0x15, 0x04, 0xd1, 0x01, 0x2f, 0x00, 0x00, 0x02, 0x00, 0x5a, 0xff, 0xec, 
    0x03, 0xfb, 0x04, 0x4e, 0x00, 0x1e, 0x00, 0x29, 0x00, 0x88, 0xb2, 0x17, 0x2a, 0x2b, 0x11, 0x12, 0x39, 0xb0, 0x17, 0x10, 
    0xb0, 0x20, 0xd0, 0x00, 0xb0, 0x00, 0x45, 0x58, 0xb0, 0x17, 0x2f, 0x1b, 0xb1, 0x17, 0x1c, 0x3e, 0x59, 0xb0, 0x00, 0x45, 
    0x58, 0xb0, 0x04, 0x2f, 0x1b, 0xb1, 0x04, 0x10, 0x3e, 0x59, 0xb0, 0x00, 0x45, 0x58, 0xb0, 0x00, 0x2f, 0x1b, 0xb1, 0x00, 
    0x10, 0x3e, 0x59, 0xb2, 0x02, 0x17, 0x04, 0x11, 0x12, 0x39, 0xb2, 0x0b, 0x17, 0x04, 0x11, 0x12, 0x39, 0xb0, 0x0b, 0x2f, 
    0xb0, 0x17, 0x10, 0xb1, 0x0f, 0x01, 0xb0, 0x0a, 0x2b, 0x58, 0x21, 0xd8, 0x1b, 0xf4, 0x59, 0xb2, 0x12, 0x0b, 0x0f, 0x11, 
    0x12, 0x39, 0x40, 0x09, 0x0c, 0x12, 0x1c, 0x12, 0x2c, 0x12, 0x3c, 0x12, 0x04, 0x5d, 0xb0, 0x04, 0x10, 0xb1, 0x1f, 0x01, 
    0xb0, 0x0a, 0x2b, 0x58, 0x21, 0xd8, 0x1b, 0xf4, 0x59, 0xb0, 0x0b, 0x10, 0xb1, 0x23, 0x07, 0xb0, 0x0a, 0x2b, 0x58, 0x21, 
    0xd8, 0x1b, 0xf4, 0x59, 0x30, 0x31, 0x21, 0x26, 0x27, 0x06, 0x23, 0x22, 0x26, 0x35, 0x34, 0x24, 0x33, 0x33, 0x35, 0x34, 
    0x26, 0x23, 0x22, 0x06, 0x15, 0x23, 0x34, 0x36, 0x36, 0x33, 0x32, 0x16, 0x17, 0x11, 0x14, 0x17, 0x15, 0x25, 0x32, 0x36, 
    0x37, 0x35, 0x23, 0x22, 0x06, 0x15, 0x14, 0x16, 0x03, 0x03, 0x10, 0x0c, 0x74, 0xa8, 0xa3, 0xce, 0x01, 0x01, 0xef, 0x95, 
    0x5e, 0x60, 0x53, 0x6a, 0xf3, 0x76, 0xcb, 0x7d, 0xbe, 0xe2, 0x03, 0x29, 0xfd, 0xfd, 0x48, 0x7f, 0x20, 0x83, 0x87, 0x88, 
    0x5d, 0x1f, 0x46, 0x79, 0xba, 0x89, 0xad, 0xb9, 0x47, 0x54, 0x65, 0x53, 0x40, 0x59, 0x9b, 0x58, 0xbf, 0xad, 0xfe, 0x18, 
    0x92, 0x57, 0x11, 0xaf, 0x46, 0x3b, 0xcc, 0x5e, 0x56, 0x46, 0x53, 0x00, 0x00, 0x02, 0x00, 0x7c, 0xff, 0xec, 0x04, 0x32, 
    0x06, 0x00, 0x00, 0x0f, 0x00, 0x1b, 0x00, 0x66, 0xb2, 0x13, 0x1c, 0x1d, 0x11, 0x12, 0x39, 0xb0, 0x13, 0x10, 0xb0, 0x0c, 
    0xd0, 0x00, 0xb0, 0x09, 0x2f, 0xb0, 0x00, 0x45, 0x58, 0xb0, 0x0c, 0x2f, 0x1b, 0xb1, 0x0c, 0x1c, 0x3e, 0x59, 0xb0, 0x00, 
    0x45, 0x58, 0xb0, 0x03, 0x2f, 0x1b, 0xb1, 0x03, 0x10, 0x3e, 0x59, 0xb0, 0x00, 0x45, 0x58, 0xb0, 0x06, 0x2f, 0x1b, 0xb1, 
    0x06, 0x10, 0x3e, 0x59, 0xb2, 0x05, 0x0c, 0x03, 0x11, 0x12, 0x39, 0xb2, 0x0a, 0x0c, 0x03, 0x11, 0x12, 0x39, 0xb0, 0x0c, 
    0x10, 0xb1, 0x13, 0x01, 0xb0, 0x0a, 0x2b, 0x58, 0x21, 0xd8, 0x1b, 0xf4, 0x59, 0xb0, 0x03, 0x10, 0xb1, 0x18, 0x01, 0xb0, 
    0x0a, 0x2b, 0x58, 0x21, 0xd8, 0x1b, 0xf4, 0x59, 0x30, 0x31, 0x01, 0x14, 0x02, 0x23, 0x22, 0x27, 0x07, 0x23, 0x11, 0x33, 
    0x11, 0x36, 0x33, 0x32, 0x12, 0x11, 0x27, 0x34, 0x26, 0x23, 0x22, 0x07, 0x11, 0x16, 0x33, 0x32, 0x36, 0x37, 0x04, 0x32, 
    0xe1, 0xc5, 0xbe, 0x6a, 0x0c, 0xdc, 0xf3, 0x69, 0xb2, 0xc6, 0xe2, 0xf3, 0x7c, 0x76, 0x9e, 0x40, 0x41, 0x9f, 0x72, 0x7c, 
    0x02, 0x02, 0x12, 0xfc, 0xfe, 0xd6, 0x89, 0x75, 0x06, 0x00, 0xfd, 0xd2, 0x7c, 0xfe, 0xda, 0xfe, 0xf8, 0x07, 0xb0, 0xb0, 
    0x8a, 0xfe, 0x42, 0x8d, 0xaa, 0xac, 0x00, 0x01, 0x00, 0x4f, 0xff, 0xec, 0x03, 0xf5, 0x04, 0x4e, 0x00, 0x1c, 0x00, 0x4d, 
    0xb2, 0x00, 0x1d, 0x1e, 0x11, 0x12, 0x39, 0x00, 0xb0, 0x00, 0x45, 0x58, 0xb0, 0x0f, 0x2f, 0x1b, 0xb1, 0x0f, 0x1c, 0x3e, 
    0x59, 0xb0, 0x00, 0x45, 0x58, 0xb0, 0x08, 0x2f, 0x1b, 0xb1, 0x08, 0x10, 0x3e, 0x59, 0xb1, 0x00, 0x01, 0xb0, 0x0a, 0x2b, 
    0x58, 0x21, 0xd8, 0x1b, 0xf4, 0x59, 0xb2, 0x03, 0x08, 0x0f, 0x11, 0x12, 0x39, 0xb2, 0x13, 0x0f, 0x08, 0x11, 0x12, 0x39, 
    0xb0, 0x0f, 0x10, 0xb1, 0x16, 0x01, 0xb0, 0x0a, 0x2b, 0x58, 0x21, 0xd8, 0x1b, 0xf4, 0x59, 0x30, 0x31, 0x25, 0x32, 0x36, 
    0x37, 0x33, 0x0e, 0x02, 0x23, 0x22, 0x00, 0x11, 0x35, 0x34, 0x00, 0x33, 0x32, 0x16, 0x17, 0x23, 0x26, 0x26, 0x23, 0x22, 
    0x06, 0x07, 0x15, 0x14, 0x16, 0x02, 0x39, 0x5b, 0x78, 0x04, 0xe5, 0x04, 0x76, 0xca, 0x75, 0xe3, 0xfe, 0xf6, 0x01, 0x08, 
    0xe4, 0xc1, 0xf3, 0x06, 0xe5, 0x04, 0x77, 0x5c, 0x76, 0x80, 0x01, 0x7f, 0xae, 0x6a, 0x4e, 0x65, 0xaf, 0x66, 0x01, 0x26, 
    0x01, 0x03, 0x19, 0xf7, 0x01, 0x29, 0xe1, 0xb7, 0x5d, 0x78, 0xab, 0xae, 0x27, 0xb0, 0xad, 0x00, 0x00, 0x02, 0x00, 0x4f, 
    0xff, 0xec, 0x04, 0x03, 0x06, 0x00, 0x00, 0x0e, 0x00, 0x19, 0x00, 0x66, 0xb2, 0x17, 0x1a, 0x1b, 0x11, 0x12, 0x39, 0xb0, 
    0x17, 0x10, 0xb0, 0x03, 0xd0, 0x00, 0xb0, 0x06, 0x2f, 0xb0, 0x00, 0x45, 0x58, 0xb0, 0x03, 0x2f, 0x1b, 0xb1, 0x03, 0x1c, 
    0x3e, 0x59, 0xb0, 0x00, 0x45, 0x58, 0xb0, 0x0c, 0x2f, 0x1b, 0xb1, 0x0c, 0x10, 0x3e, 0x59, 0xb0, 0x00, 0x45, 0x58, 0xb0, 
    0x08, 0x2f, 0x1b, 0xb1, 0x08, 0x10, 0x3e, 0x59, 0xb2, 0x05, 0x03, 0x0c, 0x11, 0x12, 0x39, 0xb2, 0x0a, 0x03, 0x0c, 0x11, 
    0x12, 0x39, 0xb0, 0x0c, 0x10, 0xb1, 0x12, 0x01, 0xb0, 0x0a, 0x2b, 0x58, 0x21, 0xd8, 0x1b, 0xf4, 0x59, 0xb0, 0x03, 0x10, 
    0xb1, 0x17, 0x01, 0xb0, 0x0a, 0x2b, 0x58, 0x21, 0xd8, 0x1b, 0xf4, 0x59, 0x30, 0x31, 0x13, 0x34, 0x12, 0x33, 0x32, 0x17, 
    0x11, 0x33, 0x11, 0x23, 0x27, 0x06, 0x23, 0x22, 0x02, 0x37, 0x14, 0x16, 0x33, 0x32, 0x37, 0x11, 0x26, 0x23, 0x22, 0x06, 
    0x4f, 0xe8, 0xc3, 0xac, 0x6a, 0xf3, 0xdc, 0x0c, 0x6d, 0xb6, 0xbe, 0xeb, 0xf3, 0x7f, 0x75, 0x95, 0x45, 0x43, 0x95, 0x76, 
    0x80, 0x02, 0x25, 0xfa, 0x01, 0x2f, 0x78, 0x02, 0x2a, 0xfa, 0x00, 0x70, 0x84, 0x01, 0x32, 0xf2, 0xa5, 0xb9, 0x85, 0x01, 
    0xce, 0x82, 0xbb, 0x00, 0x00, 0x02, 0x00, 0x53, 0xff, 0xec, 0x04, 0x0b, 0x04, 0x4e, 0x00, 0x15, 0x00, 0x1d, 0x00, 0x86, 
    0xb2, 0x16, 0x1e, 0x1f, 0x11, 0x12, 0x39, 0xb0, 0x16, 0x10, 0xb0, 0x08, 0xd0, 0x00, 0xb0, 0x00, 0x45, 0x58, 0xb0, 0x08, 
    0x2f, 0x1b, 0xb1, 0x08, 0x1c, 0x3e, 0x59, 0xb0, 0x00, 0x45, 0x58, 0xb0, 0x00, 0x2f, 0x1b, 0xb1, 0x00, 0x10, 0x3e, 0x59, 
    0xb2, 0x1a, 0x00, 0x08, 0x11, 0x12, 0x39, 0xb0, 0x1a, 0x2f, 0xb4, 0xbf, 0x1a, 0xcf, 0x1a, 0x02, 0x5d, 0xb4, 0x5f, 0x1a, 
    0x6f, 0x1a, 0x02, 0x71, 0xb4, 0x1f, 0x1a, 0x2f, 0x1a, 0x02, 0x71, 0xb4, 0xef, 0x1a, 0xff, 0x1a, 0x02, 0x71, 0xb2, 0x8c, 
    0x1a, 0x01, 0x5d, 0xb1, 0x0c, 0x07, 0xb0, 0x0a, 0x2b, 0x58, 0x21, 0xd8, 0x1b, 0xf4, 0x59, 0xb0, 0x00, 0x10, 0xb1, 0x10, 
    0x01, 0xb0, 0x0a, 0x2b, 0x58, 0x21, 0xd8, 0x1b, 0xf4, 0x59, 0xb2, 0x12, 0x08, 0x00, 0x11, 0x12, 0x39, 0xb0, 0x08, 0x10, 
    0xb1, 0x16, 0x01, 0xb0, 0x0a, 0x2b, 0x58, 0x21, 0xd8, 0x1b, 0xf4, 0x59, 0x30, 0x31, 0x05, 0x22, 0x00, 0x35, 0x35, 0x34, 
    0x36, 0x36, 0x33, 0x32, 0x12, 0x11, 0x15, 0x21, 0x16, 0x16, 0x33, 0x32, 0x37, 0x17, 0x06, 0x06, 0x03, 0x22, 0x06, 0x07, 
    0x21, 0x35, 0x26, 0x26, 0x02, 0x59, 0xe7, 0xfe, 0xe1, 0x7d, 0xe2, 0x8b, 0xdd, 0xf1, 0xfd, 0x3d, 0x0b, 0x9d, 0x77, 0xa7, 
    0x69, 0x83, 0x41, 0xd9, 0xa4, 0x64, 0x7b, 0x11, 0x01, 0xcf, 0x08, 0x72, 0x14, 0x01, 0x23, 0xf2, 0x1e, 0xa2, 0xff, 0x8e, 
    0xfe, 0xe6, 0xfe, 0xfe, 0x62, 0x86, 0x9c, 0x87, 0x7d, 0x61, 0x6b, 0x03, 0x9f, 0x8c, 0x7d, 0x12, 0x7a, 0x7d, 0x00, 0x01, 
    0x00, 0x2d, 0x00, 0x00, 0x02, 0xd6, 0x06, 0x15, 0x00, 0x14, 0x00, 0x55, 0xb2, 0x07, 0x15, 0x16, 0x11, 0x12, 0x39, 0x00, 
    0xb0, 0x00, 0x45, 0x58, 0xb0, 0x08, 0x2f, 0x1b, 0xb1, 0x08, 0x22, 0x3e, 0x59, 0xb0, 0x00, 0x45, 0x58, 0xb0, 0x04, 0x2f, 
    0x1b, 0xb1, 0x04, 0x1c, 0x3e, 0x59, 0xb0, 0x00, 0x45, 0x58, 0xb0, 0x00, 0x2f, 0x1b, 0xb1, 0x00, 0x10, 0x3e, 0x59, 0xb0, 
    0x04, 0x10, 0xb0, 0x10, 0xd0, 0xb1, 0x13, 0x01, 0xb0, 0x0a, 0x2b, 0x58, 0x21, 0xd8, 0x1b, 0xf4, 0x59, 0xb0, 0x01, 0xd0, 
    0xb0, 0x08, 0x10, 0xb1, 0x0d, 0x01, 0xb0, 0x0a, 0x2b, 0x58, 0x21, 0xd8, 0x1b, 0xf4, 0x59, 0x30, 0x31, 0x33, 0x11, 0x23, 
    0x35, 0x33, 0x35, 0x34, 0x36, 0x33, 0x32, 0x17, 0x07, 0x26, 0x23, 0x22, 0x15, 0x15, 0x33, 0x15, 0x23, 0x11, 0xd2, 0xa5, 
    0xa5, 0xc8, 0xb4, 0x40, 0x48, 0x06, 0x28, 0x35, 0xae, 0xdc, 0xdc, 0x03, 0x86, 0xb4, 0x63, 0xb4, 0xc4, 0x12, 0xbe, 0x08, 
    0xb3, 0x60, 0xb4, 0xfc, 0x7a, 0x00, 0x00, 0x02, 0x00, 0x52, 0xfe, 0x56, 0x04, 0x0c, 0x04, 0x4e, 0x00, 0x19, 0x00, 0x24, 
    0x00, 0x86, 0xb2, 0x22, 0x25, 0x26, 0x11, 0x12, 0x39, 0xb0, 0x22, 0x10, 0xb0, 0x0b, 0xd0, 0x00, 0xb0, 0x00, 0x45, 0x58, 
    0xb0, 0x03, 0x2f, 0x1b, 0xb1, 0x03, 0x1c, 0x3e, 0x59, 0xb0, 0x00, 0x45, 0x58, 0xb0, 0x06, 0x2f, 0x1b, 0xb1, 0x06, 0x1c, 
    0x3e, 0x59, 0xb0, 0x00, 0x45, 0x58, 0xb0, 0x0b, 0x2f, 0x1b, 0xb1, 0x0b, 0x12, 0x3e, 0x59, 0xb0, 0x00, 0x45, 0x58, 0xb0, 
    0x17, 0x2f, 0x1b, 0xb1, 0x17, 0x10, 0x3e, 0x59, 0xb2, 0x05, 0x03, 0x17, 0x11, 0x12, 0x39, 0xb0, 0x0b, 0x10, 0xb1, 0x11, 
    0x01, 0xb0, 0x0a, 0x2b, 0x58, 0x21, 0xd8, 0x1b, 0xf4, 0x59, 0xb2, 0x0f, 0x11, 0x17, 0x11, 0x12, 0x39, 0xb2, 0x15, 0x03, 
    0x17, 0x11, 0x12, 0x39, 0xb0, 0x17, 0x10, 0xb1, 0x1d, 0x01, 0xb0, 0x0a, 0x2b, 0x58, 0x21, 0xd8, 0x1b, 0xf4, 0x59, 0xb0, 
    0x03, 0x10, 0xb1, 0x22, 0x01, 0xb0, 0x0a, 0x2b, 0x58, 0x21, 0xd8, 0x1b, 0xf4, 0x59, 0x30, 0x31, 0x13, 0x34, 0x12, 0x33, 
    0x32, 0x17, 0x37, 0x33, 0x11, 0x14, 0x04, 0x23, 0x22, 0x26, 0x27, 0x37, 0x16, 0x33, 0x32, 0x36, 0x35, 0x35, 0x06, 0x23, 
    0x22, 0x02, 0x37, 0x14, 0x16, 0x33, 0x32, 0x37, 0x11, 0x26, 0x23, 0x22, 0x06, 0x52, 0xed, 0xc4, 0xb9, 0x6a, 0x0b, 0xdb, 
    0xfe, 0xf7, 0xe1, 0x77, 0xe3, 0x3b, 0x73, 0x70, 0xa4, 0x79, 0x8c, 0x69, 0xaf, 0xbe, 0xf1, 0xf2, 0x85, 0x76, 0x93, 0x47, 
    0x45, 0x93, 0x78, 0x85, 0x02, 0x25, 0xfc, 0x01, 0x2d, 0x81, 0x6d, 0xfb, 0xe7, 0xd5, 0xf6, 0x63, 0x50, 0x92, 0x85, 0x83, 
    0x7f, 0x49, 0x75, 0x01, 0x2e, 0xf6, 0xa3, 0xbb, 0x7e, 0x01, 0xdc, 0x7b, 0xbe, 0x00, 0x00, 0x01, 0x00, 0x79, 0x00, 0x00, 
    0x03, 0xf8, 0x06, 0x00, 0x00, 0x10, 0x00, 0x43, 0xb2, 0x0a, 0x11, 0x12, 0x11, 0x12, 0x39, 0x00, 0xb0, 0x10, 0x2f, 0xb0, 
    0x00, 0x45, 0x58, 0xb0, 0x02, 0x2f, 0x1b, 0xb1, 0x02, 0x1c, 0x3e, 0x59, 0xb0, 0x00, 0x45, 0x58, 0xb0, 0x0d, 0x2f, 0x1b, 
    0xb1, 0x0d, 0x10, 0x3e, 0x59, 0xb0, 0x00, 0x45, 0x58, 0xb0, 0x06, 0x2f, 0x1b, 0xb1, 0x06, 0x10, 0x3e, 0x59, 0xb0, 0x02, 
    0x10, 0xb1, 0x0a, 0x01, 0xb0, 0x0a, 0x2b, 0x58, 0x21, 0xd8, 0x1b, 0xf4, 0x59, 0x30, 0x31, 0x01, 0x36, 0x33, 0x20, 0x13, 
    0x11, 0x23, 0x11, 0x34, 0x26, 0x23, 0x22, 0x07, 0x11, 0x23, 0x11, 0x33, 0x01, 0x6c, 0x77, 0xb6, 0x01, 0x5a, 0x05, 0xf3, 
    0x61, 0x5e, 0x92, 0x48, 0xf3, 0xf3, 0x03, 0xc4, 0x8a, 0xfe, 0x75, 0xfd, 0x3d, 0x02, 0xba, 0x70, 0x5d, 0x82, 0xfc, 0xfb, 
    0x06, 0x00, 0x00, 0x02, 0x00, 0x7d, 0x00, 0x00, 0x01, 0x90, 0x05, 0xd5, 0x00, 0x03, 0x00, 0x0d, 0x00, 0x3f, 0xb2, 0x06, 
    0x0e, 0x0f, 0x11, 0x12, 0x39, 0xb0, 0x06, 0x10, 0xb0, 0x01, 0xd0, 0x00, 0xb0, 0x00, 0x45, 0x58, 0xb0, 0x02, 0x2f, 0x1b, 
    0xb1, 0x02, 0x1c, 0x3e, 0x59, 0xb0, 0x00, 0x45, 0x58, 0xb0, 0x01, 0x2f, 0x1b, 0xb1, 0x01, 0x10, 0x3e, 0x59, 0xb0, 0x02, 
    0x10, 0xb0, 0x0c, 0xd0, 0xb0, 0x0c, 0x2f, 0xb1, 0x06, 0x0d, 0xb0, 0x0a, 0x2b, 0x58, 0x21, 0xd8, 0x1b, 0xf4, 0x59, 0x30, 
    0x31, 0x21, 0x23, 0x11, 0x33, 0x01, 0x34, 0x36, 0x32, 0x16, 0x15, 0x14, 0x06, 0x22, 0x26, 0x01, 0x7f, 0xf3, 0xf3, 0xfe, 
    0xfe, 0x47, 0x84, 0x48, 0x48, 0x84, 0x47, 0x04, 0x3a, 0x01, 0x19, 0x38, 0x4a, 0x4a, 0x38, 0x37, 0x49, 0x49, 0x00, 0x02, 
    0xff, 0xb5, 0xfe, 0x4b, 0x01, 0x85, 0x05, 0xd5, 0x00, 0x0c, 0x00, 0x16, 0x00, 0x4b, 0xb2, 0x03, 0x17, 0x18, 0x11, 0x12, 
    0x39, 0xb0, 0x03, 0x10, 0xb0, 0x10, 0xd0, 0x00, 0xb0, 0x00, 0x45, 0x58, 0xb0, 0x0c, 0x2f, 0x1b, 0xb1, 0x0c, 0x1c, 0x3e, 
    0x59, 0xb0, 0x00, 0x45, 0x58, 0xb0, 0x04, 0x2f, 0x1b, 0xb1, 0x04, 0x12, 0x3e, 0x59, 0xb1, 0x09, 0x01, 0xb0, 0x0a, 0x2b, 
    0x58, 0x21, 0xd8, 0x1b, 0xf4, 0x59, 0xb0, 0x0c, 0x10, 0xb0, 0x15, 0xd0, 0xb0, 0x15, 0x2f, 0xb1, 0x0f, 0x0d, 0xb0, 0x0a, 
    0x2b, 0x58, 0x21, 0xd8, 0x1b, 0xf4, 0x59, 0x30, 0x31, 0x01, 0x11, 0x14, 0x06, 0x23, 0x22, 0x27, 0x35, 0x16, 0x33, 0x32, 
    0x37, 0x11, 0x03, 0x34, 0x36, 0x32, 0x16, 0x15, 0x14, 0x06, 0x22, 0x26, 0x01, 0x7a, 0xa5, 0x9f, 0x43, 0x3e, 0x26, 0x30, 
    0x79, 0x03, 0x15, 0x47, 0x84, 0x48, 0x48, 0x84, 0x47, 0x04, 0x3a, 0xfb, 0x66, 0xa6, 0xaf, 0x11, 0xc0, 0x09, 0x84, 0x04, 
    0xa3, 0x01, 0x19, 0x38, 0x4a, 0x4a, 0x38, 0x37, 0x49, 0x49, 0x00, 0x01, 0x00, 0x7d, 0x00, 0x00, 0x04, 0x36, 0x06, 0x00, 
    0x00, 0x0c, 0x00, 0x53, 0x00, 0xb0, 0x00, 0x45, 0x58, 0xb0, 0x04, 0x2f, 0x1b, 0xb1, 0x04, 0x22, 0x3e, 0x59, 0xb0, 0x00, 
    0x45, 0x58, 0xb0, 0x08, 0x2f, 0x1b, 0xb1, 0x08, 0x1c, 0x3e, 0x59, 0xb0, 0x00, 0x45, 0x58, 0xb0, 0x02, 0x2f, 0x1b, 0xb1, 
    0x02, 0x10, 0x3e, 0x59, 0xb0, 0x00, 0x45, 0x58, 0xb0, 0x0b, 0x2f, 0x1b, 0xb1, 0x0b, 0x10, 0x3e, 0x59, 0xb2, 0x00, 0x08, 
    0x02, 0x11, 0x12, 0x39, 0xb4, 0x6a, 0x00, 0x7a, 0x00, 0x02, 0x5d, 0xb2, 0x06, 0x08, 0x02, 0x11, 0x12, 0x39, 0xb4, 0x65, 
    0x06, 0x75, 0x06, 0x02, 0x5d, 0x30, 0x31, 0x01, 0x07, 0x11, 0x23, 0x11, 0x33, 0x11, 0x37, 0x01, 0x21, 0x01, 0x01, 0x21, 
    0x01, 0xdc, 0x6c, 0xf3, 0xf3, 0x4c, 0x01, 0x2b, 0x01, 0x24, 0xfe, 0x6e, 0x01, 0xbd, 0xfe, 0xe7, 0x01, 0xd0, 0x6f, 0xfe, 
    0x9f, 0x06, 0x00, 0xfc, 0x8a, 0x5f, 0x01, 0x51, 0xfe, 0x3d, 0xfd, 0x89, 0x00, 0x01, 0x00, 0x8c, 0x00, 0x00, 0x01, 0x7f, 
    0x06, 0x00, 0x00, 0x03, 0x00, 0x1d, 0x00, 0xb0, 0x00, 0x45, 0x58, 0xb0, 0x02, 0x2f, 0x1b, 0xb1, 0x02, 0x22, 0x3e, 0x59, 
    0xb0, 0x00, 0x45, 0x58, 0xb0, 0x00, 0x2f, 0x1b, 0xb1, 0x00, 0x10, 0x3e, 0x59, 0x30, 0x31, 0x21, 0x23, 0x11, 0x33, 0x01, 
    0x7f, 0xf3, 0xf3, 0x06, 0x00, 0x00, 0x00, 0x01, 0x00, 0x7c, 0x00, 0x00, 0x06, 0x79, 0x04, 0x4e, 0x00, 0x1d, 0x00, 0x78, 
    0xb2, 0x04, 0x1e, 0x1f, 0x11, 0x12, 0x39, 0x00, 0xb0, 0x00, 0x45, 0x58, 0xb0, 0x03, 0x2f, 0x1b, 0xb1, 0x03, 0x1c, 0x3e, 
    0x59, 0xb0, 0x00, 0x45, 0x58, 0xb0, 0x07, 0x2f, 0x1b, 0xb1, 0x07, 0x1c, 0x3e, 0x59, 0xb0, 0x00, 0x45, 0x58, 0xb0, 0x00, 
    0x2f, 0x1b, 0xb1, 0x00, 0x1c, 0x3e, 0x59, 0xb0, 0x00, 0x45, 0x58, 0xb0, 0x1b, 0x2f, 0x1b, 0xb1, 0x1b, 0x10, 0x3e, 0x59, 
    0xb0, 0x00, 0x45, 0x58, 0xb0, 0x15, 0x2f, 0x1b, 0xb1, 0x15, 0x10, 0x3e, 0x59, 0xb0, 0x00, 0x45, 0x58, 0xb0, 0x0c, 0x2f, 
    0x1b, 0xb1, 0x0c, 0x10, 0x3e, 0x59, 0xb2, 0x01, 0x03, 0x1b, 0x11, 0x12, 0x39, 0xb2, 0x05, 0x07, 0x15, 0x11, 0x12, 0x39, 
    0xb0, 0x07, 0x10, 0xb1, 0x10, 0x01, 0xb0, 0x0a, 0x2b, 0x58, 0x21, 0xd8, 0x1b, 0xf4, 0x59, 0xb0, 0x18, 0xd0, 0x30, 0x31, 
    0x01, 0x17, 0x36, 0x33, 0x32, 0x17, 0x36, 0x33, 0x32, 0x16, 0x17, 0x11, 0x23, 0x11, 0x34, 0x26, 0x23, 0x22, 0x06, 0x07, 
    0x13, 0x23, 0x11, 0x26, 0x23, 0x22, 0x07, 0x11, 0x23, 0x11, 0x01, 0x61, 0x07, 0x72, 0xc6, 0xd9, 0x50, 0x76, 0xd6, 0xb3, 
    0xaf, 0x02, 0xf3, 0x5a, 0x68, 0x53, 0x69, 0x15, 0x01, 0xf3, 0x05, 0xbe, 0x92, 0x3d, 0xf3, 0x04, 0x3a, 0x71, 0x85, 0xa6, 
    0xa6, 0xc6, 0xc1, 0xfd, 0x39, 0x02, 0xc0, 0x67, 0x60, 0x59, 0x48, 0xfd, 0x1a, 0x02, 0xc8, 0xbf, 0x77, 0xfc, 0xf0, 0x04, 
    0x3a, 0x00, 0x00, 0x01, 0x00, 0x79, 0x00, 0x00, 0x03, 0xf8, 0x04, 0x4e, 0x00, 0x10, 0x00, 0x54, 0xb2, 0x0b, 0x11, 0x12, 
    0x11, 0x12, 0x39, 0x00, 0xb0, 0x00, 0x45, 0x58, 0xb0, 0x03, 0x2f, 0x1b, 0xb1, 0x03, 0x1c, 0x3e, 0x59, 0xb0, 0x00, 0x45, 
    0x58, 0xb0, 0x00, 0x2f, 0x1b, 0xb1, 0x00, 0x1c, 0x3e, 0x59, 0xb0, 0x00, 0x45, 0x58, 0xb0, 0x0e, 0x2f, 0x1b, 0xb1, 0x0e, 
    0x10, 0x3e, 0x59, 0xb0, 0x00, 0x45, 0x58, 0xb0, 0x07, 0x2f, 0x1b, 0xb1, 0x07, 0x10, 0x3e, 0x59, 0xb2, 0x01, 0x0e, 0x03, 
    0x11, 0x12, 0x39, 0xb0, 0x03, 0x10, 0xb1, 0x0b, 0x01, 0xb0, 0x0a, 0x2b, 0x58, 0x21, 0xd8, 0x1b, 0xf4, 0x59, 0x30, 0x31, 
    0x01, 0x17, 0x36, 0x33, 0x20, 0x13, 0x11, 0x23, 0x11, 0x34, 0x26, 0x23, 0x22, 0x07, 0x11, 0x23, 0x11, 0x01, 0x5e, 0x07, 
    0x78, 0xc3, 0x01, 0x52, 0x06, 0xf3, 0x59, 0x65, 0x93, 0x48, 0xf3, 0x04, 0x3a, 0x7d, 0x91, 0xfe, 0x7d, 0xfd, 0x35, 0x02, 
    0xbd, 0x67, 0x63, 0x85, 0xfc, 0xfe, 0x04, 0x3a, 0x00, 0x02, 0x00, 0x4f, 0xff, 0xec, 0x04, 0x3d, 0x04, 0x4e, 0x00, 0x0f, 
    0x00, 0x1a, 0x00, 0x45, 0xb2, 0x0c, 0x1b, 0x1c, 0x11, 0x12, 0x39, 0xb0, 0x0c, 0x10, 0xb0, 0x18, 0xd0, 0x00, 0xb0, 0x00, 
    0x45, 0x58, 0xb0, 0x04, 0x2f, 0x1b, 0xb1, 0x04, 0x1c, 0x3e, 0x59, 0xb0, 0x00, 0x45, 0x58, 0xb0, 0x0c, 0x2f, 0x1b, 0xb1, 
    0x0c, 0x10, 0x3e, 0x59, 0xb1, 0x12, 0x01, 0xb0, 0x0a, 0x2b, 0x58, 0x21, 0xd8, 0x1b, 0xf4, 0x59, 0xb0, 0x04, 0x10, 0xb1, 
    0x18, 0x01, 0xb0, 0x0a, 0x2b, 0x58, 0x21, 0xd8, 0x1b, 0xf4, 0x59, 0x30, 0x31, 0x13, 0x34, 0x36, 0x36, 0x33, 0x32, 0x00, 
    0x17, 0x17, 0x14, 0x06, 0x06, 0x23, 0x22, 0x00, 0x35, 0x17, 0x14, 0x16, 0x32, 0x36, 0x35, 0x34, 0x26, 0x23, 0x22, 0x06, 
    0x4f, 0x7e, 0xe4, 0x94, 0xdb, 0x01, 0x11, 0x0b, 0x01, 0x7b, 0xe5, 0x96, 0xe5, 0xfe, 0xed, 0xf3, 0x8a, 0xf6, 0x89, 0x8d, 
    0x79, 0x77, 0x8c, 0x02, 0x27, 0x9f, 0xff, 0x89, 0xfe, 0xe6, 0xe9, 0x39, 0xa0, 0xfc, 0x8a, 0x01, 0x31, 0xfe, 0x09, 0xa7, 
    0xbd, 0xc0, 0xb9, 0xa4, 0xc0, 0xbd, 0x00, 0x02, 0x00, 0x7c, 0xfe, 0x60, 0x04, 0x30, 0x04, 0x4e, 0x00, 0x0f, 0x00, 0x1a, 
    0x00, 0x70, 0xb2, 0x13, 0x1b, 0x1c, 0x11, 0x12, 0x39, 0xb0, 0x13, 0x10, 0xb0, 0x0c, 0xd0, 0x00, 0xb0, 0x00, 0x45, 0x58, 
    0xb0, 0x0c, 0x2f, 0x1b, 0xb1, 0x0c, 0x1c, 0x3e, 0x59, 0xb0, 0x00, 0x45, 0x58, 0xb0, 0x09, 0x2f, 0x1b, 0xb1, 0x09, 0x1c, 
    0x3e, 0x59, 0xb0, 0x00, 0x45, 0x58, 0xb0, 0x06, 0x2f, 0x1b, 0xb1, 0x06, 0x12, 0x3e, 0x59, 0xb0, 0x00, 0x45, 0x58, 0xb0, 
    0x03, 0x2f, 0x1b, 0xb1, 0x03, 0x10, 0x3e, 0x59, 0xb2, 0x05, 0x0c, 0x03, 0x11, 0x12, 0x39, 0xb2, 0x0a, 0x0c, 0x03, 0x11, 
    0x12, 0x39, 0xb0, 0x0c, 0x10, 0xb1, 0x13, 0x01, 0xb0, 0x0a, 0x2b, 0x58, 0x21, 0xd8, 0x1b, 0xf4, 0x59, 0xb0, 0x03, 0x10, 
    0xb1, 0x18, 0x01, 0xb0, 0x0a, 0x2b, 0x58, 0x21, 0xd8, 0x1b, 0xf4, 0x59, 0x30, 0x31, 0x01, 0x14, 0x02, 0x23, 0x22, 0x27, 
    0x11, 0x23, 0x11, 0x33, 0x17, 0x36, 0x33, 0x32, 0x12, 0x11, 0x27, 0x34, 0x26, 0x23, 0x22, 0x07, 0x11, 0x16, 0x33, 0x32, 
    0x36, 0x04, 0x30, 0xe4, 0xc0, 0xb2, 0x6b, 0xf3, 0xe0, 0x0a, 0x6b, 0xb8, 0xc6, 0xe1, 0xf2, 0x81, 0x78, 0x95, 0x41, 0x42, 
    0x96, 0x74, 0x83, 0x02, 0x12, 0xfb, 0xfe, 0xd5, 0x75, 0xfd, 0xff, 0x05, 0xda, 0x6e, 0x82, 0xfe, 0xd9, 0xfe, 0xfa, 0x06, 
    0xa2, 0xbe, 0x7b, 0xfe, 0x20, 0x7e, 0xbb, 0x00, 0x00, 0x02, 0x00, 0x4f, 0xfe, 0x60, 0x04, 0x02, 0x04, 0x4e, 0x00, 0x0e, 
    0x00, 0x19, 0x00, 0x6d, 0xb2, 0x17, 0x1a, 0x1b, 0x11, 0x12, 0x39, 0xb0, 0x17, 0x10, 0xb0, 0x03, 0xd0, 0x00, 0xb0, 0x00, 
    0x45, 0x58, 0xb0, 0x03, 0x2f, 0x1b, 0xb1, 0x03, 0x1c, 0x3e, 0x59, 0xb0, 0x00, 0x45, 0x58, 0xb0, 0x06, 0x2f, 0x1b, 0xb1, 
    0x06, 0x1c, 0x3e, 0x59, 0xb0, 0x00, 0x45, 0x58, 0xb0, 0x08, 0x2f, 0x1b, 0xb1, 0x08, 0x12, 0x3e, 0x59, 0xb0, 0x00, 0x45, 
    0x58, 0xb0, 0x0c, 0x2f, 0x1b, 0xb1, 0x0c, 0x10, 0x3e, 0x59, 0xb2, 0x05, 0x03, 0x0c, 0x11, 0x12, 0x39, 0xb2, 0x0a, 0x03, 
    0x0c, 0x11, 0x12, 0x39, 0xb1, 0x12, 0x01, 0xb0, 0x0a, 0x2b, 0x58, 0x21, 0xd8, 0x1b, 0xf4, 0x59, 0xb0, 0x03, 0x10, 0xb1, 
    0x17, 0x01, 0xb0, 0x0a, 0x2b, 0x58, 0x21, 0xd8, 0x1b, 0xf4, 0x59, 0x30, 0x31, 0x13, 0x34, 0x12, 0x33, 0x32, 0x17, 0x37, 
    0x33, 0x11, 0x23, 0x11, 0x06, 0x23, 0x22, 0x02, 0x37, 0x14, 0x16, 0x33, 0x32, 0x37, 0x11, 0x26, 0x23, 0x22, 0x06, 0x4f, 
    0xe8, 0xc6, 0xb5, 0x6a, 0x0e, 0xd8, 0xf3, 0x6a, 0xaa, 0xc2, 0xea, 0xf3, 0x83, 0x74, 0x90, 0x46, 0x46, 0x8e, 0x74, 0x85, 
    0x02, 0x26, 0xfe, 0x01, 0x2a, 0x7f, 0x6b, 0xfa, 0x26, 0x01, 0xfc, 0x70, 0x01, 0x2f, 0xf6, 0xa6, 0xbd, 0x7b, 0x01, 0xec, 
    0x76, 0xba, 0x00, 0x01, 0x00, 0x7c, 0x00, 0x00, 0x02, 0xb4, 0x04, 0x4e, 0x00, 0x0d, 0x00, 0x47, 0xb2, 0x09, 0x0e, 0x0f, 
    0x11, 0x12, 0x39, 0x00, 0xb0, 0x00, 0x45, 0x58, 0xb0, 0x08, 0x2f, 0x1b, 0xb1, 0x08, 0x1c, 0x3e, 0x59, 0xb0, 0x00, 0x45, 
    0x58, 0xb0, 0x0b, 0x2f, 0x1b, 0xb1, 0x0b, 0x1c, 0x3e, 0x59, 0xb0, 0x00, 0x45, 0x58, 0xb0, 0x05, 0x2f, 0x1b, 0xb1, 0x05, 
    0x10, 0x3e, 0x59, 0xb0, 0x0b, 0x10, 0xb1, 0x02, 0x01, 0xb0, 0x0a, 0x2b, 0x58, 0x21, 0xd8, 0x1b, 0xf4, 0x59, 0xb2, 0x09, 
    0x0b, 0x05, 0x11, 0x12, 0x39, 0x30, 0x31, 0x01, 0x26, 0x23, 0x22, 0x07, 0x11, 0x23, 0x11, 0x33, 0x17, 0x36, 0x33, 0x32, 
    0x17, 0x02, 0xb3, 0x30, 0x33, 0xa7, 0x3a, 0xf3, 0xe8, 0x06, 0x58, 0x9c, 0x34, 0x22, 0x03, 0x5c, 0x08, 0x80, 0xfd, 0x1c, 
    0x04, 0x3a, 0x79, 0x8d, 0x0e, 0x00, 0x00, 0x01, 0x00, 0x4b, 0xff, 0xec, 0x03, 0xca, 0x04, 0x4e, 0x00, 0x26, 0x00, 0x6b, 
    0xb2, 0x09, 0x27, 0x28, 0x11, 0x12, 0x39, 0x00, 0xb0, 0x00, 0x45, 0x58, 0xb0, 0x09, 0x2f, 0x1b, 0xb1, 0x09, 0x1c, 0x3e, 
    0x59, 0xb0, 0x00, 0x45, 0x58, 0xb0, 0x1c, 0x2f, 0x1b, 0xb1, 0x1c, 0x10, 0x3e, 0x59, 0xb2, 0x02, 0x1c, 0x09, 0x11, 0x12, 
    0x39, 0xb0, 0x02, 0x10, 0xb0, 0x16, 0xd0, 0xb0, 0x09, 0x10, 0xb1, 0x10, 0x01, 0xb0, 0x0a, 0x2b, 0x58, 0x21, 0xd8, 0x1b, 
    0xf4, 0x59, 0xb2, 0x0d, 0x16, 0x10, 0x11, 0x12, 0x39, 0xb4, 0x0c, 0x0d, 0x1c, 0x0d, 0x02, 0x5d, 0xb0, 0x1c, 0x10, 0xb1, 
    0x24, 0x01, 0xb0, 0x0a, 0x2b, 0x58, 0x21, 0xd8, 0x1b, 0xf4, 0x59, 0xb2, 0x21, 0x24, 0x02, 0x11, 0x12, 0x39, 0xb4, 0x03, 
    0x21, 0x13, 0x21, 0x02, 0x5d, 0x30, 0x31, 0x01, 0x34, 0x26, 0x26, 0x27, 0x26, 0x35, 0x34, 0x36, 0x33, 0x32, 0x16, 0x15, 
    0x23, 0x34, 0x26, 0x23, 0x22, 0x06, 0x15, 0x14, 0x16, 0x04, 0x16, 0x16, 0x15, 0x14, 0x06, 0x23, 0x22, 0x26, 0x26, 0x35, 
    0x33, 0x16, 0x16, 0x33, 0x32, 0x36, 0x02, 0xdb, 0x6b, 0xf8, 0x53, 0xb6, 0xec, 0xb6, 0xc2, 0xef, 0xf3, 0x68, 0x56, 0x50, 
    0x65, 0x5e, 0x01, 0x1e, 0xa3, 0x4f, 0xf2, 0xc4, 0x85, 0xd0, 0x74, 0xec, 0x05, 0x78, 0x63, 0x60, 0x64, 0x01, 0x26, 0x41, 
    0x44, 0x34, 0x28, 0x58, 0xa7, 0x8c, 0xbc, 0xc0, 0x99, 0x46, 0x5d, 0x4a, 0x3e, 0x38, 0x3e, 0x3f, 0x57, 0x7a, 0x57, 0x92, 
    0xb5, 0x60, 0xa8, 0x61, 0x56, 0x5d, 0x49, 0x00, 0x00, 0x01, 0x00, 0x08, 0xff, 0xec, 0x02, 0x72, 0x05, 0x41, 0x00, 0x14, 
    0x00, 0x54, 0xb2, 0x00, 0x15, 0x16, 0x11, 0x12, 0x39, 0x00, 0xb0, 0x00, 0x45, 0x58, 0xb0, 0x13, 0x2f, 0x1b, 0xb1, 0x13, 
    0x1c, 0x3e, 0x59, 0xb0, 0x00, 0x45, 0x58, 0xb0, 0x0d, 0x2f, 0x1b, 0xb1, 0x0d, 0x10, 0x3e, 0x59, 0xb0, 0x13, 0x10, 0xb0, 
    0x01, 0xd0, 0xb0, 0x00, 0xd0, 0xb0, 0x00, 0x2f, 0xb0, 0x01, 0x10, 0xb1, 0x04, 0x01, 0xb0, 0x0a, 0x2b, 0x58, 0x21, 0xd8, 
    0x1b, 0xf4, 0x59, 0xb0, 0x0d, 0x10, 0xb1, 0x08, 0x01, 0xb0, 0x0a, 0x2b, 0x58, 0x21, 0xd8, 0x1b, 0xf4, 0x59, 0xb0, 0x04, 
    0x10, 0xb0, 0x10, 0xd0, 0x30, 0x31, 0x01, 0x11, 0x33, 0x15, 0x23, 0x11, 0x14, 0x16, 0x33, 0x32, 0x37, 0x15, 0x06, 0x23, 
    0x20, 0x11, 0x11, 0x23, 0x35, 0x33, 0x11, 0x01, 0xad, 0xbf, 0xbf, 0x31, 0x3f, 0x2a, 0x2b, 0x53, 0x4d, 0xfe, 0xe8, 0xb2, 
    0xb2, 0x05, 0x41, 0xfe, 0xf9, 0xb4, 0xfd, 0xa4, 0x3e, 0x37, 0x0a, 0xbc, 0x17, 0x01, 0x35, 0x02, 0x65, 0xb4, 0x01, 0x07, 
    0x00, 0x01, 0x00, 0x77, 0xff, 0xec, 0x03, 0xf7, 0x04, 0x3a, 0x00, 0x10, 0x00, 0x54, 0xb2, 0x0a, 0x11, 0x12, 0x11, 0x12, 
    0x39, 0x00, 0xb0, 0x00, 0x45, 0x58, 0xb0, 0x07, 0x2f, 0x1b, 0xb1, 0x07, 0x1c, 0x3e, 0x59, 0xb0, 0x00, 0x45, 0x58, 0xb0, 
    0x0d, 0x2f, 0x1b, 0xb1, 0x0d, 0x1c, 0x3e, 0x59, 0xb0, 0x00, 0x45, 0x58, 0xb0, 0x02, 0x2f, 0x1b, 0xb1, 0x02, 0x10, 0x3e, 
    0x59, 0xb0, 0x00, 0x45, 0x58, 0xb0, 0x0f, 0x2f, 0x1b, 0xb1, 0x0f, 0x10, 0x3e, 0x59, 0xb2, 0x00, 0x02, 0x0d, 0x11, 0x12, 
    0x39, 0xb0, 0x02, 0x10, 0xb1, 0x0a, 0x01, 0xb0, 0x0a, 0x2b, 0x58, 0x21, 0xd8, 0x1b, 0xf4, 0x59, 0x30, 0x31, 0x25, 0x06, 
    0x23, 0x22, 0x26, 0x35, 0x11, 0x33, 0x11, 0x14, 0x33, 0x32, 0x37, 0x11, 0x33, 0x11, 0x23, 0x03, 0x0c, 0x6b, 0xc5, 0xb0, 
    0xb5, 0xf3, 0xab, 0xb1, 0x3e, 0xf3, 0xe5, 0x6a, 0x7e, 0xce, 0xc3, 0x02, 0xbd, 0xfd, 0x46, 0xce, 0x7f, 0x03, 0x09, 0xfb, 
    0xc6, 0x00, 0x00, 0x01, 0x00, 0x16, 0x00, 0x00, 0x03, 0xda, 0x04, 0x3a, 0x00, 0x06, 0x00, 0x38, 0xb2, 0x00, 0x07, 0x08, 
    0x11, 0x12, 0x39, 0x00, 0xb0, 0x00, 0x45, 0x58, 0xb0, 0x01, 0x2f, 0x1b, 0xb1, 0x01, 0x1c, 0x3e, 0x59, 0xb0, 0x00, 0x45, 
    0x58, 0xb0, 0x05, 0x2f, 0x1b, 0xb1, 0x05, 0x1c, 0x3e, 0x59, 0xb0, 0x00, 0x45, 0x58, 0xb0, 0x03, 0x2f, 0x1b, 0xb1, 0x03, 
    0x10, 0x3e, 0x59, 0xb2, 0x00, 0x05, 0x03, 0x11, 0x12, 0x39, 0x30, 0x31, 0x01, 0x13, 0x33, 0x01, 0x23, 0x01, 0x33, 0x01, 
    0xfa, 0xe5, 0xfb, 0xfe, 0x89, 0xd3, 0xfe, 0x86, 0xfc, 0x01, 0x34, 0x03, 0x06, 0xfb, 0xc6, 0x04, 0x3a, 0x00, 0x00, 0x01, 
    0x00, 0x21, 0x00, 0x00, 0x05, 0xcc, 0x04, 0x3a, 0x00, 0x0c, 0x00, 0x60, 0xb2, 0x05, 0x0d, 0x0e, 0x11, 0x12, 0x39, 0x00, 
    0xb0, 0x00, 0x45, 0x58, 0xb0, 0x01, 0x2f, 0x1b, 0xb1, 0x01, 0x1c, 0x3e, 0x59, 0xb0, 0x00, 0x45, 0x58, 0xb0, 0x08, 0x2f, 
    0x1b, 0xb1, 0x08, 0x1c, 0x3e, 0x59, 0xb0, 0x00, 0x45, 0x58, 0xb0, 0x0b, 0x2f, 0x1b, 0xb1, 0x0b, 0x1c, 0x3e, 0x59, 0xb0, 
    0x00, 0x45, 0x58, 0xb0, 0x03, 0x2f, 0x1b, 0xb1, 0x03, 0x10, 0x3e, 0x59, 0xb0, 0x00, 0x45, 0x58, 0xb0, 0x06, 0x2f, 0x1b, 
    0xb1, 0x06, 0x10, 0x3e, 0x59, 0xb2, 0x00, 0x0b, 0x03, 0x11, 0x12, 0x39, 0xb2, 0x05, 0x0b, 0x03, 0x11, 0x12, 0x39, 0xb2, 
    0x0a, 0x0b, 0x03, 0x11, 0x12, 0x39, 0x30, 0x31, 0x01, 0x13, 0x33, 0x01, 0x23, 0x03, 0x03, 0x23, 0x01, 0x33, 0x13, 0x13, 
    0x33, 0x04, 0x33, 0xac, 0xed, 0xfe, 0xd9, 0xc8, 0xe8, 0xe4, 0xc8, 0xfe, 0xd8, 0xed, 0xaf, 0xde, 0xb7, 0x01, 0x4f, 0x02, 
    0xeb, 0xfb, 0xc6, 0x02, 0xe7, 0xfd, 0x19, 0x04, 0x3a, 0xfd, 0x1d, 0x02, 0xe3, 0x00, 0x00, 0x01, 0x00, 0x1f, 0x00, 0x00, 
    0x03, 0xe8, 0x04, 0x3a, 0x00, 0x0b, 0x00, 0x53, 0x00, 0xb0, 0x00, 0x45, 0x58, 0xb0, 0x01, 0x2f, 0x1b, 0xb1, 0x01, 0x1c, 
    0x3e, 0x59, 0xb0, 0x00, 0x45, 0x58, 0xb0, 0x0a, 0x2f, 0x1b, 0xb1, 0x0a, 0x1c, 0x3e, 0x59, 0xb0, 0x00, 0x45, 0x58, 0xb0, 
    0x04, 0x2f, 0x1b, 0xb1, 0x04, 0x10, 0x3e, 0x59, 0xb0, 0x00, 0x45, 0x58, 0xb0, 0x07, 0x2f, 0x1b, 0xb1, 0x07, 0x10, 0x3e, 
    0x59, 0xb2, 0x00, 0x0a, 0x04, 0x11, 0x12, 0x39, 0xb2, 0x06, 0x0a, 0x04, 0x11, 0x12, 0x39, 0xb2, 0x03, 0x00, 0x06, 0x11, 
    0x12, 0x39, 0xb2, 0x09, 0x06, 0x00, 0x11, 0x12, 0x39, 0x30, 0x31, 0x01, 0x13, 0x21, 0x01, 0x01, 0x21, 0x03, 0x03, 0x21, 
    0x01, 0x01, 0x21, 0x02, 0x01, 0xce, 0x01, 0x0e, 0xfe, 0xb5, 0x01, 0x56, 0xfe, 0xf4, 0xd8, 0xd7, 0xfe, 0xf2, 0x01, 0x56, 
    0xfe, 0xb6, 0x01, 0x0c, 0x02, 0xd6, 0x01, 0x64, 0xfd, 0xeb, 0xfd, 0xdb, 0x01, 0x72, 0xfe, 0x8e, 0x02, 0x25, 0x02, 0x15, 
    0x00, 0x01, 0x00, 0x0c, 0xfe, 0x4b, 0x03, 0xd6, 0x04, 0x3a, 0x00, 0x0f, 0x00, 0x40, 0xb2, 0x00, 0x10, 0x11, 0x11, 0x12, 
    0x39, 0x00, 0xb0, 0x00, 0x45, 0x58, 0xb0, 0x0f, 0x2f, 0x1b, 0xb1, 0x0f, 0x1c, 0x3e, 0x59, 0xb0, 0x00, 0x45, 0x58, 0xb0, 
    0x05, 0x2f, 0x1b, 0xb1, 0x05, 0x12, 0x3e, 0x59, 0xb2, 0x00, 0x05, 0x0f, 0x11, 0x12, 0x39, 0xb0, 0x0f, 0x10, 0xb0, 0x01, 
    0xd0, 0xb0, 0x05, 0x10, 0xb1, 0x09, 0x01, 0xb0, 0x0a, 0x2b, 0x58, 0x21, 0xd8, 0x1b, 0xf4, 0x59, 0x30, 0x31, 0x01, 0x13, 
    0x21, 0x01, 0x02, 0x23, 0x22, 0x27, 0x35, 0x17, 0x32, 0x36, 0x37, 0x37, 0x01, 0x21, 0x01, 0xf7, 0xdc, 0x01, 0x03, 0xfe, 
    0x52, 0x63, 0xed, 0x35, 0x40, 0x2e, 0x5c, 0x5d, 0x1b, 0x23, 0xfe, 0x84, 0x01, 0x06, 0x01, 0x5c, 0x02, 0xde, 0xfb, 0x22, 
    0xfe, 0xef, 0x12, 0xbc, 0x03, 0x43, 0x4f, 0x5d, 0x04, 0x35, 0x00, 0x01, 0x00, 0x52, 0x00, 0x00, 0x03, 0xc0, 0x04, 0x3a, 
    0x00, 0x09, 0x00, 0x46, 0x00, 0xb0, 0x00, 0x45, 0x58, 0xb0, 0x07, 0x2f, 0x1b, 0xb1, 0x07, 0x1c, 0x3e, 0x59, 0xb0, 0x00, 
    0x45, 0x58, 0xb0, 0x02, 0x2f, 0x1b, 0xb1, 0x02, 0x10, 0x3e, 0x59, 0xb1, 0x00, 0x01, 0xb0, 0x0a, 0x2b, 0x58, 0x21, 0xd8, 
    0x1b, 0xf4, 0x59, 0xb2, 0x04, 0x00, 0x02, 0x11, 0x12, 0x39, 0xb0, 0x07, 0x10, 0xb1, 0x05, 0x01, 0xb0, 0x0a, 0x2b, 0x58, 
    0x21, 0xd8, 0x1b, 0xf4, 0x59, 0xb2, 0x09, 0x05, 0x07, 0x11, 0x12, 0x39, 0x30, 0x31, 0x25, 0x21, 0x15, 0x21, 0x35, 0x01, 
    0x21, 0x35, 0x21, 0x15, 0x01, 0x80, 0x02, 0x40, 0xfc, 0x92, 0x02, 0x25, 0xfd, 0xe5, 0x03, 0x4f, 0xc2, 0xc2, 0x9f, 0x02, 
    0xd7, 0xc4, 0x9a, 0x00, 0x00, 0x01, 0x00, 0x38, 0xfe, 0x98, 0x02, 0x91, 0x06, 0x3d, 0x00, 0x17, 0x00, 0x37, 0xb2, 0x12, 
    0x18, 0x19, 0x11, 0x12, 0x39, 0x00, 0xb0, 0x0c, 0x2f, 0xb0, 0x00, 0x45, 0x58, 0xb0, 0x00, 0x2f, 0x1b, 0xb1, 0x00, 0x18, 
    0x3e, 0x59, 0xb2, 0x06, 0x00, 0x0c, 0x11, 0x12, 0x39, 0xb0, 0x06, 0x2f, 0xb1, 0x05, 0x07, 0xb0, 0x0a, 0x2b, 0x58, 0x21, 
    0xd8, 0x1b, 0xf4, 0x59, 0xb2, 0x12, 0x05, 0x06, 0x11, 0x12, 0x39, 0x30, 0x31, 0x01, 0x24, 0x03, 0x35, 0x34, 0x23, 0x35, 
    0x32, 0x35, 0x35, 0x36, 0x36, 0x37, 0x17, 0x06, 0x07, 0x15, 0x14, 0x07, 0x16, 0x15, 0x15, 0x16, 0x17, 0x02, 0x61, 0xfe, 
    0x9f, 0x07, 0xc1, 0xc1, 0x03, 0xb5, 0xb0, 0x30, 0xad, 0x06, 0xad, 0xad, 0x06, 0xad, 0xfe, 0x98, 0x63, 0x01, 0x60, 0xd5, 
    0xe1, 0xb2, 0xe2, 0xd4, 0xb4, 0xde, 0x32, 0x8c, 0x38, 0xfa, 0xd8, 0xe1, 0x5b, 0x5c, 0xe3, 0xd5, 0xfa, 0x38, 0x00, 0x01, 
    0x00, 0xae, 0xfe, 0xf2, 0x01, 0x55, 0x05, 0xb0, 0x00, 0x03, 0x00, 0x13, 0x00, 0xb0, 0x00, 0x2f, 0xb0, 0x00, 0x45, 0x58, 
    0xb0, 0x02, 0x2f, 0x1b, 0xb1, 0x02, 0x20, 0x3e, 0x59, 0x30, 0x31, 0x01, 0x23, 0x11, 0x33, 0x01, 0x55, 0xa7, 0xa7, 0xfe, 
    0xf2, 0x06, 0xbe, 0x00, 0x00, 0x01, 0x00, 0x1b, 0xfe, 0x98, 0x02, 0x75, 0x06, 0x3d, 0x00, 0x18, 0x00, 0x37, 0xb2, 0x05, 
    0x19, 0x1a, 0x11, 0x12, 0x39, 0x00, 0xb0, 0x0b, 0x2f, 0xb0, 0x00, 0x45, 0x58, 0xb0, 0x18, 0x2f, 0x1b, 0xb1, 0x18, 0x18, 
    0x3e, 0x59, 0xb2, 0x11, 0x18, 0x0b, 0x11, 0x12, 0x39, 0xb0, 0x11, 0x2f, 0xb1, 0x12, 0x07, 0xb0, 0x0a, 0x2b, 0x58, 0x21, 
    0xd8, 0x1b, 0xf4, 0x59, 0xb2, 0x05, 0x12, 0x11, 0x11, 0x12, 0x39, 0x30, 0x31, 0x17, 0x36, 0x37, 0x35, 0x34, 0x37, 0x26, 
    0x35, 0x35, 0x26, 0x27, 0x37, 0x16, 0x16, 0x15, 0x15, 0x14, 0x33, 0x15, 0x22, 0x15, 0x15, 0x14, 0x06, 0x07, 0x1b, 0xb0, 
    0x04, 0xb6, 0xb6, 0x04, 0xb0, 0x30, 0xb6, 0xb2, 0xc2, 0xc2, 0xb3, 0xb5, 0xdb, 0x39, 0xff, 0xd0, 0xe7, 0x56, 0x56, 0xea, 
    0xcf, 0xff, 0x39, 0x8c, 0x33, 0xe5, 0xb9, 0xc8, 0xe1, 0xb2, 0xe1, 0xc5, 0xbb, 0xe5, 0x33, 0x00, 0x00, 0x01, 0x00, 0x75, 
    0x01, 0x83, 0x04, 0xdc, 0x03, 0x2f, 0x00, 0x17, 0x00, 0x41, 0xb2, 0x11, 0x18, 0x19, 0x11, 0x12, 0x39, 0x00, 0xb0, 0x0f, 
    0x2f, 0xb2, 0x03, 0x18, 0x0f, 0x11, 0x12, 0x39, 0xb0, 0x03, 0x2f, 0xb0, 0x0f, 0x10, 0xb1, 0x08, 0x01, 0xb0, 0x0a, 0x2b, 
    0x58, 0x21, 0xd8, 0x1b, 0xf4, 0x59, 0xb0, 0x03, 0x10, 0xb0, 0x0b, 0xd0, 0xb0, 0x03, 0x10, 0xb1, 0x14, 0x01, 0xb0, 0x0a, 
    0x2b, 0x58, 0x21, 0xd8, 0x1b, 0xf4, 0x59, 0xb0, 0x0f, 0x10, 0xb0, 0x17, 0xd0, 0x30, 0x31, 0x01, 0x14, 0x06, 0x23, 0x22, 
    0x2e, 0x02, 0x23, 0x22, 0x06, 0x15, 0x23, 0x34, 0x36, 0x33, 0x32, 0x1e, 0x02, 0x33, 0x32, 0x36, 0x35, 0x04, 0xdc, 0xbe, 
    0x8e, 0x4a, 0x7d, 0x9a, 0x43, 0x26, 0x43, 0x4d, 0xc1, 0xb6, 0x94, 0x4a, 0x85, 0x91, 0x43, 0x27, 0x43, 0x54, 0x03, 0x12, 
    0xb0, 0xdf, 0x38, 0x89, 0x21, 0x68, 0x54, 0xab, 0xdb, 0x3b, 0x84, 0x22, 0x70, 0x54, 0x00, 0x02, 0x00, 0x7f, 0x03, 0xaf, 
    0x02, 0x8b, 0x05, 0xc4, 0x00, 0x09, 0x00, 0x13, 0x00, 0x3b, 0xb2, 0x00, 0x14, 0x15, 0x11, 0x12, 0x39, 0xb0, 0x0a, 0xd0, 
    0x00, 0xb0, 0x00, 0x45, 0x58, 0xb0, 0x00, 0x2f, 0x1b, 0xb1, 0x00, 0x20, 0x3e, 0x59, 0xb0, 0x0a, 0xd0, 0xb0, 0x0a, 0x2f, 
    0xb1, 0x05, 0x02, 0xb0, 0x0a, 0x2b, 0x58, 0x21, 0xd8, 0x1b, 0xf4, 0x59, 0xb0, 0x00, 0x10, 0xb1, 0x10, 0x02, 0xb0, 0x0a, 
    0x2b, 0x58, 0x21, 0xd8, 0x1b, 0xf4, 0x59, 0x30, 0x31, 0x01, 0x32, 0x16, 0x14, 0x06, 0x23, 0x22, 0x26, 0x34, 0x36, 0x13, 
    0x32, 0x36, 0x35, 0x34, 0x26, 0x22, 0x06, 0x14, 0x16, 0x01, 0x87, 0x6a, 0x9a, 0x98, 0x6c, 0x6d, 0x9b, 0x9d, 0x6b, 0x35, 
    0x45, 0x45, 0x6a, 0x48, 0x49, 0x05, 0xc4, 0x9e, 0xdc, 0x9b, 0x9b, 0xdc, 0x9e, 0xfe, 0x78, 0x47, 0x35, 0x34, 0x4c, 0x4c, 
    0x68, 0x48, 0x00, 0x01, 0x00, 0x3c, 0x02, 0x9b, 0x02, 0xb2, 0x05, 0xbb, 0x00, 0x17, 0x00, 0x5b, 0xb2, 0x08, 0x18, 0x19, 
    0x11, 0x12, 0x39, 0x00, 0xb0, 0x00, 0x45, 0x58, 0xb0, 0x0f, 0x2f, 0x1b, 0xb1, 0x0f, 0x20, 0x3e, 0x59, 0xb0, 0x00, 0x45, 
    0x58, 0xb0, 0x00, 0x2f, 0x1b, 0xb1, 0x00, 0x14, 0x3e, 0x59, 0xb1, 0x16, 0x02, 0xb0, 0x0a, 0x2b, 0x58, 0x21, 0xd8, 0x1b, 
    0xf4, 0x59, 0xb2, 0x02, 0x00, 0x16, 0x11, 0x12, 0x39, 0xb2, 0x03, 0x0f, 0x00, 0x11, 0x12, 0x39, 0xb0, 0x0f, 0x10, 0xb1, 
    0x08, 0x02, 0xb0, 0x0a, 0x2b, 0x58, 0x21, 0xd8, 0x1b, 0xf4, 0x59, 0xb2, 0x0c, 0x0f, 0x00, 0x11, 0x12, 0x39, 0xb2, 0x13, 
    0x0f, 0x00, 0x11, 0x12, 0x39, 0x30, 0x31, 0x01, 0x21, 0x35, 0x01, 0x36, 0x35, 0x34, 0x26, 0x23, 0x22, 0x06, 0x15, 0x23, 
    0x34, 0x36, 0x33, 0x32, 0x16, 0x15, 0x14, 0x0f, 0x02, 0x21, 0x02, 0xb2, 0xfd, 0x9c, 0x01, 0x1d, 0x71, 0x36, 0x34, 0x3a, 
    0x42, 0xba, 0xa9, 0x87, 0x8f, 0x9c, 0x6a, 0x62, 0x8c, 0x01, 0x73, 0x02, 0x9b, 0x7d, 0x01, 0x05, 0x67, 0x43, 0x2a, 0x35, 
    0x42, 0x36, 0x74, 0x99, 0x80, 0x73, 0x6b, 0x66, 0x57, 0x71, 0x00, 0x01, 0x00, 0x37, 0x02, 0x90, 0x02, 0xa9, 0x05, 0xbb, 
    0x00, 0x24, 0x00, 0x80, 0xb2, 0x1e, 0x25, 0x26, 0x11, 0x12, 0x39, 0x00, 0xb0, 0x00, 0x45, 0x58, 0xb0, 0x0d, 0x2f, 0x1b, 
    0xb1, 0x0d, 0x20, 0x3e, 0x59, 0xb0, 0x00, 0x45, 0x58, 0xb0, 0x17, 0x2f, 0x1b, 0xb1, 0x17, 0x14, 0x3e, 0x59, 0xb2, 0x01, 
    0x17, 0x0d, 0x11, 0x12, 0x39, 0x7c, 0xb0, 0x01, 0x2f, 0x18, 0xb6, 0x40, 0x01, 0x50, 0x01, 0x60, 0x01, 0x03, 0x71, 0xb2, 
    0x90, 0x01, 0x01, 0x5d, 0xb0, 0x0d, 0x10, 0xb1, 0x06, 0x02, 0xb0, 0x0a, 0x2b, 0x58, 0x21, 0xd8, 0x1b, 0xf4, 0x59, 0xb2, 
    0x09, 0x01, 0x0d, 0x11, 0x12, 0x39, 0xb0, 0x01, 0x10, 0xb1, 0x23, 0x02, 0xb0, 0x0a, 0x2b, 0x58, 0x21, 0xd8, 0x1b, 0xf4, 
    0x59, 0xb2, 0x12, 0x23, 0x01, 0x11, 0x12, 0x39, 0xb2, 0x1b, 0x17, 0x0d, 0x11, 0x12, 0x39, 0xb0, 0x17, 0x10, 0xb1, 0x1e, 
    0x02, 0xb0, 0x0a, 0x2b, 0x58, 0x21, 0xd8, 0x1b, 0xf4, 0x59, 0x30, 0x31, 0x01, 0x33, 0x32, 0x35, 0x34, 0x26, 0x23, 0x22, 
    0x06, 0x15, 0x23, 0x34, 0x36, 0x33, 0x32, 0x16, 0x15, 0x14, 0x07, 0x16, 0x15, 0x14, 0x06, 0x23, 0x22, 0x26, 0x35, 0x33, 
    0x14, 0x16, 0x33, 0x32, 0x36, 0x35, 0x34, 0x27, 0x23, 0x01, 0x0c, 0x51, 0x84, 0x36, 0x3e, 0x30, 0x41, 0xba, 0xa5, 0x82, 
    0x8f, 0xa3, 0x87, 0x95, 0xb1, 0x8f, 0x87, 0xab, 0xba, 0x45, 0x3c, 0x3f, 0x3d, 0x86, 0x5c, 0x04, 0x6d, 0x61, 0x23, 0x35, 
    0x27, 0x23, 0x63, 0x7c, 0x79, 0x69, 0x77, 0x33, 0x29, 0x8e, 0x6a, 0x7e, 0x7f, 0x71, 0x26, 0x35, 0x37, 0x2a, 0x65, 0x01, 
    0x00, 0x01, 0x00, 0x80, 0x02, 0x9b, 0x02, 0x02, 0x05, 0xae, 0x00, 0x06, 0x00, 0x3a, 0xb2, 0x01, 0x07, 0x08, 0x11, 0x12, 
    0x39, 0x00, 0xb0, 0x00, 0x45, 0x58, 0xb0, 0x05, 0x2f, 0x1b, 0xb1, 0x05, 0x20, 0x3e, 0x59, 0xb0, 0x00, 0x45, 0x58, 0xb0, 
    0x00, 0x2f, 0x1b, 0xb1, 0x00, 0x14, 0x3e, 0x59, 0xb2, 0x04, 0x05, 0x00, 0x11, 0x12, 0x39, 0xb0, 0x04, 0x10, 0xb1, 0x03, 
    0x02, 0xb0, 0x0a, 0x2b, 0x58, 0x21, 0xd8, 0x1b, 0xf4, 0x59, 0x30, 0x31, 0x01, 0x23, 0x11, 0x07, 0x35, 0x25, 0x33, 0x02, 
    0x02, 0xb9, 0xc9, 0x01, 0x6f, 0x13, 0x02, 0x9b, 0x02, 0x3a, 0x30, 0x92, 0x77, 0x00, 0x00, 0x01, 0x00, 0x2d, 0x00, 0x6d, 
    0x03, 0x71, 0x05, 0x27, 0x00, 0x03, 0x00, 0x09, 0x00, 0xb0, 0x00, 0x2f, 0xb0, 0x02, 0x2f, 0x30, 0x31, 0x37, 0x27, 0x01, 
    0x17, 0xaa, 0x7d, 0x02, 0xc7, 0x7d, 0x6d, 0x48, 0x04, 0x72, 0x48, 0x00, 0x00, 0x02, 0x00, 0x18, 0x00, 0x00, 0x04, 0x17, 
    0x06, 0x15, 0x00, 0x17, 0x00, 0x1b, 0x00, 0x75, 0xb2, 0x09, 0x1c, 0x1d, 0x11, 0x12, 0x39, 0xb0, 0x09, 0x10, 0xb0, 0x19, 
    0xd0, 0x00, 0xb0, 0x00, 0x45, 0x58, 0xb0, 0x09, 0x2f, 0x1b, 0xb1, 0x09, 0x22, 0x3e, 0x59, 0xb0, 0x00, 0x45, 0x58, 0xb0, 
    0x04, 0x2f, 0x1b, 0xb1, 0x04, 0x1c, 0x3e, 0x59, 0xb0, 0x00, 0x45, 0x58, 0xb0, 0x1a, 0x2f, 0x1b, 0xb1, 0x1a, 0x1c, 0x3e, 
    0x59, 0xb0, 0x00, 0x45, 0x58, 0xb0, 0x17, 0x2f, 0x1b, 0xb1, 0x17, 0x10, 0x3e, 0x59, 0xb0, 0x00, 0x45, 0x58, 0xb0, 0x19, 
    0x2f, 0x1b, 0xb1, 0x19, 0x10, 0x3e, 0x59, 0xb0, 0x04, 0x10, 0xb0, 0x13, 0xd0, 0xb1, 0x16, 0x01, 0xb0, 0x0a, 0x2b, 0x58, 
    0x21, 0xd8, 0x1b, 0xf4, 0x59, 0xb0, 0x01, 0xd0, 0xb0, 0x09, 0x10, 0xb1, 0x0f, 0x01, 0xb0, 0x0a, 0x2b, 0x58, 0x21, 0xd8, 
    0x1b, 0xf4, 0x59, 0x30, 0x31, 0x33, 0x11, 0x23, 0x35, 0x33, 0x35, 0x3e, 0x02, 0x33, 0x32, 0x16, 0x17, 0x07, 0x26, 0x23, 
    0x22, 0x06, 0x15, 0x15, 0x33, 0x15, 0x23, 0x11, 0x21, 0x23, 0x11, 0x33, 0xbd, 0xa5, 0xa5, 0x01, 0x6a, 0xc2, 0x88, 0x50, 
    0x93, 0x4f, 0x25, 0x8a, 0x72, 0x6f, 0x64, 0xd5, 0xd5, 0x02, 0x67, 0xf3, 0xf3, 0x03, 0x86, 0xb4, 0x4a, 0x7f, 0xb6, 0x5c, 
    0x22, 0x1a, 0xc9, 0x30, 0x61, 0x61, 0x44, 0xb4, 0xfc, 0x7a, 0x04, 0x3a, 0x00, 0x01, 0x00, 0x2d, 0x00, 0x00, 0x04, 0x2c, 
    0x06, 0x15, 0x00, 0x16, 0x00, 0x65, 0xb2, 0x12, 0x17, 0x18, 0x11, 0x12, 0x39, 0x00, 0xb0, 0x00, 0x45, 0x58, 0xb0, 0x12, 
    0x2f, 0x1b, 0xb1, 0x12, 0x22, 0x3e, 0x59, 0xb0, 0x00, 0x45, 0x58, 0xb0, 0x0e, 0x2f, 0x1b, 0xb1, 0x0e, 0x1c, 0x3e, 0x59, 
    0xb0, 0x00, 0x45, 0x58, 0xb0, 0x09, 0x2f, 0x1b, 0xb1, 0x09, 0x10, 0x3e, 0x59, 0xb0, 0x00, 0x45, 0x58, 0xb0, 0x16, 0x2f, 
    0x1b, 0xb1, 0x16, 0x10, 0x3e, 0x59, 0xb0, 0x12, 0x10, 0xb1, 0x02, 0x01, 0xb0, 0x0a, 0x2b, 0x58, 0x21, 0xd8, 0x1b, 0xf4, 
    0x59, 0xb0, 0x0e, 0x10, 0xb0, 0x05, 0xd0, 0xb0, 0x0e, 0x10, 0xb1, 0x0b, 0x01, 0xb0, 0x0a, 0x2b, 0x58, 0x21, 0xd8, 0x1b, 
    0xf4, 0x59, 0xb0, 0x08, 0xd0, 0x30, 0x31, 0x01, 0x26, 0x23, 0x22, 0x15, 0x15, 0x33, 0x15, 0x23, 0x11, 0x23, 0x11, 0x23, 
    0x35, 0x33, 0x35, 0x36, 0x36, 0x33, 0x32, 0x05, 0x11, 0x23, 0x03, 0x39, 0x66, 0x4a, 0xc4, 0xdc, 0xdc, 0xf3, 0xa5, 0xa5, 
    0x01, 0xd7, 0xc4, 0x7a, 0x01, 0x44, 0xf3, 0x05, 0x3f, 0x0e, 0xb8, 0x5b, 0xb4, 0xfc, 0x7a, 0x03, 0x86, 0xb4, 0x61, 0xb7, 
    0xc3, 0x30, 0xfa, 0x1b, 0x00, 0x02, 0x00, 0x2d, 0x00, 0x00, 0x06, 0x93, 0x06, 0x15, 0x00, 0x28, 0x00, 0x2c, 0x00, 0xb8, 
    0xb2, 0x14, 0x2d, 0x2e, 0x11, 0x12, 0x39, 0xb0, 0x14, 0x10, 0xb0, 0x2a, 0xd0, 0x00, 0xb0, 0x00, 0x45, 0x58, 0xb0, 0x08, 
    0x2f, 0x1b, 0xb1, 0x08, 0x22, 0x3e, 0x59, 0xb0, 0x00, 0x45, 0x58, 0xb0, 0x16, 0x2f, 0x1b, 0xb1, 0x16, 0x22, 0x3e, 0x59, 
    0xb0, 0x00, 0x45, 0x58, 0xb0, 0x2b, 0x2f, 0x1b, 0xb1, 0x2b, 0x1c, 0x3e, 0x59, 0xb0, 0x00, 0x45, 0x58, 0xb0, 0x21, 0x2f, 
    0x1b, 0xb1, 0x21, 0x1c, 0x3e, 0x59, 0xb0, 0x00, 0x45, 0x58, 0xb0, 0x11, 0x2f, 0x1b, 0xb1, 0x11, 0x1c, 0x3e, 0x59, 0xb0, 
    0x00, 0x45, 0x58, 0xb0, 0x04, 0x2f, 0x1b, 0xb1, 0x04, 0x1c, 0x3e, 0x59, 0xb0, 0x00, 0x45, 0x58, 0xb0, 0x28, 0x2f, 0x1b, 
    0xb1, 0x28, 0x10, 0x3e, 0x59, 0xb0, 0x00, 0x45, 0x58, 0xb0, 0x25, 0x2f, 0x1b, 0xb1, 0x25, 0x10, 0x3e, 0x59, 0xb0, 0x00, 
    0x45, 0x58, 0xb0, 0x2a, 0x2f, 0x1b, 0xb1, 0x2a, 0x10, 0x3e, 0x59, 0xb0, 0x21, 0x10, 0xb1, 0x22, 0x01, 0xb0, 0x0a, 0x2b, 
    0x58, 0x21, 0xd8, 0x1b, 0xf4, 0x59, 0xb0, 0x26, 0xd0, 0xb0, 0x01, 0xd0, 0xb0, 0x08, 0x10, 0xb1, 0x0d, 0x01, 0xb0, 0x0a, 
    0x2b, 0x58, 0x21, 0xd8, 0x1b, 0xf4, 0x59, 0xb0, 0x16, 0x10, 0xb1, 0x1c, 0x01, 0xb0, 0x0a, 0x2b, 0x58, 0x21, 0xd8, 0x1b, 
    0xf4, 0x59, 0x30, 0x31, 0x33, 0x11, 0x23, 0x35, 0x33, 0x35, 0x34, 0x36, 0x33, 0x32, 0x17, 0x07, 0x26, 0x23, 0x22, 0x15, 
    0x15, 0x21, 0x35, 0x3e, 0x02, 0x33, 0x32, 0x16, 0x17, 0x07, 0x26, 0x23, 0x22, 0x06, 0x15, 0x15, 0x33, 0x15, 0x23, 0x11, 
    0x23, 0x11, 0x21, 0x11, 0x21, 0x23, 0x11, 0x33, 0xd2, 0xa5, 0xa5, 0xc8, 0xb4, 0x40, 0x48, 0x06, 0x28, 0x35, 0xae, 0x01, 
    0x74, 0x01, 0x6a, 0xc2, 0x88, 0x50, 0x93, 0x4f, 0x26, 0x88, 0x73, 0x6f, 0x64, 0xd5, 0xd5, 0xf3, 0xfe, 0x8c, 0x04, 0xce, 
    0xf3, 0xf3, 0x03, 0x86, 0xb4, 0x63, 0xb4, 0xc4, 0x12, 0xbe, 0x08, 0xb3, 0x60, 0x4a, 0x7f, 0xb6, 0x5c, 0x22, 0x1a, 0xc9, 
    0x30, 0x61, 0x61, 0x44, 0xb4, 0xfc, 0x7a, 0x03, 0x86, 0xfc, 0x7a, 0x04, 0x3a, 0x00, 0x00, 0x01, 0x00, 0x2d, 0x00, 0x00, 
    0x06, 0x93, 0x06, 0x15, 0x00, 0x27, 0x00, 0xa8, 0xb2, 0x13, 0x28, 0x29, 0x11, 0x12, 0x39, 0x00, 0xb0, 0x00, 0x45, 0x58, 
    0xb0, 0x15, 0x2f, 0x1b, 0xb1, 0x15, 0x22, 0x3e, 0x59, 0xb0, 0x00, 0x45, 0x58, 0xb0, 0x08, 0x2f, 0x1b, 0xb1, 0x08, 0x22, 
    0x3e, 0x59, 0xb0, 0x00, 0x45, 0x58, 0xb0, 0x04, 0x2f, 0x1b, 0xb1, 0x04, 0x1c, 0x3e, 0x59, 0xb0, 0x00, 0x45, 0x58, 0xb0, 
    0x10, 0x2f, 0x1b, 0xb1, 0x10, 0x1c, 0x3e, 0x59, 0xb0, 0x00, 0x45, 0x58, 0xb0, 0x1f, 0x2f, 0x1b, 0xb1, 0x1f, 0x1c, 0x3e, 
    0x59, 0xb0, 0x00, 0x45, 0x58, 0xb0, 0x27, 0x2f, 0x1b, 0xb1, 0x27, 0x10, 0x3e, 0x59, 0xb0, 0x00, 0x45, 0x58, 0xb0, 0x24, 
    0x2f, 0x1b, 0xb1, 0x24, 0x10, 0x3e, 0x59, 0xb0, 0x00, 0x45, 0x58, 0xb0, 0x19, 0x2f, 0x1b, 0xb1, 0x19, 0x10, 0x3e, 0x59, 
    0xb0, 0x04, 0x10, 0xb1, 0x01, 0x01, 0xb0, 0x0a, 0x2b, 0x58, 0x21, 0xd8, 0x1b, 0xf4, 0x59, 0xb0, 0x08, 0x10, 0xb1, 0x0d, 
    0x01, 0xb0, 0x0a, 0x2b, 0x58, 0x21, 0xd8, 0x1b, 0xf4, 0x59, 0xb0, 0x15, 0x10, 0xb1, 0x1c, 0x01, 0xb0, 0x0a, 0x2b, 0x58, 
    0x21, 0xd8, 0x1b, 0xf4, 0x59, 0xb0, 0x01, 0x10, 0xb0, 0x26, 0xd0, 0xb0, 0x22, 0xd0, 0x30, 0x31, 0x33, 0x11, 0x23, 0x35, 
    0x33, 0x35, 0x34, 0x36, 0x33, 0x32, 0x17, 0x07, 0x26, 0x23, 0x22, 0x15, 0x15, 0x21, 0x35, 0x36, 0x36, 0x33, 0x32, 0x05, 
    0x11, 0x23, 0x11, 0x26, 0x23, 0x22, 0x15, 0x15, 0x33, 0x15, 0x23, 0x11, 0x23, 0x11, 0x21, 0x11, 0xd2, 0xa5, 0xa5, 0xc8, 
    0xb4, 0x40, 0x48, 0x06, 0x28, 0x35, 0xae, 0x01, 0x74, 0x01, 0xd7, 0xc4, 0x7a, 0x01, 0x44, 0xf3, 0x66, 0x4a, 0xc4, 0xdc, 
    0xdc, 0xf3, 0xfe, 0x8c, 0x03, 0x86, 0xb4, 0x63, 0xb4, 0xc4, 0x12, 0xbe, 0x08, 0xb3, 0x60, 0x61, 0xb7, 0xc3, 0x30, 0xfa, 
    0x1b, 0x05, 0x3f, 0x0e, 0xb8, 0x5b, 0xb4, 0xfc, 0x7a, 0x03, 0x86, 0xfc, 0x7a, 0x00, 0x00, 0x01, 0x00, 0x3c, 0x00, 0x00, 
    0x02, 0xb2, 0x03, 0x20, 0x00, 0x17, 0x00, 0x5b, 0xb2, 0x08, 0x18, 0x19, 0x11, 0x12, 0x39, 0x00, 0xb0, 0x00, 0x45, 0x58, 
    0xb0, 0x0f, 0x2f, 0x1b, 0xb1, 0x0f, 0x1a, 0x3e, 0x59, 0xb0, 0x00, 0x45, 0x58, 0xb0, 0x00, 0x2f, 0x1b, 0xb1, 0x00, 0x10, 
    0x3e, 0x59, 0xb1, 0x16, 0x02, 0xb0, 0x0a, 0x2b, 0x58, 0x21, 0xd8, 0x1b, 0xf4, 0x59, 0xb2, 0x02, 0x16, 0x00, 0x11, 0x12, 
    0x39, 0xb2, 0x03, 0x0f, 0x00, 0x11, 0x12, 0x39, 0xb0, 0x0f, 0x10, 0xb1, 0x08, 0x02, 0xb0, 0x0a, 0x2b, 0x58, 0x21, 0xd8, 
    0x1b, 0xf4, 0x59, 0xb2, 0x0c, 0x00, 0x0f, 0x11, 0x12, 0x39, 0xb2, 0x15, 0x00, 0x0f, 0x11, 0x12, 0x39, 0x30, 0x31, 0x21, 
    0x21, 0x35, 0x01, 0x36, 0x35, 0x34, 0x26, 0x23, 0x22, 0x06, 0x15, 0x23, 0x34, 0x36, 0x33, 0x32, 0x16, 0x15, 0x14, 0x0f, 
    0x02, 0x21, 0x02, 0xb2, 0xfd, 0x9c, 0x01, 0x1d, 0x71, 0x36, 0x34, 0x3a, 0x42, 0xba, 0xa9, 0x87, 0x8f, 0x9c, 0x6a, 0x62, 
    0x8c, 0x01, 0x73, 0x7d, 0x01, 0x05, 0x67, 0x43, 0x2a, 0x35, 0x42, 0x36, 0x74, 0x99, 0x80, 0x73, 0x6b, 0x66, 0x57, 0x71, 
    0x00, 0x01, 0x00, 0x80, 0x00, 0x00, 0x02, 0x02, 0x03, 0x13, 0x00, 0x06, 0x00, 0x32, 0x00, 0xb0, 0x00, 0x45, 0x58, 0xb0, 
    0x05, 0x2f, 0x1b, 0xb1, 0x05, 0x1a, 0x3e, 0x59, 0xb0, 0x00, 0x45, 0x58, 0xb0, 0x01, 0x2f, 0x1b, 0xb1, 0x01, 0x10, 0x3e, 
    0x59, 0xb0, 0x05, 0x10, 0xb0, 0x04, 0xd0, 0xb0, 0x04, 0x2f, 0xb1, 0x03, 0x02, 0xb0, 0x0a, 0x2b, 0x58, 0x21, 0xd8, 0x1b, 
    0xf4, 0x59, 0x30, 0x31, 0x21, 0x23, 0x11, 0x07, 0x35, 0x25, 0x33, 0x02, 0x02, 0xb9, 0xc9, 0x01, 0x6f, 0x13, 0x02, 0x3a, 
    0x30, 0x92, 0x77, 0x00, 0x00, 0x02, 0x00, 0x4b, 0xff, 0xf5, 0x02, 0xaa, 0x03, 0x20, 0x00, 0x0d, 0x00, 0x17, 0x00, 0x48, 
    0xb2, 0x03, 0x18, 0x19, 0x11, 0x12, 0x39, 0xb0, 0x03, 0x10, 0xb0, 0x10, 0xd0, 0x00, 0xb0, 0x00, 0x45, 0x58, 0xb0, 0x0a, 
    0x2f, 0x1b, 0xb1, 0x0a, 0x1a, 0x3e, 0x59, 0xb0, 0x00, 0x45, 0x58, 0xb0, 0x03, 0x2f, 0x1b, 0xb1, 0x03, 0x10, 0x3e, 0x59, 
    0xb0, 0x0a, 0x10, 0xb1, 0x10, 0x02, 0xb0, 0x0a, 0x2b, 0x58, 0x21, 0xd8, 0x1b, 0xf4, 0x59, 0xb0, 0x03, 0x10, 0xb1, 0x15, 
    0x02, 0xb0, 0x0a, 0x2b, 0x58, 0x21, 0xd8, 0x1b, 0xf4, 0x59, 0x30, 0x31, 0x01, 0x14, 0x06, 0x23, 0x22, 0x26, 0x35, 0x35, 
    0x34, 0x36, 0x33, 0x32, 0x16, 0x15, 0x27, 0x34, 0x23, 0x22, 0x07, 0x15, 0x14, 0x33, 0x32, 0x37, 0x02, 0xaa, 0x9e, 0x90, 
    0x92, 0x9f, 0x9e, 0x91, 0x90, 0xa0, 0xbb, 0x75, 0x72, 0x03, 0x77, 0x6f, 0x04, 0x01, 0x3e, 0x9f, 0xaa, 0xaa, 0x9e, 0x98, 
    0x9d, 0xae, 0xad, 0x9e, 0x0c, 0xa9, 0x9f, 0xb8, 0xa9, 0x9a, 0x00, 0x01, 0x00, 0x37, 0xff, 0xf5, 0x02, 0xa9, 0x03, 0x20, 
    0x00, 0x24, 0x00, 0x82, 0xb2, 0x1e, 0x25, 0x26, 0x11, 0x12, 0x39, 0x00, 0xb0, 0x00, 0x45, 0x58, 0xb0, 0x0d, 0x2f, 0x1b, 
    0xb1, 0x0d, 0x1a, 0x3e, 0x59, 0xb0, 0x00, 0x45, 0x58, 0xb0, 0x17, 0x2f, 0x1b, 0xb1, 0x17, 0x10, 0x3e, 0x59, 0xb2, 0x00, 
    0x17, 0x0d, 0x11, 0x12, 0x39, 0x7c, 0xb0, 0x00, 0x2f, 0x18, 0xb4, 0x50, 0x00, 0x60, 0x00, 0x02, 0x71, 0xb6, 0x80, 0x00, 
    0x90, 0x00, 0xa0, 0x00, 0x03, 0x5d, 0xb0, 0x0d, 0x10, 0xb1, 0x06, 0x02, 0xb0, 0x0a, 0x2b, 0x58, 0x21, 0xd8, 0x1b, 0xf4, 
    0x59, 0xb2, 0x0a, 0x00, 0x06, 0x11, 0x12, 0x39, 0xb0, 0x00, 0x10, 0xb1, 0x24, 0x02, 0xb0, 0x0a, 0x2b, 0x58, 0x21, 0xd8, 
    0x1b, 0xf4, 0x59, 0xb2, 0x12, 0x24, 0x00, 0x11, 0x12, 0x39, 0xb0, 0x17, 0x10, 0xb1, 0x1e, 0x02, 0xb0, 0x0a, 0x2b, 0x58, 
    0x21, 0xd8, 0x1b, 0xf4, 0x59, 0xb2, 0x1b, 0x24, 0x1e, 0x11, 0x12, 0x39, 0x30, 0x31, 0x01, 0x33, 0x32, 0x35, 0x34, 0x26, 
    0x23, 0x22, 0x06, 0x15, 0x23, 0x34, 0x36, 0x33, 0x32, 0x16, 0x15, 0x14, 0x07, 0x16, 0x15, 0x14, 0x06, 0x23, 0x22, 0x26, 
    0x35, 0x33, 0x14, 0x16, 0x33, 0x32, 0x36, 0x35, 0x34, 0x27, 0x23, 0x01, 0x0c, 0x51, 0x84, 0x36, 0x3e, 0x30, 0x41, 0xba, 
    0xa5, 0x82, 0x8f, 0xa3, 0x87, 0x95, 0xb1, 0x8f, 0x87, 0xab, 0xba, 0x45, 0x3c, 0x3f, 0x3d, 0x86, 0x5c, 0x01, 0xd2, 0x61, 
    0x23, 0x35, 0x27, 0x23, 0x63, 0x7c, 0x79, 0x69, 0x77, 0x33, 0x29, 0x8e, 0x6a, 0x7e, 0x7f, 0x71, 0x26, 0x35, 0x37, 0x2a, 
    0x65, 0x01, 0x00, 0x02, 0x00, 0x35, 0x00, 0x00, 0x02, 0xbe, 0x03, 0x15, 0x00, 0x0a, 0x00, 0x0e, 0x00, 0x4a, 0x00, 0xb0, 
    0x00, 0x45, 0x58, 0xb0, 0x09, 0x2f, 0x1b, 0xb1, 0x09, 0x1a, 0x3e, 0x59, 0xb0, 0x00, 0x45, 0x58, 0xb0, 0x04, 0x2f, 0x1b, 
    0xb1, 0x04, 0x10, 0x3e, 0x59, 0xb2, 0x01, 0x09, 0x04, 0x11, 0x12, 0x39, 0xb0, 0x01, 0x2f, 0xb1, 0x02, 0x02, 0xb0, 0x0a, 
    0x2b, 0x58, 0x21, 0xd8, 0x1b, 0xf4, 0x59, 0xb0, 0x06, 0xd0, 0xb0, 0x01, 0x10, 0xb0, 0x0b, 0xd0, 0xb2, 0x08, 0x0b, 0x06, 
    0x11, 0x12, 0x39, 0xb2, 0x0d, 0x09, 0x04, 0x11, 0x12, 0x39, 0x30, 0x31, 0x01, 0x33, 0x15, 0x23, 0x15, 0x23, 0x35, 0x21, 
    0x27, 0x01, 0x33, 0x01, 0x33, 0x35, 0x07, 0x02, 0x5f, 0x5f, 0x5f, 0xbb, 0xfe, 0x9a, 0x09, 0x01, 0x6d, 0xbd, 0xfe, 0x8b, 
    0xba, 0x0e, 0x01, 0x3a, 0x97, 0xa3, 0xa3, 0x79, 0x01, 0xf9, 0xfe, 0x25, 0xf2, 0x16, 0x00, 0x01, 0x00, 0x4f, 0xff, 0xf5, 
    0x02, 0xae, 0x03, 0x15, 0x00, 0x1a, 0x00, 0x6d, 0xb2, 0x0d, 0x1b, 0x1c, 0x11, 0x12, 0x39, 0x00, 0xb0, 0x00, 0x45, 0x58, 
    0xb0, 0x02, 0x2f, 0x1b, 0xb1, 0x02, 0x1a, 0x3e, 0x59, 0xb0, 0x00, 0x45, 0x58, 0xb0, 0x0d, 0x2f, 0x1b, 0xb1, 0x0d, 0x10, 
    0x3e, 0x59, 0xb0, 0x02, 0x10, 0xb1, 0x03, 0x02, 0xb0, 0x0a, 0x2b, 0x58, 0x21, 0xd8, 0x1b, 0xf4, 0x59, 0xb2, 0x07, 0x02, 
    0x0d, 0x11, 0x12, 0x39, 0xb0, 0x07, 0x2f, 0xb1, 0x18, 0x02, 0xb0, 0x0a, 0x2b, 0x58, 0x21, 0xd8, 0x1b, 0xf4, 0x59, 0xb2, 
    0x05, 0x18, 0x07, 0x11, 0x12, 0x39, 0xb0, 0x0d, 0x10, 0xb1, 0x13, 0x02, 0xb0, 0x0a, 0x2b, 0x58, 0x21, 0xd8, 0x1b, 0xf4, 
    0x59, 0xb2, 0x11, 0x13, 0x18, 0x11, 0x12, 0x39, 0xb2, 0x1a, 0x18, 0x13, 0x11, 0x12, 0x39, 0x30, 0x31, 0x13, 0x13, 0x21, 
    0x15, 0x21, 0x07, 0x36, 0x33, 0x32, 0x16, 0x15, 0x14, 0x06, 0x23, 0x22, 0x26, 0x27, 0x33, 0x16, 0x33, 0x32, 0x35, 0x34, 
    0x26, 0x23, 0x22, 0x07, 0x62, 0x34, 0x01, 0xec, 0xfe, 0xac, 0x14, 0x3e, 0x47, 0x83, 0x8c, 0xa3, 0x8c, 0x81, 0xad, 0x02, 
    0xb9, 0x05, 0x72, 0x75, 0x43, 0x42, 0x43, 0x35, 0x01, 0x7f, 0x01, 0x96, 0x96, 0x94, 0x1b, 0x86, 0x7a, 0x78, 0x99, 0x84, 
    0x63, 0x52, 0x7d, 0x38, 0x44, 0x28, 0x00, 0x02, 0x00, 0x4d, 0xff, 0xf5, 0x02, 0xb9, 0x03, 0x22, 0x00, 0x13, 0x00, 0x1e, 
    0x00, 0x5e, 0xb2, 0x14, 0x1f, 0x20, 0x11, 0x12, 0x39, 0xb0, 0x14, 0x10, 0xb0, 0x0c, 0xd0, 0x00, 0xb0, 0x00, 0x45, 0x58, 
    0xb0, 0x00, 0x2f, 0x1b, 0xb1, 0x00, 0x1a, 0x3e, 0x59, 0xb0, 0x00, 0x45, 0x58, 0xb0, 0x0c, 0x2f, 0x1b, 0xb1, 0x0c, 0x10, 
    0x3e, 0x59, 0xb0, 0x00, 0x10, 0xb1, 0x01, 0x02, 0xb0, 0x0a, 0x2b, 0x58, 0x21, 0xd8, 0x1b, 0xf4, 0x59, 0xb2, 0x06, 0x0c, 
    0x00, 0x11, 0x12, 0x39, 0xb0, 0x06, 0x2f, 0xb1, 0x14, 0x02, 0xb0, 0x0a, 0x2b, 0x58, 0x21, 0xd8, 0x1b, 0xf4, 0x59, 0xb0, 
    0x0c, 0x10, 0xb1, 0x1a, 0x02, 0xb0, 0x0a, 0x2b, 0x58, 0x21, 0xd8, 0x1b, 0xf4, 0x59, 0x30, 0x31, 0x01, 0x15, 0x22, 0x06, 
    0x07, 0x36, 0x33, 0x32, 0x16, 0x15, 0x14, 0x06, 0x23, 0x22, 0x26, 0x35, 0x35, 0x34, 0x36, 0x33, 0x03, 0x22, 0x06, 0x07, 
    0x15, 0x14, 0x33, 0x32, 0x36, 0x35, 0x34, 0x02, 0x32, 0x91, 0x89, 0x0d, 0x47, 0x6b, 0x75, 0x87, 0xa8, 0x86, 0x93, 0xab, 
    0xf0, 0xde, 0x96, 0x2d, 0x42, 0x0f, 0x7f, 0x35, 0x44, 0x03, 0x22, 0x99, 0x5f, 0x62, 0x45, 0x8e, 0x7a, 0x77, 0x99, 0xa7, 
    0x9b, 0x31, 0xd2, 0xe8, 0xfe, 0x57, 0x24, 0x17, 0x24, 0x91, 0x46, 0x36, 0x74, 0x00, 0x00, 0x01, 0x00, 0x36, 0x00, 0x00, 
    0x02, 0xae, 0x03, 0x15, 0x00, 0x06, 0x00, 0x33, 0x00, 0xb0, 0x00, 0x45, 0x58, 0xb0, 0x05, 0x2f, 0x1b, 0xb1, 0x05, 0x1a, 
    0x3e, 0x59, 0xb0, 0x00, 0x45, 0x58, 0xb0, 0x02, 0x2f, 0x1b, 0xb1, 0x02, 0x10, 0x3e, 0x59, 0xb0, 0x05, 0x10, 0xb1, 0x04, 
    0x02, 0xb0, 0x0a, 0x2b, 0x58, 0x21, 0xd8, 0x1b, 0xf4, 0x59, 0xb2, 0x00, 0x04, 0x05, 0x11, 0x12, 0x39, 0x30, 0x31, 0x01, 
    0x01, 0x23, 0x01, 0x21, 0x35, 0x21, 0x02, 0xae, 0xfe, 0xad, 0xc4, 0x01, 0x53, 0xfe, 0x4c, 0x02, 0x78, 0x02, 0xac, 0xfd, 
    0x54, 0x02, 0x7f, 0x96, 0x00, 0x03, 0x00, 0x4b, 0xff, 0xf5, 0x02, 0xaa, 0x03, 0x20, 0x00, 0x13, 0x00, 0x1c, 0x00, 0x24, 
    0x00, 0x99, 0xb2, 0x07, 0x25, 0x26, 0x11, 0x12, 0x39, 0xb0, 0x07, 0x10, 0xb0, 0x14, 0xd0, 0xb0, 0x07, 0x10, 0xb0, 0x22, 
    0xd0, 0x00, 0xb0, 0x00, 0x45, 0x58, 0xb0, 0x11, 0x2f, 0x1b, 0xb1, 0x11, 0x1a, 0x3e, 0x59, 0xb0, 0x00, 0x45, 0x58, 0xb0, 
    0x07, 0x2f, 0x1b, 0xb1, 0x07, 0x10, 0x3e, 0x59, 0xb2, 0x22, 0x07, 0x11, 0x11, 0x12, 0x39, 0x7c, 0xb0, 0x22, 0x2f, 0x18, 
    0xb6, 0x80, 0x22, 0x90, 0x22, 0xa0, 0x22, 0x03, 0x5d, 0xb4, 0x50, 0x22, 0x60, 0x22, 0x02, 0x71, 0xb4, 0x00, 0x22, 0x10, 
    0x22, 0x02, 0x71, 0xb4, 0x40, 0x22, 0x50, 0x22, 0x02, 0x5d, 0xb4, 0xd0, 0x22, 0xe0, 0x22, 0x02, 0x71, 0xb1, 0x19, 0x02, 
    0xb0, 0x0a, 0x2b, 0x58, 0x21, 0xd8, 0x1b, 0xf4, 0x59, 0xb2, 0x02, 0x22, 0x19, 0x11, 0x12, 0x39, 0xb2, 0x0c, 0x19, 0x22, 
    0x11, 0x12, 0x39, 0xb0, 0x07, 0x10, 0xb1, 0x14, 0x02, 0xb0, 0x0a, 0x2b, 0x58, 0x21, 0xd8, 0x1b, 0xf4, 0x59, 0xb0, 0x11, 
    0x10, 0xb1, 0x1f, 0x02, 0xb0, 0x0a, 0x2b, 0x58, 0x21, 0xd8, 0x1b, 0xf4, 0x59, 0x30, 0x31, 0x01, 0x14, 0x07, 0x16, 0x15, 
    0x14, 0x06, 0x23, 0x22, 0x26, 0x35, 0x34, 0x37, 0x26, 0x35, 0x34, 0x36, 0x33, 0x32, 0x16, 0x01, 0x32, 0x36, 0x34, 0x26, 
    0x22, 0x06, 0x14, 0x16, 0x13, 0x34, 0x22, 0x15, 0x14, 0x16, 0x32, 0x36, 0x02, 0x97, 0x71, 0x84, 0xa1, 0x8e, 0x8c, 0xa4, 
    0x84, 0x71, 0x9b, 0x81, 0x82, 0x9b, 0xfe, 0xe4, 0x35, 0x40, 0x41, 0x6a, 0x40, 0x40, 0x97, 0xc4, 0x33, 0x60, 0x31, 0x02, 
    0x41, 0x74, 0x37, 0x3d, 0x80, 0x6a, 0x7a, 0x79, 0x6b, 0x80, 0x3d, 0x37, 0x74, 0x69, 0x76, 0x76, 0xfd, 0xe0, 0x33, 0x5a, 
    0x30, 0x30, 0x5a, 0x33, 0x01, 0xab, 0x56, 0x56, 0x27, 0x30, 0x30, 0x00, 0x00, 0x02, 0x00, 0x46, 0xff, 0xf7, 0x02, 0xa3, 
    0x03, 0x20, 0x00, 0x13, 0x00, 0x1f, 0x00, 0x63, 0xb2, 0x14, 0x20, 0x21, 0x11, 0x12, 0x39, 0xb0, 0x14, 0x10, 0xb0, 0x08, 
    0xd0, 0x00, 0xb0, 0x00, 0x45, 0x58, 0xb0, 0x08, 0x2f, 0x1b, 0xb1, 0x08, 0x1a, 0x3e, 0x59, 0xb0, 0x00, 0x45, 0x58, 0xb0, 
    0x10, 0x2f, 0x1b, 0xb1, 0x10, 0x10, 0x3e, 0x59, 0xb2, 0x02, 0x10, 0x08, 0x11, 0x12, 0x39, 0x7c, 0xb0, 0x02, 0x2f, 0x18, 
    0xb0, 0x10, 0x10, 0xb1, 0x11, 0x02, 0xb0, 0x0a, 0x2b, 0x58, 0x21, 0xd8, 0x1b, 0xf4, 0x59, 0xb0, 0x02, 0x10, 0xb1, 0x14, 
    0x02, 0xb0, 0x0a, 0x2b, 0x58, 0x21, 0xd8, 0x1b, 0xf4, 0x59, 0xb0, 0x08, 0x10, 0xb1, 0x1a, 0x02, 0xb0, 0x0a, 0x2b, 0x58, 
    0x21, 0xd8, 0x1b, 0xf4, 0x59, 0x30, 0x31, 0x01, 0x06, 0x23, 0x22, 0x26, 0x35, 0x34, 0x36, 0x33, 0x32, 0x16, 0x17, 0x15, 
    0x14, 0x06, 0x07, 0x23, 0x35, 0x32, 0x36, 0x27, 0x32, 0x37, 0x35, 0x34, 0x26, 0x23, 0x22, 0x06, 0x15, 0x14, 0x16, 0x01, 
    0xe7, 0x42, 0x5a, 0x7e, 0x87, 0xaa, 0x84, 0x8b, 0xa2, 0x02, 0xdc, 0xe0, 0x13, 0x8f, 0x79, 0x63, 0x4e, 0x23, 0x42, 0x34, 
    0x33, 0x41, 0x3c, 0x01, 0x36, 0x39, 0x8a, 0x7d, 0x78, 0xa4, 0xa6, 0x97, 0x3b, 0xd7, 0xd9, 0x01, 0x93, 0x52, 0xac, 0x34, 
    0x45, 0x48, 0x41, 0x4e, 0x39, 0x37, 0x44, 0x00, 0xff, 0xff, 0x00, 0x4b, 0x02, 0x8d, 0x02, 0xaa, 0x05, 0xb8, 0x03, 0x07, 
    0x00, 0x6b, 0x00, 0x00, 0x02, 0x98, 0x00, 0x13, 0x00, 0xb0, 0x00, 0x45, 0x58, 0xb0, 0x0a, 0x2f, 0x1b, 0xb1, 0x0a, 0x20, 
    0x3e, 0x59, 0xb0, 0x10, 0xd0, 0x30, 0x31, 0x00, 0xff, 0xff, 0x00, 0x35, 0x02, 0x98, 0x02, 0xbe, 0x05, 0xad, 0x03, 0x07, 
    0x00, 0x6d, 0x00, 0x00, 0x02, 0x98, 0x00, 0x13, 0x00, 0xb0, 0x00, 0x45, 0x58, 0xb0, 0x09, 0x2f, 0x1b, 0xb1, 0x09, 0x20, 
    0x3e, 0x59, 0xb0, 0x0d, 0xd0, 0x30, 0x31, 0x00, 0xff, 0xff, 0x00, 0x4f, 0x02, 0x8d, 0x02, 0xae, 0x05, 0xad, 0x03, 0x07, 
    0x00, 0x6e, 0x00, 0x00, 0x02, 0x98, 0x00, 0x10, 0x00, 0xb0, 0x00, 0x45, 0x58, 0xb0, 0x01, 0x2f, 0x1b, 0xb1, 0x01, 0x20, 
    0x3e, 0x59, 0x30, 0x31, 0xff, 0xff, 0x00, 0x4d, 0x02, 0x8d, 0x02, 0xb9, 0x05, 0xba, 0x03, 0x07, 0x00, 0x6f, 0x00, 0x00, 
    0x02, 0x98, 0x00, 0x13, 0x00, 0xb0, 0x00, 0x45, 0x58, 0xb0, 0x00, 0x2f, 0x1b, 0xb1, 0x00, 0x20, 0x3e, 0x59, 0xb0, 0x14, 
    0xd0, 0x30, 0x31, 0x00, 0xff, 0xff, 0x00, 0x36, 0x02, 0x98, 0x02, 0xae, 0x05, 0xad, 0x03, 0x07, 0x00, 0x70, 0x00, 0x00, 
    0x02, 0x98, 0x00, 0x10, 0x00, 0xb0, 0x00, 0x45, 0x58, 0xb0, 0x05, 0x2f, 0x1b, 0xb1, 0x05, 0x20, 0x3e, 0x59, 0x30, 0x31, 
    0xff, 0xff, 0x00, 0x4b, 0x02, 0x8d, 0x02, 0xaa, 0x05, 0xb8, 0x03, 0x07, 0x00, 0x71, 0x00, 0x00, 0x02, 0x98, 0x00, 0x19, 
    0x00, 0xb0, 0x00, 0x45, 0x58, 0xb0, 0x11, 0x2f, 0x1b, 0xb1, 0x11, 0x20, 0x3e, 0x59, 0xb0, 0x19, 0xd0, 0xb0, 0x11, 0x10, 
    0xb0, 0x1f, 0xd0, 0x30, 0x31, 0x00, 0xff, 0xff, 0x00, 0x46, 0x02, 0x8f, 0x02, 0xa3, 0x05, 0xb8, 0x03, 0x07, 0x00, 0x72, 
    0x00, 0x00, 0x02, 0x98, 0x00, 0x13, 0x00, 0xb0, 0x00, 0x45, 0x58, 0xb0, 0x08, 0x2f, 0x1b, 0xb1, 0x08, 0x20, 0x3e, 0x59, 
    0xb0, 0x1a, 0xd0, 0x30, 0x31, 0x00, 0x00, 0x00, 0x00, 0x00, 0x00, 0x07, 0x00, 0x5a, 0x00, 0x03, 0x00, 0x01, 0x04, 0x09, 
    0x00, 0x00, 0x00, 0x5e, 0x00, 0x00, 0x00, 0x03, 0x00, 0x01, 0x04, 0x09, 0x00, 0x01, 0x00, 0x1a, 0x00, 0x5e, 0x00, 0x03, 
    0x00, 0x01, 0x04, 0x09, 0x00, 0x02, 0x00, 0x0e, 0x00, 0x78, 0x00, 0x03, 0x00, 0x01, 0x04, 0x09, 0x00, 0x03, 0x00, 0x1a, 
    0x00, 0x5e, 0x00, 0x03, 0x00, 0x01, 0x04, 0x09, 0x00, 0x04, 0x00, 0x1a, 0x00, 0x5e, 0x00, 0x03, 0x00, 0x01, 0x04, 0x09, 
    0x00, 0x05, 0x00, 0x26, 0x00, 0x86, 0x00, 0x03, 0x00, 0x01, 0x04, 0x09, 0x00, 0x06, 0x00, 0x1a, 0x00, 0xac, 0x00, 0x43, 
    0x00, 0x6f, 0x00, 0x70, 0x00, 0x79, 0x00, 0x72, 0x00, 0x69, 0x00, 0x67, 0x00, 0x68, 0x00, 0x74, 0x00, 0x20, 0x00, 0x32, 
    0x00, 0x30, 0x00, 0x31, 0x00, 0x31, 0x00, 0x20, 0x00, 0x47, 0x00, 0x6f, 0x00, 0x6f, 0x00, 0x67, 0x00, 0x6c, 0x00, 0x65, 
    0x00, 0x20, 0x00, 0x49, 0x00, 0x6e, 0x00, 0x63, 0x00, 0x2e, 0x00, 0x20, 0x00, 0x41, 0x00, 0x6c, 0x00, 0x6c, 0x00, 0x20, 
    0x00, 0x52, 0x00, 0x69, 0x00, 0x67, 0x00, 0x68, 0x00, 0x74, 0x00, 0x73, 0x00, 0x20, 0x00, 0x52, 0x00, 0x65, 0x00, 0x73, 
    0x00, 0x65, 0x00, 0x72, 0x00, 0x76, 0x00, 0x65, 0x00, 0x64, 0x00, 0x2e, 0x00, 0x52, 0x00, 0x6f, 0x00, 0x62, 0x00, 0x6f, 
    0x00, 0x74, 0x00, 0x6f, 0x00, 0x20, 0x00, 0x4d, 0x00, 0x65, 0x00, 0x64, 0x00, 0x69, 0x00, 0x75, 0x00, 0x6d, 0x00, 0x52, 
    0x00, 0x65, 0x00, 0x67, 0x00, 0x75, 0x00, 0x6c, 0x00, 0x61, 0x00, 0x72, 0x00, 0x56, 0x00, 0x65, 0x00, 0x72, 0x00, 0x73, 
    0x00, 0x69, 0x00, 0x6f, 0x00, 0x6e, 0x00, 0x20, 0x00, 0x32, 0x00, 0x2e, 0x00, 0x31, 0x00, 0x33, 0x00, 0x37, 0x00, 0x3b, 
    0x00, 0x20, 0x00, 0x32, 0x00, 0x30, 0x00, 0x31, 0x00, 0x37, 0x00, 0x52, 0x00, 0x6f, 0x00, 0x62, 0x00, 0x6f, 0x00, 0x74, 
    0x00, 0x6f, 0x00, 0x2d, 0x00, 0x4d, 0x00, 0x65, 0x00, 0x64, 0x00, 0x69, 0x00, 0x75, 0x00, 0x6d, 0x00, 0x03, 0x00, 0x00, 
    0x00, 0x00, 0x00, 0x00, 0xff, 0x6a, 0x00, 0x64, 0x00, 0x00, 0x00, 0x00, 0x00, 0x00, 0x00, 0x00, 0x00, 0x00, 0x00, 0x00, 
    0x00, 0x00, 0x00, 0x00, 0x00, 0x00, 0x00, 0x00, 0x00, 0x01, 0x00, 0x02, 0x00, 0x08, 0x00, 0x02, 0xff, 0xff, 0x00, 0x0f, 
    0x00, 0x01, 0x00, 0x00, 0x00, 0x0c, 0x00, 0x00, 0x00, 0x00, 0x00, 0x00, 0x00, 0x02, 0x00, 0x03, 0x00, 0x22, 0x00, 0x3b, 
    0x00, 0x01, 0x00, 0x42, 0x00, 0x5b, 0x00, 0x01, 0x00, 0x65, 0x00, 0x68, 0x00, 0x02, 0x00, 0x00, 0x00, 0x01, 0x00, 0x00, 
    0x00, 0x0a, 0x00, 0x30, 0x00, 0x3e, 0x00, 0x04, 0x44, 0x46, 0x4c, 0x54, 0x00, 0x1a, 0x63, 0x79, 0x72, 0x6c, 0x00, 0x1a, 
    0x67, 0x72, 0x65, 0x6b, 0x00, 0x1a, 0x6c, 0x61, 0x74, 0x6e, 0x00, 0x1a, 0x00, 0x04, 0x00, 0x00, 0x00, 0x00, 0xff, 0xff, 
    0x00, 0x01, 0x00, 0x00, 0x00, 0x01, 0x6b, 0x65, 0x72, 0x6e, 0x00, 0x08, 0x00, 0x00, 0x00, 0x01, 0x00, 0x00, 0x00, 0x01, 
    0x00, 0x04, 0x00, 0x02, 0x00, 0x00, 0x00, 0x02, 0x00, 0x0a, 0x02, 0x14, 0x00, 0x01, 0x00, 0x42, 0x00, 0x04, 0x00, 0x00, 
    0x00, 0x1c, 0x00, 0x7e, 0x00, 0x84, 0x00, 0x84, 0x00, 0x8a, 0x00, 0x98, 0x00, 0x9e, 0x00, 0xac, 0x00, 0xba, 0x00, 0xc4, 
    0x01, 0x06, 0x01, 0x0c, 0x01, 0x12, 0x01, 0x18, 0x01, 0x2a, 0x01, 0x38, 0x01, 0x46, 0x01, 0x58, 0x01, 0x6a, 0x01, 0x8c, 
    0x01, 0x92, 0x01, 0x9c, 0x01, 0xc6, 0x01, 0xdc, 0x01, 0xea, 0x01, 0xfa, 0x01, 0xf0, 0x01, 0xfa, 0x02, 0x00, 0x00, 0x01, 
    0x00, 0x1c, 0x00, 0x01, 0x00, 0x03, 0x00, 0x08, 0x00, 0x09, 0x00, 0x10, 0x00, 0x22, 0x00, 0x24, 0x00, 0x26, 0x00, 0x27, 
    0x00, 0x2c, 0x00, 0x2d, 0x00, 0x31, 0x00, 0x32, 0x00, 0x33, 0x00, 0x35, 0x00, 0x37, 0x00, 0x38, 0x00, 0x3a, 0x00, 0x3b, 
    0x00, 0x3c, 0x00, 0x47, 0x00, 0x4c, 0x00, 0x53, 0x00, 0x55, 0x00, 0x57, 0x00, 0x58, 0x00, 0x5a, 0x00, 0x5c, 0x00, 0x01, 
    0x00, 0x35, 0xff, 0xc4, 0x00, 0x01, 0x00, 0x58, 0x00, 0x0b, 0x00, 0x03, 0x00, 0x37, 0x00, 0x14, 0x00, 0x38, 0x00, 0x26, 
    0x00, 0x3a, 0x00, 0x16, 0x00, 0x01, 0x00, 0x10, 0xff, 0x08, 0x00, 0x03, 0x00, 0x20, 0xff, 0xaf, 0x00, 0x55, 0xff, 0xef, 
    0x00, 0x58, 0xff, 0xdf, 0x00, 0x03, 0x00, 0x0a, 0xff, 0xe6, 0x00, 0x3e, 0xff, 0xf4, 0x00, 0x5e, 0xff, 0xef, 0x00, 0x02, 
    0x00, 0x47, 0xff, 0xee, 0x00, 0x58, 0xff, 0xea, 0x00, 0x10, 0x00, 0x0d, 0xfe, 0xee, 0x00, 0x0f, 0xfe, 0xee, 0x00, 0x22, 
    0xff, 0x40, 0x00, 0x2b, 0xff, 0x30, 0x00, 0x35, 0x00, 0x14, 0x00, 0x42, 0xff, 0xde, 0x00, 0x44, 0xff, 0xeb, 0x00, 0x45, 
    0xff, 0xeb, 0x00, 0x46, 0xff, 0xeb, 0x00, 0x48, 0xff, 0xeb, 0x00, 0x50, 0xff, 0xeb, 0x00, 0x52, 0xff, 0xeb, 0x00, 0x53, 
    0xff, 0xe6, 0x00, 0x56, 0xff, 0xea, 0x00, 0x57, 0xff, 0xe8, 0x00, 0x5a, 0xff, 0xe8, 0x00, 0x01, 0x00, 0x58, 0xff, 0xc1, 
    0x00, 0x01, 0x00, 0x58, 0xff, 0xcc, 0x00, 0x01, 0x00, 0x55, 0x00, 0x0e, 0x00, 0x04, 0x00, 0x35, 0xff, 0xdf, 0x00, 0x37, 
    0xff, 0xe4, 0x00, 0x38, 0xff, 0xec, 0x00, 0x3a, 0xff, 0xdd, 0x00, 0x03, 0x00, 0x35, 0xff, 0xce, 0x00, 0x37, 0xff, 0xed, 
    0x00, 0x3a, 0xff, 0xd0, 0x00, 0x03, 0x00, 0x01, 0xff, 0xc4, 0x00, 0x53, 0xff, 0xbf, 0x00, 0x58, 0xff, 0xd1, 0x00, 0x04, 
    0x00, 0x0a, 0x00, 0x14, 0x00, 0x3e, 0x00, 0x11, 0x00, 0x53, 0xff, 0xe2, 0x00, 0x5e, 0x00, 0x13, 0x00, 0x04, 0x00, 0x0a, 
    0x00, 0x0f, 0x00, 0x3e, 0x00, 0x0c, 0x00, 0x53, 0xff, 0xeb, 0x00, 0x5e, 0x00, 0x0e, 0x00, 0x08, 0x00, 0x07, 0xff, 0xe2, 
    0x00, 0x0a, 0x00, 0x14, 0x00, 0x0b, 0xff, 0xcf, 0x00, 0x3e, 0x00, 0x12, 0x00, 0x47, 0xff, 0xea, 0x00, 0x53, 0xff, 0xd8, 
    0x00, 0x55, 0xff, 0xea, 0x00, 0x5e, 0x00, 0x13, 0x00, 0x01, 0x00, 0x58, 0xff, 0xe5, 0x00, 0x02, 0x00, 0x2b, 0xff, 0xee, 
    0x00, 0x36, 0xff, 0xee, 0x00, 0x0a, 0x00, 0x03, 0x00, 0x10, 0x00, 0x08, 0x00, 0x10, 0x00, 0x0a, 0x00, 0x14, 0x00, 0x3e, 
    0x00, 0x12, 0x00, 0x44, 0xff, 0xe8, 0x00, 0x45, 0xff, 0xe8, 0x00, 0x46, 0xff, 0xe8, 0x00, 0x48, 0xff, 0xe8, 0x00, 0x52, 
    0xff, 0xe8, 0x00, 0x5e, 0x00, 0x13, 0x00, 0x05, 0x00, 0x44, 0xff, 0xec, 0x00, 0x45, 0xff, 0xec, 0x00, 0x46, 0xff, 0xec, 
    0x00, 0x48, 0xff, 0xec, 0x00, 0x52, 0xff, 0xec, 0x00, 0x03, 0x00, 0x47, 0x00, 0x14, 0x00, 0x55, 0x00, 0x32, 0x00, 0x58, 
    0x00, 0x11, 0x00, 0x01, 0x00, 0x50, 0xff, 0xe2, 0x00, 0x02, 0x00, 0x0d, 0xff, 0x84, 0x00, 0x0f, 0xff, 0x84, 0x00, 0x01, 
    0x00, 0x47, 0x00, 0x0d, 0x00, 0x02, 0x00, 0x2b, 0xff, 0xec, 0x00, 0x36, 0xff, 0xec, 0x00, 0x02, 0x05, 0x50, 0x00, 0x04, 
    0x00, 0x00, 0x05, 0xa2, 0x06, 0x5a, 0x00, 0x1c, 0x00, 0x18, 0x00, 0x00, 0x00, 0x00, 0x00, 0x00, 0x00, 0x00, 0x00, 0x00, 
    0x00, 0x00, 0x00, 0x12, 0x00, 0x00, 0x00, 0x00, 0x00, 0x00, 0xff, 0xe3, 0xff, 0xe4, 0x00, 0x00, 0x00, 0x00, 0x00, 0x00, 
    0x00, 0x11, 0x00, 0x00, 0x00, 0x00, 0x00, 0x00, 0x00, 0x00, 0x00, 0x00, 0x00, 0x00, 0x00, 0x00, 0x00, 0x00, 0x00, 0x00, 
    0x00, 0x00, 0x00, 0x00, 0x00, 0x00, 0x00, 0x00, 0x00, 0x00, 0xff, 0xeb, 0x00, 0x00, 0x00, 0x00, 0x00, 0x00, 0xff, 0xab, 
    0xff, 0xd5, 0x00, 0x00, 0x00, 0x00, 0x00, 0x00, 0xff, 0xea, 0xff, 0xe9, 0x00, 0x00, 0x00, 0x00, 0x00, 0x00, 0xff, 0x86, 
    0xff, 0xea, 0x00, 0x00, 0x00, 0x00, 0x00, 0x00, 0x00, 0x00, 0xff, 0xeb, 0xff, 0xd0, 0xff, 0xf4, 0xff, 0xf5, 0x00, 0x00, 
    0x00, 0x00, 0xff, 0xce, 0xff, 0xef, 0xff, 0x88, 0xff, 0x6a, 0x00, 0x00, 0x00, 0x0c, 0x00, 0x00, 0x00, 0x00, 0x00, 0x00, 
    0xff, 0x88, 0x00, 0x00, 0xff, 0xd9, 0x00, 0x00, 0xff, 0xb3, 0x00, 0x00, 0x00, 0x00, 0x00, 0x00, 0x00, 0x00, 0x00, 0x00, 
    0x00, 0x00, 0x00, 0x00, 0x00, 0x00, 0x00, 0x00, 0x00, 0x00, 0xff, 0xf1, 0x00, 0x00, 0x00, 0x00, 0x00, 0x00, 0x00, 0x00, 
    0xff, 0xf0, 0x00, 0x00, 0x00, 0x00, 0x00, 0x00, 0xff, 0xa8, 0xff, 0xeb, 0x00, 0x00, 0x00, 0x00, 0x00, 0x00, 0x00, 0x00, 
    0x00, 0x00, 0x00, 0x00, 0x00, 0x00, 0x00, 0x00, 0x00, 0x00, 0x00, 0x00, 0x00, 0x00, 0x00, 0x00, 0x00, 0x00, 0x00, 0x00, 
    0x00, 0x00, 0x00, 0x00, 0x00, 0x00, 0x00, 0x00, 0x00, 0x00, 0x00, 0x00, 0x00, 0x00, 0x00, 0x00, 0xff, 0xb0, 0x00, 0x00, 
    0x00, 0x00, 0x00, 0x00, 0x00, 0x00, 0x00, 0x00, 0x00, 0x00, 0x00, 0x00, 0xff, 0xed, 0x00, 0x00, 0x00, 0x00, 0xff, 0xed, 
    0xff, 0xef, 0x00, 0x00, 0x00, 0x00, 0xff, 0xe6, 0x00, 0x00, 0x00, 0x14, 0x00, 0x00, 0x00, 0x00, 0x00, 0x00, 0x00, 0x00, 
    0x00, 0x00, 0x00, 0x00, 0x00, 0x00, 0x00, 0x00, 0x00, 0x00, 0x00, 0x00, 0x00, 0x00, 0x00, 0x00, 0x00, 0x00, 0x00, 0x00, 
    0x00, 0x00, 0x00, 0x00, 0x00, 0x00, 0x00, 0x00, 0x00, 0x00, 0x00, 0x00, 0x00, 0x00, 0xff, 0xf1, 0x00, 0x00, 0x00, 0x00, 
    0x00, 0x00, 0x00, 0x00, 0x00, 0x00, 0x00, 0x00, 0x00, 0x00, 0x00, 0x00, 0xff, 0xef, 0x00, 0x00, 0x00, 0x00, 0x00, 0x00, 
    0x00, 0x00, 0x00, 0x00, 0x00, 0x00, 0x00, 0x00, 0x00, 0x00, 0x00, 0x00, 0x00, 0x00, 0x00, 0x00, 0x00, 0x00, 0x00, 0x00, 
    0x00, 0x00, 0xff, 0xf5, 0x00, 0x00, 0x00, 0x00, 0x00, 0x00, 0x00, 0x00, 0xff, 0xf1, 0x00, 0x00, 0x00, 0x00, 0x00, 0x00, 
    0xff, 0xe3, 0xff, 0xf1, 0x00, 0x00, 0x00, 0x00, 0x00, 0x00, 0x00, 0x00, 0x00, 0x00, 0x00, 0x00, 0x00, 0x00, 0x00, 0x00, 
    0x00, 0x00, 0x00, 0x00, 0x00, 0x00, 0x00, 0x00, 0x00, 0x00, 0xff, 0xf3, 0x00, 0x00, 0x00, 0x00, 0x00, 0x00, 0x00, 0x00, 
    0x00, 0x00, 0x00, 0x00, 0x00, 0x00, 0x00, 0x00, 0xff, 0xf2, 0x00, 0x00, 0x00, 0x00, 0x00, 0x00, 0x00, 0x00, 0x00, 0x00, 
    0x00, 0x00, 0x00, 0x00, 0xff, 0xf3, 0x00, 0x00, 0x00, 0x00, 0xff, 0xf1, 0x00, 0x00, 0x00, 0x00, 0xff, 0xf1, 0x00, 0x00, 
    0x00, 0x00, 0x00, 0x00, 0x00, 0x00, 0x00, 0x00, 0x00, 0x00, 0x00, 0x00, 0x00, 0x00, 0x00, 0x00, 0x00, 0x0f, 0x00, 0x00, 
    0x00, 0x00, 0xff, 0x59, 0x00, 0x00, 0x00, 0x00, 0x00, 0x00, 0x00, 0x00, 0x00, 0x00, 0x00, 0x00, 0x00, 0x00, 0x00, 0x00, 
    0x00, 0x00, 0xff, 0xea, 0x00, 0x00, 0x00, 0x00, 0x00, 0x00, 0x00, 0x00, 0x00, 0x00, 0x00, 0x00, 0x00, 0x00, 0x00, 0x00, 
    0x00, 0x00, 0x00, 0x00, 0x00, 0x00, 0x00, 0x00, 0x00, 0x00, 0x00, 0x00, 0x00, 0x00, 0x00, 0x00, 0x00, 0x00, 0x00, 0x00, 
    0xff, 0xe6, 0xff, 0xe1, 0x00, 0x00, 0xff, 0xe5, 0xff, 0xe9, 0x00, 0x00, 0x00, 0x00, 0xff, 0xd8, 0x00, 0x00, 0x00, 0x00, 
    0x00, 0x00, 0x00, 0x00, 0x00, 0x00, 0x00, 0x00, 0x00, 0x00, 0x00, 0x00, 0x00, 0x00, 0x00, 0x00, 0x00, 0x00, 0x00, 0x00, 
    0x00, 0x00, 0xff, 0x5c, 0x00, 0x00, 0x00, 0x00, 0xff, 0xbf, 0xff, 0xe3, 0xff, 0xd8, 0xff, 0xbf, 0xff, 0xd9, 0xff, 0x6a, 
    0xff, 0xc1, 0xff, 0xec, 0xff, 0xa0, 0x00, 0x11, 0x00, 0x12, 0xff, 0xc6, 0xff, 0xe2, 0xff, 0xf0, 0x00, 0x0d, 0x00, 0x00, 
    0x00, 0x00, 0xff, 0xe9, 0x00, 0x11, 0xff, 0x19, 0x00, 0x12, 0xff, 0x68, 0xff, 0xa0, 0x00, 0x00, 0xff, 0xa7, 0xff, 0xe4, 
    0xff, 0xa7, 0xff, 0x30, 0xff, 0xbf, 0xff, 0x88, 0xff, 0x58, 0xff, 0xae, 0x00, 0x00, 0x00, 0x10, 0x00, 0x10, 0xff, 0xb4, 
    0xff, 0xc4, 0xff, 0xf0, 0x00, 0x00, 0x00, 0x00, 0x00, 0x00, 0xff, 0xb3, 0x00, 0x0f, 0xfe, 0xfe, 0x00, 0x10, 0xfe, 0xf0, 
    0xff, 0x28, 0x00, 0x00, 0xff, 0xf0, 0x00, 0x00, 0x00, 0x00, 0xff, 0xf0, 0x00, 0x00, 0x00, 0x00, 0x00, 0x00, 0x00, 0x00, 
    0x00, 0x00, 0x00, 0x00, 0x00, 0x00, 0x00, 0x00, 0x00, 0x00, 0x00, 0x00, 0x00, 0x00, 0x00, 0x00, 0x00, 0x00, 0x00, 0x00, 
    0x00, 0x00, 0x00, 0x00, 0x00, 0x00, 0x00, 0x00, 0x00, 0x00, 0x00, 0x00, 0xff, 0xeb, 0xff, 0xe6, 0x00, 0x00, 0xff, 0xeb, 
    0xff, 0xed, 0x00, 0x0d, 0x00, 0x00, 0xff, 0xe5, 0x00, 0x00, 0x00, 0x00, 0x00, 0x00, 0x00, 0x00, 0x00, 0x00, 0x00, 0x00, 
    0x00, 0x00, 0x00, 0x00, 0x00, 0x00, 0x00, 0x00, 0x00, 0x00, 0x00, 0x00, 0x00, 0x00, 0x00, 0x00, 0x00, 0x00, 0x00, 0x00, 
    0xff, 0xe6, 0xff, 0xe7, 0x00, 0x00, 0xff, 0xeb, 0xff, 0xeb, 0x00, 0x00, 0x00, 0x00, 0xff, 0xe1, 0x00, 0x00, 0x00, 0x00, 
    0x00, 0x00, 0x00, 0x00, 0x00, 0x00, 0x00, 0x00, 0x00, 0x00, 0x00, 0x00, 0x00, 0x00, 0x00, 0x00, 0x00, 0x00, 0x00, 0x00, 
    0x00, 0x0e, 0xff, 0x64, 0x00, 0x00, 0x00, 0x00, 0x00, 0x00, 0x00, 0x00, 0x00, 0x00, 0x00, 0x00, 0x00, 0x00, 0x00, 0x00, 
    0x00, 0x00, 0x00, 0x00, 0x00, 0x00, 0xff, 0xe3, 0x00, 0x00, 0x00, 0x00, 0x00, 0x00, 0x00, 0x00, 0x00, 0x00, 0x00, 0x00, 
    0x00, 0x00, 0x00, 0x00, 0x00, 0x00, 0x00, 0x00, 0x00, 0x00, 0x00, 0x00, 0x00, 0x00, 0x00, 0x00, 0xff, 0xec, 0x00, 0x00, 
    0x00, 0x00, 0xff, 0xd8, 0x00, 0x00, 0x00, 0x00, 0x00, 0x00, 0x00, 0x00, 0x00, 0x00, 0x00, 0x00, 0x00, 0x00, 0x00, 0x00, 
    0x00, 0x00, 0x00, 0x00, 0x00, 0x00, 0x00, 0x00, 0x00, 0x00, 0x00, 0x00, 0x00, 0x00, 0x00, 0x00, 0x00, 0x00, 0x00, 0x00, 
    0x00, 0x00, 0x00, 0x00, 0xff, 0xed, 0x00, 0x00, 0x00, 0x00, 0xff, 0xdc, 0x00, 0x00, 0x00, 0x00, 0xff, 0xe2, 0x00, 0x12, 
    0x00, 0x00, 0x00, 0x00, 0x00, 0x00, 0x00, 0x00, 0x00, 0x00, 0x00, 0x00, 0x00, 0x00, 0x00, 0x00, 0x00, 0x10, 0x00, 0x00, 
    0x00, 0x00, 0xff, 0x53, 0x00, 0x00, 0x00, 0x00, 0x00, 0x00, 0x00, 0x00, 0xff, 0xf3, 0x00, 0x00, 0x00, 0x00, 0xff, 0xf3, 
    0x00, 0x00, 0xff, 0x4e, 0xff, 0xf5, 0x00, 0x0f, 0x00, 0x00, 0x00, 0x00, 0x00, 0x00, 0x00, 0x00, 0x00, 0x00, 0x00, 0x00, 
    0xff, 0xcd, 0xff, 0xdc, 0x00, 0x00, 0x00, 0x00, 0x00, 0x00, 0xfe, 0x6c, 0x00, 0x00, 0x00, 0x00, 0xff, 0x48, 0x00, 0x00, 
    0x00, 0x00, 0x00, 0x00, 0x00, 0x00, 0x00, 0x00, 0x00, 0x00, 0x00, 0x00, 0x00, 0x00, 0x00, 0x00, 0x00, 0x00, 0x00, 0x00, 
    0x00, 0x00, 0x00, 0x00, 0x00, 0x00, 0x00, 0x00, 0x00, 0x00, 0x00, 0x00, 0xff, 0xf5, 0x00, 0x00, 0x00, 0x00, 0x00, 0x00, 
    0x00, 0x00, 0x00, 0x00, 0x00, 0x00, 0x00, 0x00, 0x00, 0x00, 0xff, 0xc0, 0x00, 0x00, 0x00, 0x00, 0xff, 0xf2, 0x00, 0x13, 
    0x00, 0x00, 0xff, 0x85, 0xff, 0xe8, 0xff, 0x33, 0xfe, 0xe9, 0x00, 0x00, 0x00, 0x00, 0x00, 0x00, 0x00, 0x00, 0x00, 0x00, 
    0xfe, 0xe0, 0x00, 0x00, 0xff, 0xa3, 0x00, 0x00, 0xff, 0x32, 0x00, 0x00, 0x00, 0x00, 0x00, 0x00, 0xff, 0xc5, 0x00, 0x00, 
    0xff, 0xec, 0xff, 0xa5, 0x00, 0x00, 0xff, 0x88, 0xff, 0xce, 0x00, 0x00, 0x00, 0x00, 0x00, 0x00, 0x00, 0x00, 0xff, 0xa4, 
    0x00, 0x00, 0x00, 0x00, 0x00, 0x00, 0x00, 0x00, 0xff, 0xdb, 0x00, 0x00, 0x00, 0x00, 0x00, 0x00, 0x00, 0x00, 0x00, 0x00, 
    0x00, 0x00, 0x00, 0x00, 0xff, 0xe1, 0x00, 0x00, 0x00, 0x00, 0xff, 0xe1, 0xff, 0xed, 0xff, 0xd5, 0xff, 0xdf, 0x00, 0x00, 
    0x00, 0x00, 0x00, 0x0e, 0x00, 0x00, 0x00, 0x00, 0x00, 0x00, 0x00, 0x00, 0x00, 0x00, 0x00, 0x00, 0x00, 0x00, 0x00, 0x00, 
    0x00, 0x00, 0xff, 0x71, 0x00, 0x00, 0xff, 0xc4, 0x00, 0x00, 0x00, 0x00, 0x00, 0x00, 0x00, 0x00, 0x00, 0x00, 0x00, 0x00, 
    0x00, 0x00, 0x00, 0x00, 0x00, 0x00, 0x00, 0x00, 0x00, 0x00, 0xff, 0xe5, 0xff, 0xc9, 0x00, 0x00, 0x00, 0x00, 0x00, 0x00, 
    0x00, 0x00, 0x00, 0x00, 0x00, 0x00, 0x00, 0x00, 0x00, 0x00, 0x00, 0x00, 0xff, 0xe8, 0x00, 0x00, 0x00, 0x00, 0x00, 0x00, 
    0xff, 0xd4, 0xff, 0xf3, 0x00, 0x00, 0xff, 0xd2, 0xff, 0xe4, 0xff, 0xb5, 0xff, 0xd2, 0xff, 0xf5, 0x00, 0x00, 0x00, 0x00, 
    0x00, 0x00, 0x00, 0x00, 0x00, 0x00, 0x00, 0x00, 0x00, 0x00, 0x00, 0x00, 0x00, 0x00, 0x00, 0x00, 0x00, 0x00, 0xff, 0x29, 
    0x00, 0x00, 0xff, 0x63, 0x00, 0x00, 0x00, 0x00, 0x00, 0x00, 0x00, 0x00, 0x00, 0x00, 0x00, 0x00, 0x00, 0x00, 0x00, 0x00, 
    0x00, 0x00, 0x00, 0x00, 0x00, 0x00, 0x00, 0x00, 0x00, 0x00, 0x00, 0x00, 0x00, 0x00, 0x00, 0x00, 0x00, 0x00, 0x00, 0x00, 
    0xfe, 0xe3, 0x00, 0x00, 0x00, 0x00, 0x00, 0x00, 0x00, 0x00, 0x00, 0x00, 0x00, 0x00, 0x00, 0x01, 0x00, 0x27, 0x00, 0x03, 
    0x00, 0x08, 0x00, 0x0d, 0x00, 0x0f, 0x00, 0x22, 0x00, 0x23, 0x00, 0x24, 0x00, 0x25, 0x00, 0x26, 0x00, 0x29, 0x00, 0x2a, 
    0x00, 0x2b, 0x00, 0x2c, 0x00, 0x2d, 0x00, 0x2e, 0x00, 0x2f, 0x00, 0x30, 0x00, 0x31, 0x00, 0x35, 0x00, 0x36, 0x00, 0x37, 
    0x00, 0x38, 0x00, 0x39, 0x00, 0x3a, 0x00, 0x3b, 0x00, 0x42, 0x00, 0x43, 0x00, 0x44, 0x00, 0x46, 0x00, 0x49, 0x00, 0x4e, 
    0x00, 0x4f, 0x00, 0x50, 0x00, 0x51, 0x00, 0x53, 0x00, 0x57, 0x00, 0x59, 0x00, 0x5a, 0x00, 0x5b, 0x00, 0x01, 0x00, 0x03, 
    0x00, 0x59, 0x00, 0x17, 0x00, 0x00, 0x00, 0x00, 0x00, 0x00, 0x00, 0x00, 0x00, 0x17, 0x00, 0x00, 0x00, 0x00, 0x00, 0x00, 
    0x00, 0x00, 0x00, 0x1b, 0x00, 0x00, 0x00, 0x1b, 0x00, 0x00, 0x00, 0x00, 0x00, 0x00, 0x00, 0x00, 0x00, 0x00, 0x00, 0x00, 
    0x00, 0x00, 0x00, 0x00, 0x00, 0x00, 0x00, 0x00, 0x00, 0x00, 0x00, 0x00, 0x00, 0x00, 0x00, 0x00, 0x00, 0x00, 0x00, 0x00, 
    0x00, 0x00, 0x00, 0x00, 0x00, 0x02, 0x00, 0x19, 0x00, 0x11, 0x00, 0x01, 0x00, 0x05, 0x00, 0x00, 0x00, 0x00, 0x00, 0x00, 
    0x00, 0x00, 0x00, 0x0a, 0x00, 0x0b, 0x00, 0x16, 0x00, 0x00, 0x00, 0x00, 0x00, 0x01, 0x00, 0x14, 0x00, 0x00, 0x00, 0x00, 
    0x00, 0x00, 0x00, 0x0d, 0x00, 0x0a, 0x00, 0x1a, 0x00, 0x18, 0x00, 0x10, 0x00, 0x0c, 0x00, 0x0f, 0x00, 0x00, 0x00, 0x00, 
    0x00, 0x00, 0x00, 0x00, 0x00, 0x00, 0x00, 0x00, 0x00, 0x06, 0x00, 0x07, 0x00, 0x15, 0x00, 0x00, 0x00, 0x08, 0x00, 0x00, 
    0x00, 0x00, 0x00, 0x04, 0x00, 0x00, 0x00, 0x00, 0x00, 0x00, 0x00, 0x00, 0x00, 0x04, 0x00, 0x04, 0x00, 0x03, 0x00, 0x07, 
    0x00, 0x00, 0x00, 0x13, 0x00, 0x00, 0x00, 0x00, 0x00, 0x00, 0x00, 0x09, 0x00, 0x00, 0x00, 0x12, 0x00, 0x09, 0x00, 0x0e, 
    0x00, 0x01, 0x00, 0x03, 0x00, 0x59, 0x00, 0x11, 0x00, 0x00, 0x00, 0x00, 0x00, 0x00, 0x00, 0x00, 0x00, 0x11, 0x00, 0x00, 
    0x00, 0x00, 0x00, 0x00, 0x00, 0x00, 0x00, 0x14, 0x00, 0x16, 0x00, 0x14, 0x00, 0x00, 0x00, 0x00, 0x00, 0x00, 0x00, 0x00, 
    0x00, 0x00, 0x00, 0x00, 0x00, 0x00, 0x00, 0x00, 0x00, 0x00, 0x00, 0x00, 0x00, 0x00, 0x00, 0x00, 0x00, 0x00, 0x00, 0x00, 
    0x00, 0x00, 0x00, 0x00, 0x00, 0x00, 0x00, 0x00, 0x00, 0x06, 0x00, 0x00, 0x00, 0x02, 0x00, 0x00, 0x00, 0x00, 0x00, 0x00, 
    0x00, 0x02, 0x00, 0x00, 0x00, 0x00, 0x00, 0x17, 0x00, 0x00, 0x00, 0x00, 0x00, 0x00, 0x00, 0x00, 0x00, 0x02, 0x00, 0x00, 
    0x00, 0x02, 0x00, 0x00, 0x00, 0x0e, 0x00, 0x0a, 0x00, 0x09, 0x00, 0x15, 0x00, 0x13, 0x00, 0x0f, 0x00, 0x0b, 0x00, 0x10, 
    0x00, 0x00, 0x00, 0x00, 0x00, 0x00, 0x00, 0x00, 0x00, 0x00, 0x00, 0x00, 0x00, 0x07, 0x00, 0x00, 0x00, 0x01, 0x00, 0x01, 
    0x00, 0x01, 0x00, 0x00, 0x00, 0x01, 0x00, 0x00, 0x00, 0x00, 0x00, 0x00, 0x00, 0x00, 0x00, 0x00, 0x00, 0x03, 0x00, 0x03, 
    0x00, 0x04, 0x00, 0x03, 0x00, 0x01, 0x00, 0x00, 0x00, 0x0c, 0x00, 0x00, 0x00, 0x05, 0x00, 0x08, 0x00, 0x00, 0x00, 0x12, 
    0x00, 0x08, 0x00, 0x0d, 0x00, 0x01, 0x00, 0x00, 0x00, 0x0a, 0x00, 0x8c, 0x00, 0xe2, 0x00, 0x04, 0x44, 0x46, 0x4c, 0x54, 
    0x00, 0x1a, 0x63, 0x79, 0x72, 0x6c, 0x00, 0x1a, 0x67, 0x72, 0x65, 0x6b, 0x00, 0x1a, 0x6c, 0x61, 0x74, 0x6e, 0x00, 0x2a, 
    0x00, 0x04, 0x00, 0x00, 0x00, 0x00, 0xff, 0xff, 0x00, 0x03, 0x00, 0x00, 0x00, 0x01, 0x00, 0x05, 0x00, 0x2e, 0x00, 0x07, 
    0x41, 0x5a, 0x45, 0x20, 0x00, 0x4a, 0x43, 0x52, 0x54, 0x20, 0x00, 0x4a, 0x46, 0x52, 0x41, 0x20, 0x00, 0x3c, 0x4d, 0x4f, 
    0x4c, 0x20, 0x00, 0x3c, 0x4e, 0x41, 0x56, 0x20, 0x00, 0x3c, 0x52, 0x4f, 0x4d, 0x20, 0x00, 0x3c, 0x54, 0x52, 0x4b, 0x20, 
    0x00, 0x4a, 0x00, 0x00, 0xff, 0xff, 0x00, 0x04, 0x00, 0x00, 0x00, 0x01, 0x00, 0x04, 0x00, 0x05, 0x00, 0x00, 0xff, 0xff, 
    0x00, 0x04, 0x00, 0x00, 0x00, 0x01, 0x00, 0x03, 0x00, 0x05, 0x00, 0x00, 0xff, 0xff, 0x00, 0x04, 0x00, 0x00, 0x00, 0x01, 
    0x00, 0x02, 0x00, 0x05, 0x00, 0x06, 0x64, 0x6e, 0x6f, 0x6d, 0x00, 0x26, 0x66, 0x72, 0x61, 0x63, 0x00, 0x2c, 0x6c, 0x69, 
    0x67, 0x61, 0x00, 0x36, 0x6c, 0x69, 0x67, 0x61, 0x00, 0x3c, 0x6c, 0x69, 0x67, 0x61, 0x00, 0x48, 0x6e, 0x75, 0x6d, 0x72, 
    0x00, 0x50, 0x00, 0x00, 0x00, 0x01, 0x00, 0x04, 0x00, 0x00, 0x00, 0x03, 0x00, 0x02, 0x00, 0x03, 0x00, 0x05, 0x00, 0x00, 
    0x00, 0x01, 0x00, 0x01, 0x00, 0x00, 0x00, 0x04, 0x00, 0x00, 0x00, 0x01, 0x00, 0x00, 0x00, 0x01, 0x00, 0x00, 0x00, 0x02, 
    0x00, 0x00, 0x00, 0x01, 0x00, 0x00, 0x00, 0x01, 0x00, 0x05, 0x00, 0x06, 0x00, 0x0e, 0x00, 0x32, 0x00, 0x5c, 0x00, 0x70, 
    0x00, 0x9a, 0x00, 0xbc, 0x00, 0x04, 0x00, 0x00, 0x00, 0x01, 0x00, 0x08, 0x00, 0x01, 0x00, 0x40, 0x00, 0x01, 0x00, 0x08, 
    0x00, 0x02, 0x00, 0x06, 0x00, 0x0e, 0x00, 0x67, 0x00, 0x03, 0x00, 0x47, 0x00, 0x4a, 0x00, 0x65, 0x00, 0x02, 0x00, 0x4a, 
    0x00, 0x04, 0x00, 0x00, 0x00, 0x01, 0x00, 0x08, 0x00, 0x01, 0x00, 0x1c, 0x00, 0x01, 0x00, 0x08, 0x00, 0x02, 0x00, 0x06, 
    0x00, 0x0e, 0x00, 0x68, 0x00, 0x03, 0x00, 0x47, 0x00, 0x4d, 0x00, 0x66, 0x00, 0x02, 0x00, 0x4d, 0x00, 0x01, 0x00, 0x01, 
    0x00, 0x47, 0x00, 0x01, 0x00, 0x00, 0x00, 0x01, 0x00, 0x08, 0x00, 0x01, 0x00, 0x06, 0x00, 0x54, 0x00, 0x01, 0x00, 0x01, 
    0x00, 0x10, 0x00, 0x06, 0x00, 0x00, 0x00, 0x01, 0x00, 0x08, 0x00, 0x03, 0x00, 0x01, 0x00, 0x12, 0x00, 0x01, 0x00, 0x66, 
    0x00, 0x00, 0x00, 0x01, 0x00, 0x00, 0x00, 0x04, 0x00, 0x02, 0x00, 0x02, 0x00, 0x64, 0x00, 0x64, 0x00, 0x00, 0x00, 0x69, 
    0x00, 0x72, 0x00, 0x01, 0x00, 0x01, 0x00, 0x00, 0x00, 0x01, 0x00, 0x08, 0x00, 0x02, 0x00, 0x3c, 0x00, 0x0a, 0x00, 0x6b, 
    0x00, 0x6a, 0x00, 0x69, 0x00, 0x6c, 0x00, 0x6d, 0x00, 0x6e, 0x00, 0x6f, 0x00, 0x70, 0x00, 0x71, 0x00, 0x72, 0x00, 0x01, 
    0x00, 0x00, 0x00, 0x01, 0x00, 0x08, 0x00, 0x02, 0x00, 0x1a, 0x00, 0x0a, 0x00, 0x73, 0x00, 0x63, 0x00, 0x61, 0x00, 0x62, 
    0x00, 0x74, 0x00, 0x75, 0x00, 0x76, 0x00, 0x77, 0x00, 0x78, 0x00, 0x79, 0x00, 0x02, 0x00, 0x01, 0x00, 0x11, 0x00, 0x1a, 
    0x00, 0x00, 0x00, 0x00, 
};

size_t ttffont_medium_size = sizeof(ttffont_medium);

const uint8_t ttffont_mdi[] = {
    0x00, 0x01, 0x00, 0x00, 0x00, 0x0b, 0x00, 0x80, 0x00, 0x03, 0x00, 0x30, 0x47, 0x53, 0x55, 0x42, 0xb8, 0xfa, 0xb8, 0xf4, 
    0x00, 0x00, 0x10, 0xc0, 0x00, 0x00, 0x00, 0x2a, 0x4f, 0x53, 0x2f, 0x32, 0x4f, 0xb3, 0x5b, 0xd3, 0x00, 0x00, 0x01, 0x38, 
    0x00, 0x00, 0x00, 0x56, 0x63, 0x6d, 0x61, 0x70, 0x00, 0xff, 0xb3, 0xf3, 0x00, 0x00, 0x01, 0xbc, 0x00, 0x00, 0x00, 0x84, 
    0x67, 0x6c, 0x79, 0x66, 0x7e, 0x6a, 0x6c, 0x98, 0x00, 0x00, 0x02, 0x68, 0x00, 0x00, 0x0d, 0x74, 0x68, 0x65, 0x61, 0x64, 
    0xc0, 0xe1, 0xe2, 0x08, 0x00, 0x00, 0x00, 0xbc, 0x00, 0x00, 0x00, 0x36, 0x68, 0x68, 0x65, 0x61, 0x03, 0x98, 0x01, 0xed, 
    0x00, 0x00, 0x00, 0xf4, 0x00, 0x00, 0x00, 0x24, 0x68, 0x6d, 0x74, 0x78, 0x02, 0x00, 0x00, 0x00, 0x00, 0x00, 0x01, 0x90, 
    0x00, 0x00, 0x00, 0x2a, 0x6c, 0x6f, 0x63, 0x61, 0x1d, 0xb2, 0x20, 0xd3, 0x00, 0x00, 0x02, 0x40, 0x00, 0x00, 0x00, 0x28, 
    0x6d, 0x61, 0x78, 0x70, 0x01, 0x25, 0x00, 0x8e, 0x00, 0x00, 0x01, 0x18, 0x00, 0x00, 0x00, 0x20, 0x6e, 0x61, 0x6d, 0x65, 
    0x0b, 0xcc, 0x24, 0x14, 0x00, 0x00, 0x0f, 0xdc, 0x00, 0x00, 0x00, 0xc2, 0x70, 0x6f, 0x73, 0x74, 0x00, 0x08, 0x00, 0x00, 
    0x00, 0x00, 0x10, 0xa0, 0x00, 0x00, 0x00, 0x20, 0x00, 0x01, 0x00, 0x00, 0x00, 0x01, 0x00, 0x00, 0x6b, 0xc9, 0x4d, 0x0b, 
    0x5f, 0x0f, 0x3c, 0xf5, 0x00, 0x09, 0x02, 0x00, 0x00, 0x00, 0x00, 0x00, 0x7c, 0x25, 0x9d, 0xc0, 0x00, 0x00, 0x00, 0x00, 
    0xe3, 0x9c, 0x03, 0xdc, 0x00, 0x15, 0xff, 0xc0, 0x01, 0xee, 0x01, 0xaf, 0x00, 0x00, 0x00, 0x08, 0x00, 0x02, 0x00, 0x00, 
    0x00, 0x00, 0x00, 0x00, 0x00, 0x01, 0x00, 0x00, 0x01, 0xc0, 0xff, 0xc0, 0x00, 0x00, 0x02, 0x00, 0x00, 0x00, 0x00, 0x2a, 
    0x01, 0xd6, 0x00, 0x01, 0x00, 0x00, 0x00, 0x00, 0x00, 0x00, 0x00, 0x00, 0x00, 0x00, 0x00, 0x00, 0x00, 0x00, 0x00, 0x02, 
    0x00, 0x01, 0x00, 0x00, 0x00, 0x13, 0x00, 0x82, 0x00, 0x08, 0x00, 0x00, 0x00, 0x00, 0x00, 0x02, 0x00, 0x00, 0x00, 0x0a, 
    0x00, 0x0a, 0x00, 0x00, 0x00, 0xff, 0x00, 0x00, 0x00, 0x00, 0x00, 0x00, 0x00, 0x01, 0x02, 0x00, 0x01, 0x90, 0x00, 0x05, 
    0x00, 0x00, 0x01, 0x44, 0x01, 0x66, 0x00, 0x00, 0x00, 0x47, 0x01, 0x44, 0x01, 0x66, 0x00, 0x00, 0x00, 0xf5, 0x00, 0x19, 
    0x00, 0x84, 0x00, 0x00, 0x02, 0x00, 0x05, 0x03, 0x00, 0x00, 0x00, 0x00, 0x00, 0x00, 0x00, 0x00, 0x00, 0x00, 0x00, 0x00, 
    0x00, 0x00, 0x00, 0x00, 0x00, 0x00, 0x00, 0x00, 0x00, 0x00, 0x50, 0x66, 0x45, 0x64, 0x00, 0x40, 0xff, 0xff, 0xff, 0xff, 
    0x01, 0xc0, 0xff, 0xc0, 0x00, 0x2e, 0x01, 0xc5, 0x00, 0x42, 0x00, 0x00, 0x00, 0x01, 0x00, 0x00, 0x00, 0x00, 0x00, 0x00, 
    0x00, 0x00, 0x00, 0x00, 0x02, 0x00, 0x00, 0x00, 0x00, 0x00, 0x00, 0x00, 0x00, 0x00, 0x00, 0x00, 0x00, 0x00, 0x00, 0x00, 
    0x00, 0x00, 0x00, 0x00, 0x00, 0x00, 0x00, 0x00, 0x00, 0x00, 0x00, 0x00, 0x00, 0x00, 0x00, 0x00, 0x00, 0x00, 0x00, 0x00, 
    0x00, 0x00, 0x00, 0x00, 0x00, 0x00, 0x00, 0x02, 0x00, 0x00, 0x00, 0x04, 0x00, 0x00, 0x00, 0x14, 0x00, 0x03, 0x00, 0x0a, 
    0x00, 0x00, 0x00, 0x14, 0x00, 0x0c, 0x00, 0x00, 0x00, 0x00, 0x00, 0x70, 0x00, 0x00, 0x00, 0x00, 0x00, 0x00, 0x00, 0x08, 
    0x00, 0x0f, 0x04, 0x2b, 0x00, 0x0f, 0x04, 0x2b, 0x00, 0x00, 0x00, 0x01, 0x00, 0x0f, 0x05, 0x0f, 0x00, 0x0f, 0x05, 0x0f, 
    0x00, 0x00, 0x00, 0x02, 0x00, 0x0f, 0x05, 0x8e, 0x00, 0x0f, 0x05, 0x8e, 0x00, 0x00, 0x00, 0x03, 0x00, 0x0f, 0x05, 0x90, 
    0x00, 0x0f, 0x05, 0x99, 0x00, 0x00, 0x00, 0x04, 0x00, 0x0f, 0x0f, 0x31, 0x00, 0x0f, 0x0f, 0x31, 0x00, 0x00, 0x00, 0x0e, 
    0x00, 0x0f, 0x0f, 0x33, 0x00, 0x0f, 0x0f, 0x33, 0x00, 0x00, 0x00, 0x0f, 0x00, 0x0f, 0x10, 0xc2, 0x00, 0x0f, 0x10, 0xc3, 
    0x00, 0x00, 0x00, 0x10, 0x00, 0x0f, 0x15, 0xfa, 0x00, 0x0f, 0x15, 0xfa, 0x00, 0x00, 0x00, 0x12, 0x00, 0x00, 0x00, 0x00, 
    0x00, 0x55, 0x00, 0x7d, 0x00, 0xc1, 0x00, 0xff, 0x01, 0x74, 0x01, 0xe2, 0x02, 0x37, 0x02, 0x94, 0x03, 0x17, 0x03, 0xa4, 
    0x04, 0x19, 0x04, 0xa0, 0x04, 0xf9, 0x05, 0x80, 0x06, 0x3d, 0x06, 0x63, 0x06, 0x8b, 0x06, 0xba, 0x00, 0x06, 0x00, 0x2b, 
    0xff, 0xeb, 0x01, 0xd5, 0x01, 0x95, 0x00, 0x08, 0x00, 0x16, 0x00, 0x2a, 0x00, 0x2e, 0x00, 0x32, 0x00, 0x36, 0x00, 0x00, 
    0x01, 0x32, 0x36, 0x34, 0x26, 0x22, 0x06, 0x14, 0x16, 0x37, 0x32, 0x16, 0x15, 0x15, 0x23, 0x35, 0x21, 0x15, 0x23, 0x35, 
    0x34, 0x36, 0x33, 0x01, 0x14, 0x07, 0x07, 0x06, 0x22, 0x27, 0x27, 0x26, 0x35, 0x35, 0x34, 0x37, 0x37, 0x36, 0x32, 0x17, 
    0x17, 0x16, 0x15, 0x27, 0x07, 0x17, 0x37, 0x07, 0x17, 0x35, 0x27, 0x17, 0x35, 0x07, 0x15, 0x01, 0x95, 0x09, 0x0d, 0x0d, 
    0x12, 0x0c, 0x0c, 0x09, 0x1b, 0x25, 0x55, 0xff, 0x00, 0x55, 0x25, 0x1b, 0x01, 0x15, 0x0b, 0x69, 0x05, 0x0e, 0x05, 0x69, 
    0x0b, 0x0b, 0x69, 0x05, 0x0e, 0x05, 0x69, 0x0b, 0x80, 0x3f, 0x3f, 0x3f, 0x94, 0x40, 0x40, 0xaa, 0x40, 0x01, 0x40, 0x0c, 
    0x12, 0x0d, 0x0d, 0x12, 0x0c, 0x55, 0x25, 0x1b, 0x80, 0x56, 0x56, 0x80, 0x1b, 0x25, 0xfe, 0xa6, 0x0d, 0x06, 0x39, 0x04, 
    0x04, 0x39, 0x06, 0x0d, 0x70, 0x0c, 0x06, 0x34, 0x04, 0x04, 0x34, 0x06, 0x0c, 0x1c, 0x1c, 0x22, 0x22, 0x64, 0x23, 0x40, 
    0x22, 0x3f, 0x3f, 0x22, 0x40, 0x00, 0x00, 0x02, 0x00, 0x90, 0xff, 0xeb, 0x01, 0x70, 0x01, 0x95, 0x00, 0x0f, 0x00, 0x18, 
    0x00, 0x00, 0x25, 0x35, 0x34, 0x26, 0x22, 0x06, 0x15, 0x15, 0x06, 0x06, 0x16, 0x16, 0x32, 0x36, 0x36, 0x26, 0x27, 0x32, 
    0x16, 0x15, 0x15, 0x23, 0x35, 0x34, 0x36, 0x01, 0x40, 0x25, 0x36, 0x25, 0x1c, 0x14, 0x16, 0x38, 0x44, 0x38, 0x16, 0x14, 
    0x5c, 0x09, 0x0c, 0x2a, 0x0c, 0xab, 0xaa, 0x1b, 0x25, 0x25, 0x1b, 0xaa, 0x15, 0x42, 0x41, 0x28, 0x28, 0x41, 0x42, 0xd5, 
    0x0d, 0x09, 0x40, 0x40, 0x09, 0x0d, 0x00, 0x04, 0x00, 0x80, 0x00, 0x15, 0x01, 0x80, 0x01, 0x7b, 0x00, 0x13, 0x00, 0x17, 
    0x00, 0x20, 0x00, 0x29, 0x00, 0x00, 0x01, 0x06, 0x07, 0x06, 0x07, 0x06, 0x07, 0x06, 0x15, 0x14, 0x16, 0x16, 0x32, 0x36, 
    0x36, 0x35, 0x34, 0x27, 0x26, 0x27, 0x17, 0x17, 0x07, 0x27, 0x37, 0x32, 0x16, 0x14, 0x06, 0x22, 0x26, 0x34, 0x36, 0x17, 
    0x32, 0x16, 0x14, 0x06, 0x22, 0x26, 0x34, 0x36, 0x01, 0x00, 0x0a, 0x0a, 0x18, 0x14, 0x1c, 0x10, 0x14, 0x22, 0x3b, 0x46, 
    0x3b, 0x22, 0x40, 0x20, 0x20, 0x35, 0x16, 0x80, 0x16, 0x1b, 0x0b, 0x10, 0x10, 0x16, 0x10, 0x10, 0x6b, 0x0b, 0x10, 0x10, 
    0x16, 0x10, 0x10, 0x01, 0x7b, 0x0c, 0x0c, 0x1e, 0x1d, 0x29, 0x22, 0x2a, 0x1e, 0x22, 0x3b, 0x23, 0x23, 0x3b, 0x22, 0x36, 
    0x5d, 0x2f, 0x24, 0x90, 0x16, 0x80, 0x16, 0x80, 0x10, 0x16, 0x10, 0x10, 0x16, 0x10, 0x60, 0x10, 0x16, 0x10, 0x10, 0x16, 
    0x10, 0x00, 0x00, 0x02, 0x00, 0x15, 0x00, 0x2b, 0x01, 0xeb, 0x01, 0x55, 0x00, 0x14, 0x00, 0x2a, 0x00, 0x00, 0x37, 0x22, 
    0x26, 0x26, 0x34, 0x36, 0x36, 0x33, 0x36, 0x36, 0x33, 0x32, 0x16, 0x16, 0x17, 0x33, 0x32, 0x16, 0x14, 0x06, 0x23, 0x35, 
    0x23, 0x35, 0x34, 0x26, 0x26, 0x23, 0x22, 0x06, 0x07, 0x26, 0x23, 0x22, 0x06, 0x14, 0x16, 0x33, 0x21, 0x32, 0x36, 0x34, 
    0x26, 0x80, 0x1d, 0x31, 0x1d, 0x1d, 0x31, 0x1d, 0x10, 0x45, 0x2b, 0x24, 0x3e, 0x26, 0x03, 0x0a, 0x24, 0x32, 0x32, 0x24, 
    0x2a, 0x1d, 0x31, 0x1d, 0x28, 0x3b, 0x06, 0x0c, 0x0b, 0x1b, 0x25, 0x25, 0x1b, 0x01, 0x15, 0x12, 0x19, 0x19, 0x2b, 0x1c, 
    0x31, 0x3a, 0x31, 0x1d, 0x26, 0x2f, 0x22, 0x3b, 0x23, 0x32, 0x46, 0x32, 0x80, 0x15, 0x1d, 0x31, 0x1d, 0x33, 0x27, 0x04, 
    0x25, 0x35, 0x26, 0x19, 0x24, 0x19, 0x00, 0x05, 0x00, 0x15, 0x00, 0x00, 0x01, 0xeb, 0x01, 0x80, 0x00, 0x0b, 0x00, 0x17, 
    0x00, 0x3c, 0x00, 0x48, 0x00, 0x54, 0x00, 0x00, 0x37, 0x33, 0x32, 0x16, 0x14, 0x06, 0x23, 0x23, 0x22, 0x26, 0x34, 0x36, 
    0x21, 0x33, 0x32, 0x16, 0x14, 0x06, 0x23, 0x23, 0x22, 0x26, 0x34, 0x36, 0x25, 0x34, 0x36, 0x36, 0x33, 0x36, 0x36, 0x33, 
    0x32, 0x16, 0x16, 0x17, 0x37, 0x32, 0x16, 0x17, 0x23, 0x34, 0x26, 0x23, 0x23, 0x35, 0x34, 0x26, 0x26, 0x23, 0x22, 0x06, 
    0x07, 0x26, 0x23, 0x22, 0x06, 0x15, 0x14, 0x17, 0x23, 0x17, 0x33, 0x32, 0x16, 0x14, 0x06, 0x23, 0x23, 0x22, 0x26, 0x34, 
    0x36, 0x33, 0x21, 0x32, 0x16, 0x14, 0x06, 0x23, 0x21, 0x22, 0x26, 0x34, 0x36, 0x40, 0xd5, 0x09, 0x0d, 0x0d, 0x09, 0xd5, 
    0x09, 0x0c, 0x0c, 0x01, 0x1e, 0x6b, 0x09, 0x0c, 0x0c, 0x09, 0x6b, 0x09, 0x0c, 0x0c, 0xfe, 0xc9, 0x1d, 0x31, 0x1d, 0x10, 
    0x45, 0x2b, 0x24, 0x3e, 0x26, 0x03, 0x0a, 0x23, 0x32, 0x01, 0x2b, 0x19, 0x12, 0x2a, 0x1d, 0x31, 0x1d, 0x28, 0x3b, 0x06, 
    0x0c, 0x0b, 0x1b, 0x25, 0x04, 0x2d, 0x29, 0x2b, 0x09, 0x0c, 0x0c, 0x09, 0x2b, 0x09, 0x0c, 0x0c, 0x74, 0x01, 0x15, 0x09, 
    0x0c, 0x0c, 0x09, 0xfe, 0xeb, 0x09, 0x0d, 0x0d, 0x80, 0x0c, 0x12, 0x0d, 0x0d, 0x12, 0x0c, 0x0c, 0x12, 0x0d, 0x0d, 0x12, 
    0x0c, 0x40, 0x1d, 0x31, 0x1d, 0x26, 0x2f, 0x22, 0x3b, 0x24, 0x01, 0x32, 0x23, 0x11, 0x19, 0x16, 0x1d, 0x31, 0x1c, 0x33, 
    0x26, 0x04, 0x25, 0x1b, 0x0b, 0x0a, 0x80, 0x0d, 0x12, 0x0c, 0x0c, 0x12, 0x0d, 0x0d, 0x12, 0x0c, 0x0c, 0x12, 0x0d, 0x00, 
    0x00, 0x04, 0x00, 0x15, 0xff, 0xeb, 0x01, 0xeb, 0x01, 0x95, 0x00, 0x34, 0x00, 0x3d, 0x00, 0x46, 0x00, 0x4f, 0x00, 0x00, 
    0x37, 0x32, 0x16, 0x14, 0x06, 0x23, 0x22, 0x26, 0x26, 0x34, 0x36, 0x36, 0x33, 0x36, 0x36, 0x33, 0x32, 0x16, 0x16, 0x17, 
    0x33, 0x32, 0x16, 0x14, 0x06, 0x23, 0x23, 0x22, 0x26, 0x34, 0x36, 0x33, 0x33, 0x32, 0x36, 0x34, 0x26, 0x23, 0x23, 0x35, 
    0x34, 0x26, 0x26, 0x23, 0x22, 0x06, 0x07, 0x26, 0x23, 0x22, 0x06, 0x14, 0x16, 0x17, 0x32, 0x16, 0x14, 0x06, 0x22, 0x26, 
    0x34, 0x36, 0x37, 0x32, 0x16, 0x14, 0x06, 0x22, 0x26, 0x34, 0x36, 0x27, 0x32, 0x16, 0x14, 0x06, 0x22, 0x26, 0x34, 0x36, 
    0x80, 0x09, 0x0c, 0x0c, 0x09, 0x1d, 0x31, 0x1d, 0x1d, 0x31, 0x1d, 0x10, 0x45, 0x2b, 0x24, 0x3e, 0x26, 0x03, 0x0a, 0x24, 
    0x32, 0x32, 0x24, 0x15, 0x09, 0x0c, 0x0c, 0x09, 0x15, 0x12, 0x19, 0x19, 0x12, 0x2a, 0x1d, 0x31, 0x1d, 0x28, 0x3b, 0x06, 
    0x0c, 0x0b, 0x1b, 0x25, 0x25, 0x70, 0x12, 0x19, 0x19, 0x23, 0x19, 0x19, 0x71, 0x0e, 0x12, 0x12, 0x1b, 0x13, 0x13, 0x48, 
    0x0d, 0x13, 0x13, 0x1a, 0x13, 0x13, 0x95, 0x0c, 0x12, 0x0c, 0x1c, 0x31, 0x3a, 0x31, 0x1d, 0x26, 0x2f, 0x22, 0x3b, 0x23, 
    0x32, 0x46, 0x32, 0x0c, 0x12, 0x0c, 0x19, 0x24, 0x19, 0x15, 0x1d, 0x31, 0x1d, 0x33, 0x27, 0x04, 0x25, 0x35, 0x26, 0x55, 
    0x19, 0x23, 0x19, 0x19, 0x23, 0x19, 0x2b, 0x13, 0x1b, 0x12, 0x12, 0x1b, 0x13, 0x55, 0x13, 0x1a, 0x13, 0x13, 0x1a, 0x13, 
    0x00, 0x02, 0x00, 0x15, 0xff, 0xeb, 0x01, 0xeb, 0x01, 0x95, 0x00, 0x36, 0x00, 0x3d, 0x00, 0x00, 0x37, 0x22, 0x26, 0x26, 
    0x34, 0x36, 0x36, 0x33, 0x36, 0x36, 0x33, 0x32, 0x16, 0x16, 0x17, 0x33, 0x32, 0x16, 0x14, 0x06, 0x23, 0x23, 0x22, 0x26, 
    0x34, 0x36, 0x33, 0x33, 0x32, 0x36, 0x34, 0x26, 0x23, 0x23, 0x35, 0x34, 0x26, 0x26, 0x23, 0x22, 0x06, 0x07, 0x26, 0x23, 
    0x22, 0x06, 0x14, 0x16, 0x33, 0x33, 0x32, 0x16, 0x14, 0x06, 0x23, 0x37, 0x33, 0x07, 0x33, 0x07, 0x37, 0x23, 0x80, 0x1d, 
    0x31, 0x1d, 0x1d, 0x31, 0x1d, 0x10, 0x45, 0x2b, 0x24, 0x3e, 0x26, 0x03, 0x0a, 0x24, 0x32, 0x32, 0x24, 0x15, 0x09, 0x0c, 
    0x0c, 0x09, 0x15, 0x12, 0x19, 0x19, 0x12, 0x2a, 0x1d, 0x31, 0x1d, 0x28, 0x3b, 0x06, 0x0c, 0x0b, 0x1b, 0x25, 0x25, 0x1b, 
    0x15, 0x09, 0x0d, 0x0d, 0x09, 0x6b, 0x40, 0x2b, 0x2b, 0x50, 0x10, 0x35, 0x6b, 0x1c, 0x31, 0x3a, 0x31, 0x1d, 0x26, 0x2f, 
    0x22, 0x3b, 0x23, 0x32, 0x46, 0x32, 0x0c, 0x12, 0x0c, 0x19, 0x24, 0x19, 0x15, 0x1d, 0x31, 0x1d, 0x33, 0x27, 0x04, 0x25, 
    0x35, 0x26, 0x0c, 0x12, 0x0c, 0x6a, 0x55, 0x95, 0x6a, 0x00, 0x00, 0x04, 0x00, 0x24, 0xff, 0xe3, 0x01, 0xc5, 0x01, 0xab, 
    0x00, 0x09, 0x00, 0x13, 0x00, 0x2b, 0x00, 0x37, 0x00, 0x00, 0x01, 0x07, 0x17, 0x27, 0x07, 0x37, 0x27, 0x37, 0x37, 0x17, 
    0x17, 0x07, 0x17, 0x27, 0x07, 0x37, 0x27, 0x37, 0x37, 0x17, 0x07, 0x36, 0x16, 0x16, 0x07, 0x06, 0x07, 0x06, 0x06, 0x2e, 
    0x02, 0x36, 0x37, 0x36, 0x37, 0x36, 0x16, 0x16, 0x07, 0x06, 0x1e, 0x02, 0x17, 0x2e, 0x03, 0x27, 0x06, 0x06, 0x1e, 0x02, 
    0x36, 0x01, 0x7b, 0x36, 0x13, 0x38, 0x38, 0x13, 0x36, 0x44, 0x17, 0x17, 0x8e, 0x23, 0x0d, 0x24, 0x25, 0x0d, 0x23, 0x2c, 
    0x0f, 0x0e, 0x04, 0x08, 0x11, 0x05, 0x05, 0x0b, 0x0c, 0x29, 0x6e, 0x6e, 0x52, 0x1c, 0x1c, 0x29, 0x0d, 0x0e, 0x08, 0x14, 
    0x0d, 0x01, 0x04, 0x1f, 0x45, 0x5a, 0x0c, 0x2e, 0x57, 0x44, 0x26, 0x02, 0x1e, 0x13, 0x18, 0x3f, 0x54, 0x56, 0x01, 0x69, 
    0x2a, 0x41, 0x27, 0x27, 0x41, 0x2a, 0x02, 0x40, 0x40, 0x96, 0x1a, 0x2b, 0x19, 0x19, 0x2b, 0x1a, 0x01, 0x2a, 0x2a, 0x6a, 
    0x01, 0x0e, 0x13, 0x08, 0x10, 0x0b, 0x29, 0x1d, 0x1d, 0x52, 0x6e, 0x6e, 0x29, 0x0d, 0x0a, 0x05, 0x06, 0x10, 0x09, 0x2e, 
    0x5a, 0x45, 0x20, 0x26, 0x02, 0x26, 0x44, 0x56, 0x2e, 0x21, 0x55, 0x54, 0x3f, 0x18, 0x13, 0x00, 0x00, 0x07, 0x00, 0x17, 
    0xff, 0xeb, 0x01, 0xd5, 0x01, 0x99, 0x00, 0x1b, 0x00, 0x29, 0x00, 0x2f, 0x00, 0x35, 0x00, 0x3b, 0x00, 0x41, 0x00, 0x54, 
    0x00, 0x00, 0x01, 0x16, 0x16, 0x07, 0x16, 0x16, 0x15, 0x15, 0x36, 0x33, 0x32, 0x16, 0x14, 0x06, 0x23, 0x21, 0x22, 0x26, 
    0x34, 0x36, 0x33, 0x33, 0x26, 0x26, 0x37, 0x3e, 0x02, 0x17, 0x26, 0x06, 0x07, 0x06, 0x16, 0x17, 0x36, 0x36, 0x33, 0x32, 
    0x17, 0x26, 0x26, 0x37, 0x26, 0x27, 0x37, 0x17, 0x26, 0x07, 0x06, 0x07, 0x37, 0x17, 0x06, 0x17, 0x26, 0x27, 0x17, 0x07, 
    0x36, 0x05, 0x16, 0x17, 0x27, 0x37, 0x06, 0x05, 0x23, 0x35, 0x34, 0x26, 0x22, 0x06, 0x15, 0x23, 0x22, 0x06, 0x14, 0x16, 
    0x33, 0x21, 0x32, 0x36, 0x34, 0x26, 0x01, 0x10, 0x25, 0x26, 0x07, 0x14, 0x18, 0x0a, 0x0b, 0x1b, 0x25, 0x25, 0x1b, 0xfe, 
    0xeb, 0x23, 0x32, 0x32, 0x23, 0x06, 0x15, 0x0a, 0x0e, 0x0d, 0x33, 0x3e, 0x0c, 0x1d, 0x3a, 0x0c, 0x07, 0x01, 0x08, 0x12, 
    0x33, 0x1d, 0x16, 0x15, 0x01, 0x18, 0x0f, 0x11, 0x13, 0x36, 0x13, 0x11, 0xb3, 0x10, 0x0c, 0x03, 0x3f, 0x14, 0xec, 0x03, 
    0x06, 0x33, 0x2c, 0x04, 0xfe, 0xbf, 0x02, 0x06, 0x32, 0x2b, 0x03, 0x01, 0x56, 0x40, 0x32, 0x46, 0x32, 0x2b, 0x12, 0x19, 
    0x19, 0x12, 0x01, 0x15, 0x09, 0x0d, 0x0d, 0x01, 0x4b, 0x10, 0x48, 0x27, 0x12, 0x33, 0x1c, 0x04, 0x04, 0x26, 0x35, 0x25, 
    0x32, 0x46, 0x32, 0x1a, 0x42, 0x1f, 0x1d, 0x24, 0x07, 0x34, 0x0d, 0x16, 0x1c, 0x10, 0x23, 0x0f, 0x15, 0x19, 0x08, 0x15, 
    0x23, 0x57, 0x08, 0x03, 0x1c, 0x3d, 0x0d, 0x08, 0x0b, 0x0e, 0x3c, 0x0f, 0x06, 0x7e, 0x14, 0x10, 0x20, 0x2f, 0x14, 0x0b, 
    0x13, 0x11, 0x20, 0x2f, 0x16, 0xa4, 0x2b, 0x23, 0x32, 0x32, 0x23, 0x19, 0x24, 0x19, 0x0d, 0x12, 0x0c, 0x00, 0x00, 0x04, 
    0x00, 0x15, 0xff, 0xf0, 0x01, 0xeb, 0x01, 0x95, 0x00, 0x0c, 0x00, 0x19, 0x00, 0x26, 0x00, 0x5f, 0x00, 0x00, 0x37, 0x16, 
    0x16, 0x07, 0x07, 0x06, 0x06, 0x26, 0x26, 0x37, 0x37, 0x36, 0x36, 0x17, 0x16, 0x16, 0x07, 0x07, 0x06, 0x06, 0x26, 0x26, 
    0x37, 0x37, 0x36, 0x36, 0x17, 0x16, 0x16, 0x07, 0x07, 0x06, 0x06, 0x26, 0x26, 0x37, 0x37, 0x36, 0x36, 0x37, 0x35, 0x34, 
    0x26, 0x26, 0x23, 0x22, 0x06, 0x07, 0x26, 0x23, 0x22, 0x06, 0x15, 0x14, 0x16, 0x17, 0x31, 0x16, 0x16, 0x06, 0x06, 0x27, 
    0x31, 0x26, 0x26, 0x34, 0x36, 0x36, 0x33, 0x36, 0x36, 0x33, 0x32, 0x16, 0x16, 0x17, 0x33, 0x32, 0x16, 0x15, 0x14, 0x06, 
    0x07, 0x31, 0x06, 0x26, 0x26, 0x36, 0x37, 0x31, 0x36, 0x36, 0x35, 0x34, 0x26, 0x23, 0xc0, 0x08, 0x09, 0x02, 0x1c, 0x02, 
    0x0f, 0x11, 0x09, 0x03, 0x1b, 0x02, 0x0f, 0x5e, 0x09, 0x09, 0x03, 0x2c, 0x02, 0x0f, 0x11, 0x09, 0x02, 0x2c, 0x03, 0x0f, 
    0x5e, 0x08, 0x09, 0x02, 0x1c, 0x02, 0x0f, 0x12, 0x08, 0x02, 0x1c, 0x02, 0x0f, 0x09, 0x1d, 0x31, 0x1d, 0x28, 0x3b, 0x06, 
    0x0c, 0x0b, 0x1b, 0x25, 0x11, 0x0f, 0x08, 0x04, 0x09, 0x10, 0x08, 0x19, 0x1d, 0x1d, 0x31, 0x1d, 0x10, 0x45, 0x2b, 0x24, 
    0x3e, 0x26, 0x03, 0x0a, 0x24, 0x32, 0x17, 0x14, 0x08, 0x11, 0x09, 0x05, 0x08, 0x09, 0x0c, 0x19, 0x12, 0xc0, 0x02, 0x10, 
    0x08, 0x67, 0x09, 0x08, 0x04, 0x0f, 0x09, 0x67, 0x08, 0x09, 0x02, 0x02, 0x10, 0x08, 0xa5, 0x09, 0x08, 0x04, 0x10, 0x08, 
    0xa5, 0x08, 0x09, 0x02, 0x02, 0x10, 0x08, 0x67, 0x09, 0x08, 0x04, 0x0f, 0x09, 0x67, 0x08, 0x09, 0x29, 0x15, 0x1d, 0x31, 
    0x1d, 0x33, 0x27, 0x04, 0x25, 0x1b, 0x11, 0x1e, 0x08, 0x04, 0x12, 0x0f, 0x04, 0x04, 0x0e, 0x31, 0x3a, 0x31, 0x1d, 0x26, 
    0x2f, 0x22, 0x3b, 0x23, 0x32, 0x23, 0x18, 0x27, 0x0b, 0x04, 0x04, 0x10, 0x11, 0x04, 0x06, 0x13, 0x0c, 0x12, 0x19, 0x00, 
    0x00, 0x03, 0x00, 0x15, 0xff, 0xeb, 0x01, 0xeb, 0x01, 0x95, 0x00, 0x34, 0x00, 0x40, 0x00, 0x54, 0x00, 0x00, 0x37, 0x32, 
    0x16, 0x14, 0x06, 0x23, 0x22, 0x26, 0x26, 0x34, 0x36, 0x36, 0x33, 0x36, 0x36, 0x33, 0x32, 0x16, 0x16, 0x17, 0x37, 0x32, 
    0x16, 0x14, 0x06, 0x23, 0x23, 0x22, 0x26, 0x34, 0x36, 0x33, 0x33, 0x32, 0x36, 0x34, 0x26, 0x23, 0x23, 0x35, 0x34, 0x26, 
    0x26, 0x23, 0x22, 0x06, 0x07, 0x26, 0x23, 0x22, 0x06, 0x14, 0x16, 0x17, 0x16, 0x17, 0x16, 0x15, 0x14, 0x06, 0x22, 0x26, 
    0x35, 0x34, 0x37, 0x37, 0x07, 0x07, 0x06, 0x07, 0x06, 0x07, 0x06, 0x15, 0x14, 0x16, 0x32, 0x36, 0x35, 0x34, 0x27, 0x26, 
    0x26, 0x27, 0x31, 0x80, 0x09, 0x0c, 0x0c, 0x09, 0x1d, 0x31, 0x1d, 0x1d, 0x31, 0x1d, 0x10, 0x45, 0x2b, 0x24, 0x3e, 0x26, 
    0x03, 0x0a, 0x24, 0x32, 0x32, 0x24, 0x15, 0x09, 0x0c, 0x0c, 0x09, 0x15, 0x12, 0x19, 0x19, 0x12, 0x2a, 0x1d, 0x31, 0x1d, 
    0x28, 0x3b, 0x06, 0x0b, 0x0c, 0x1b, 0x25, 0x25, 0x9b, 0x05, 0x07, 0x1f, 0x19, 0x24, 0x19, 0x1f, 0x0c, 0x0b, 0x0b, 0x0e, 
    0x0b, 0x12, 0x08, 0x0c, 0x32, 0x46, 0x32, 0x0c, 0x08, 0x24, 0x12, 0x95, 0x0d, 0x11, 0x0d, 0x1d, 0x31, 0x3a, 0x31, 0x1c, 
    0x27, 0x2f, 0x23, 0x3a, 0x24, 0x01, 0x32, 0x47, 0x32, 0x0d, 0x11, 0x0d, 0x19, 0x23, 0x19, 0x15, 0x1d, 0x31, 0x1d, 0x33, 
    0x26, 0x04, 0x26, 0x35, 0x25, 0x03, 0x07, 0x0a, 0x2b, 0x16, 0x12, 0x19, 0x19, 0x12, 0x16, 0x2b, 0x54, 0x0c, 0x0e, 0x11, 
    0x11, 0x19, 0x12, 0x19, 0x15, 0x23, 0x32, 0x32, 0x23, 0x15, 0x19, 0x12, 0x34, 0x15, 0x00, 0x02, 0x00, 0x15, 0xff, 0xd7, 
    0x01, 0xeb, 0x01, 0x95, 0x00, 0x34, 0x00, 0x5e, 0x00, 0x00, 0x37, 0x32, 0x16, 0x14, 0x06, 0x23, 0x22, 0x26, 0x26, 0x34, 
    0x36, 0x36, 0x33, 0x36, 0x36, 0x33, 0x32, 0x16, 0x16, 0x17, 0x33, 0x32, 0x16, 0x14, 0x06, 0x23, 0x23, 0x22, 0x26, 0x34, 
    0x36, 0x33, 0x33, 0x32, 0x36, 0x34, 0x26, 0x23, 0x23, 0x35, 0x34, 0x26, 0x26, 0x23, 0x22, 0x06, 0x07, 0x26, 0x23, 0x22, 
    0x06, 0x14, 0x16, 0x17, 0x37, 0x27, 0x26, 0x34, 0x36, 0x32, 0x17, 0x17, 0x37, 0x36, 0x36, 0x16, 0x16, 0x07, 0x07, 0x37, 
    0x36, 0x16, 0x16, 0x06, 0x07, 0x07, 0x17, 0x16, 0x14, 0x06, 0x22, 0x27, 0x27, 0x07, 0x06, 0x06, 0x26, 0x26, 0x37, 0x37, 
    0x07, 0x06, 0x26, 0x26, 0x36, 0x80, 0x09, 0x0c, 0x0c, 0x09, 0x1d, 0x31, 0x1d, 0x1d, 0x31, 0x1d, 0x10, 0x45, 0x2b, 0x24, 
    0x3e, 0x26, 0x03, 0x0a, 0x24, 0x32, 0x32, 0x24, 0x15, 0x09, 0x0c, 0x0c, 0x09, 0x15, 0x12, 0x19, 0x19, 0x12, 0x2a, 0x1d, 
    0x31, 0x1d, 0x28, 0x3b, 0x06, 0x0c, 0x0b, 0x1b, 0x25, 0x25, 0x43, 0x2f, 0x23, 0x06, 0x0d, 0x12, 0x06, 0x22, 0x0c, 0x03, 
    0x0f, 0x11, 0x09, 0x02, 0x0d, 0x2f, 0x08, 0x10, 0x04, 0x09, 0x08, 0x2f, 0x23, 0x06, 0x0d, 0x12, 0x06, 0x22, 0x0c, 0x03, 
    0x0f, 0x11, 0x09, 0x02, 0x0d, 0x2f, 0x08, 0x10, 0x04, 0x09, 0x95, 0x0c, 0x12, 0x0c, 0x1c, 0x31, 0x3a, 0x31, 0x1d, 0x26, 
    0x2f, 0x22, 0x3b, 0x23, 0x32, 0x46, 0x32, 0x0c, 0x12, 0x0c, 0x19, 0x24, 0x19, 0x15, 0x1d, 0x31, 0x1d, 0x33, 0x27, 0x04, 
    0x25, 0x35, 0x26, 0x56, 0x0c, 0x22, 0x06, 0x12, 0x0d, 0x06, 0x23, 0x2f, 0x08, 0x09, 0x04, 0x10, 0x08, 0x2f, 0x0d, 0x02, 
    0x09, 0x11, 0x0f, 0x03, 0x0c, 0x22, 0x06, 0x12, 0x0d, 0x06, 0x23, 0x2f, 0x08, 0x09, 0x04, 0x10, 0x08, 0x2f, 0x0d, 0x02, 
    0x09, 0x11, 0x0f, 0x00, 0x00, 0x08, 0x00, 0x47, 0xff, 0xeb, 0x01, 0xb9, 0x01, 0x95, 0x00, 0x0c, 0x00, 0x15, 0x00, 0x1a, 
    0x00, 0x1f, 0x00, 0x24, 0x00, 0x29, 0x00, 0x2e, 0x00, 0x33, 0x00, 0x00, 0x01, 0x32, 0x16, 0x16, 0x14, 0x06, 0x06, 0x22, 
    0x26, 0x26, 0x34, 0x36, 0x36, 0x17, 0x22, 0x06, 0x14, 0x16, 0x32, 0x36, 0x34, 0x26, 0x27, 0x17, 0x26, 0x22, 0x07, 0x07, 
    0x37, 0x06, 0x06, 0x07, 0x07, 0x37, 0x16, 0x16, 0x17, 0x25, 0x07, 0x26, 0x26, 0x27, 0x17, 0x07, 0x36, 0x36, 0x37, 0x07, 
    0x27, 0x16, 0x32, 0x37, 0x01, 0x00, 0x1d, 0x31, 0x1d, 0x1d, 0x31, 0x3a, 0x31, 0x1d, 0x1d, 0x31, 0x1d, 0x1b, 0x25, 0x25, 
    0x36, 0x25, 0x25, 0x1b, 0x33, 0x19, 0x34, 0x19, 0x86, 0x59, 0x14, 0x1a, 0x05, 0x25, 0x25, 0x05, 0x1a, 0x14, 0x01, 0x19, 
    0x26, 0x05, 0x1a, 0x14, 0x58, 0x58, 0x14, 0x1a, 0x05, 0x93, 0x33, 0x19, 0x33, 0x1a, 0x01, 0x2b, 0x1d, 0x31, 0x3a, 0x31, 
    0x1d, 0x1d, 0x31, 0x3a, 0x31, 0x1d, 0x2b, 0x25, 0x36, 0x25, 0x25, 0x36, 0x25, 0x95, 0x49, 0x09, 0x09, 0x21, 0x07, 0x11, 
    0x2c, 0x1b, 0x85, 0x51, 0x1a, 0x2d, 0x12, 0xde, 0x51, 0x1a, 0x2e, 0x10, 0xdd, 0x07, 0x11, 0x2d, 0x1a, 0xbb, 0x49, 0x09, 
    0x09, 0x00, 0x00, 0x03, 0x00, 0x2b, 0xff, 0xeb, 0x01, 0xee, 0x01, 0xab, 0x00, 0x2d, 0x00, 0x51, 0x00, 0x5d, 0x00, 0x00, 
    0x25, 0x06, 0x23, 0x22, 0x26, 0x27, 0x26, 0x26, 0x37, 0x34, 0x26, 0x23, 0x22, 0x07, 0x06, 0x07, 0x06, 0x06, 0x17, 0x06, 
    0x06, 0x07, 0x27, 0x22, 0x06, 0x14, 0x16, 0x33, 0x21, 0x32, 0x36, 0x34, 0x26, 0x23, 0x22, 0x07, 0x37, 0x34, 0x27, 0x36, 
    0x37, 0x36, 0x37, 0x36, 0x26, 0x23, 0x07, 0x32, 0x16, 0x14, 0x06, 0x23, 0x21, 0x22, 0x26, 0x34, 0x36, 0x33, 0x33, 0x35, 
    0x34, 0x36, 0x37, 0x36, 0x37, 0x36, 0x32, 0x17, 0x16, 0x17, 0x16, 0x17, 0x17, 0x16, 0x1f, 0x04, 0x16, 0x15, 0x15, 0x37, 
    0x26, 0x26, 0x23, 0x23, 0x26, 0x34, 0x37, 0x16, 0x16, 0x17, 0x06, 0x01, 0xd5, 0x08, 0x07, 0x20, 0x3b, 0x18, 0x1a, 0x18, 
    0x04, 0x0e, 0x08, 0x04, 0x04, 0x0c, 0x09, 0x24, 0x11, 0x15, 0x19, 0x23, 0x07, 0x0f, 0x23, 0x32, 0x32, 0x23, 0x01, 0x15, 
    0x1b, 0x25, 0x25, 0x1b, 0x12, 0x0f, 0x01, 0x01, 0x3a, 0x29, 0x07, 0x0a, 0x06, 0x0e, 0x0a, 0x41, 0x09, 0x0d, 0x0d, 0x09, 
    0xfe, 0xeb, 0x12, 0x19, 0x19, 0x12, 0x35, 0x1d, 0x17, 0x06, 0x05, 0x08, 0x0a, 0x08, 0x02, 0x03, 0x05, 0x03, 0x05, 0x04, 
    0x03, 0x05, 0x0a, 0x09, 0x06, 0x06, 0x1c, 0x0f, 0x37, 0x21, 0x03, 0x0f, 0x0f, 0x0c, 0x59, 0x3d, 0x19, 0xe5, 0x01, 0x18, 
    0x17, 0x1a, 0x45, 0x23, 0x08, 0x0e, 0x03, 0x09, 0x08, 0x25, 0x64, 0x2d, 0x0b, 0x28, 0x1a, 0x01, 0x32, 0x46, 0x32, 0x25, 
    0x35, 0x26, 0x0a, 0x14, 0x0a, 0x05, 0x05, 0x29, 0x07, 0x0e, 0x08, 0x16, 0xa5, 0x0c, 0x12, 0x0d, 0x19, 0x24, 0x19, 0x0a, 
    0x19, 0x27, 0x07, 0x02, 0x01, 0x01, 0x01, 0x01, 0x01, 0x01, 0x01, 0x03, 0x01, 0x03, 0x03, 0x09, 0x0b, 0x0c, 0x0d, 0x0f, 
    0x35, 0x6e, 0x1b, 0x22, 0x1b, 0x3e, 0x1b, 0x3e, 0x58, 0x0c, 0x0f, 0x00, 0x00, 0x08, 0x00, 0x17, 0xff, 0xc0, 0x01, 0xd5, 
    0x01, 0xaf, 0x00, 0x42, 0x00, 0x50, 0x00, 0x56, 0x00, 0x5c, 0x00, 0x62, 0x00, 0x68, 0x00, 0x71, 0x00, 0x81, 0x00, 0x00, 
    0x01, 0x16, 0x16, 0x07, 0x16, 0x16, 0x15, 0x15, 0x36, 0x33, 0x32, 0x16, 0x14, 0x06, 0x23, 0x23, 0x27, 0x26, 0x27, 0x26, 
    0x35, 0x34, 0x37, 0x36, 0x33, 0x33, 0x32, 0x36, 0x34, 0x26, 0x23, 0x23, 0x35, 0x34, 0x26, 0x22, 0x06, 0x15, 0x23, 0x22, 
    0x06, 0x14, 0x16, 0x33, 0x33, 0x17, 0x16, 0x17, 0x16, 0x14, 0x07, 0x06, 0x07, 0x07, 0x23, 0x22, 0x26, 0x34, 0x36, 0x33, 
    0x33, 0x26, 0x26, 0x37, 0x3e, 0x02, 0x17, 0x26, 0x06, 0x07, 0x06, 0x16, 0x17, 0x36, 0x36, 0x33, 0x32, 0x17, 0x26, 0x26, 
    0x37, 0x26, 0x27, 0x37, 0x17, 0x26, 0x07, 0x06, 0x07, 0x37, 0x17, 0x06, 0x17, 0x26, 0x27, 0x17, 0x07, 0x36, 0x05, 0x16, 
    0x17, 0x27, 0x37, 0x06, 0x17, 0x16, 0x15, 0x14, 0x06, 0x22, 0x26, 0x35, 0x34, 0x37, 0x06, 0x07, 0x06, 0x07, 0x06, 0x15, 
    0x14, 0x16, 0x32, 0x36, 0x35, 0x34, 0x27, 0x26, 0x27, 0x01, 0x10, 0x25, 0x26, 0x07, 0x14, 0x18, 0x0a, 0x0b, 0x1b, 0x25, 
    0x25, 0x1b, 0x2a, 0x06, 0x06, 0x04, 0x06, 0x0b, 0x05, 0x06, 0x2a, 0x09, 0x0d, 0x0d, 0x09, 0x40, 0x32, 0x46, 0x32, 0x2b, 
    0x12, 0x19, 0x19, 0x12, 0x15, 0x06, 0x06, 0x04, 0x06, 0x06, 0x04, 0x06, 0x06, 0x15, 0x23, 0x32, 0x32, 0x23, 0x06, 0x15, 
    0x0a, 0x0e, 0x0d, 0x33, 0x3e, 0x0c, 0x1d, 0x3a, 0x0c, 0x07, 0x01, 0x08, 0x12, 0x33, 0x1d, 0x16, 0x15, 0x01, 0x18, 0x0f, 
    0x12, 0x12, 0x36, 0x13, 0x11, 0xb3, 0x10, 0x0c, 0x03, 0x3f, 0x14, 0xec, 0x03, 0x06, 0x33, 0x2c, 0x04, 0xfe, 0xbf, 0x02, 
    0x06, 0x32, 0x2b, 0x03, 0xc1, 0x15, 0x0c, 0x12, 0x0c, 0x15, 0x08, 0x09, 0x13, 0x0b, 0x11, 0x25, 0x36, 0x25, 0x11, 0x0b, 
    0x13, 0x01, 0x61, 0x11, 0x48, 0x27, 0x12, 0x33, 0x1c, 0x04, 0x04, 0x25, 0x36, 0x25, 0x01, 0x01, 0x04, 0x06, 0x09, 0x0e, 
    0x05, 0x03, 0x0c, 0x12, 0x0c, 0x2b, 0x23, 0x32, 0x32, 0x23, 0x19, 0x23, 0x19, 0x01, 0x02, 0x04, 0x05, 0x13, 0x06, 0x04, 
    0x01, 0x01, 0x32, 0x47, 0x32, 0x19, 0x42, 0x1f, 0x1d, 0x25, 0x07, 0x34, 0x0c, 0x16, 0x1c, 0x10, 0x23, 0x0e, 0x15, 0x18, 
    0x07, 0x15, 0x23, 0x57, 0x07, 0x04, 0x1c, 0x3e, 0x0d, 0x07, 0x0b, 0x0f, 0x3c, 0x0e, 0x07, 0x7e, 0x14, 0x11, 0x20, 0x30, 
    0x14, 0x0b, 0x12, 0x12, 0x20, 0x2f, 0x16, 0xcc, 0x21, 0x0c, 0x09, 0x0c, 0x0c, 0x09, 0x0c, 0x67, 0x0a, 0x0b, 0x18, 0x15, 
    0x1e, 0x13, 0x1b, 0x25, 0x25, 0x1b, 0x13, 0x1e, 0x15, 0x18, 0x00, 0x02, 0x00, 0x90, 0xff, 0xeb, 0x01, 0x70, 0x01, 0x95, 
    0x00, 0x0f, 0x00, 0x16, 0x00, 0x00, 0x25, 0x35, 0x34, 0x26, 0x22, 0x06, 0x15, 0x15, 0x06, 0x06, 0x16, 0x16, 0x32, 0x36, 
    0x36, 0x26, 0x27, 0x32, 0x16, 0x15, 0x23, 0x34, 0x36, 0x01, 0x40, 0x25, 0x36, 0x25, 0x1c, 0x14, 0x16, 0x38, 0x44, 0x38, 
    0x16, 0x14, 0x5c, 0x09, 0x0c, 0x2a, 0x0c, 0xab, 0xaa, 0x1b, 0x25, 0x25, 0x1b, 0xaa, 0x15, 0x42, 0x41, 0x28, 0x28, 0x41, 
    0x42, 0xd5, 0x0d, 0x09, 0x09, 0x0d, 0x00, 0x02, 0x00, 0x90, 0xff, 0xeb, 0x01, 0x70, 0x01, 0x95, 0x00, 0x0f, 0x00, 0x18, 
    0x00, 0x00, 0x25, 0x35, 0x34, 0x26, 0x22, 0x06, 0x15, 0x15, 0x06, 0x06, 0x16, 0x16, 0x32, 0x36, 0x36, 0x26, 0x27, 0x32, 
    0x16, 0x15, 0x15, 0x23, 0x35, 0x34, 0x36, 0x01, 0x40, 0x25, 0x36, 0x25, 0x1c, 0x14, 0x16, 0x38, 0x44, 0x38, 0x16, 0x14, 
    0x5c, 0x09, 0x0c, 0x2a, 0x0c, 0xab, 0xaa, 0x1b, 0x25, 0x25, 0x1b, 0xaa, 0x15, 0x42, 0x41, 0x28, 0x28, 0x41, 0x42, 0xd5, 
    0x0d, 0x09, 0x95, 0x95, 0x09, 0x0d, 0x00, 0x04, 0x00, 0x40, 0x00, 0x00, 0x01, 0xd5, 0x01, 0x80, 0x00, 0x03, 0x00, 0x07, 
    0x00, 0x0b, 0x00, 0x1c, 0x00, 0x00, 0x13, 0x15, 0x25, 0x35, 0x25, 0x17, 0x15, 0x07, 0x37, 0x17, 0x15, 0x07, 0x27, 0x15, 
    0x33, 0x15, 0x23, 0x15, 0x23, 0x11, 0x34, 0x36, 0x32, 0x16, 0x15, 0x15, 0x33, 0x15, 0x23, 0x95, 0x01, 0x40, 0xff, 0x00, 
    0x40, 0x40, 0x80, 0x40, 0x40, 0xea, 0x15, 0x15, 0x2b, 0x0d, 0x11, 0x0d, 0x15, 0x15, 0x01, 0x55, 0xaa, 0x2a, 0x56, 0x02, 
    0x09, 0x48, 0x09, 0x49, 0x09, 0x26, 0x09, 0x07, 0x16, 0x15, 0xc0, 0x01, 0x6b, 0x08, 0x0d, 0x0d, 0x08, 0x2b, 0x15, 0x00, 
    0x00, 0x00, 0x00, 0x06, 0x00, 0x4e, 0x00, 0x03, 0x00, 0x01, 0x04, 0x09, 0x00, 0x01, 0x00, 0x2a, 0x00, 0x00, 0x00, 0x03, 
    0x00, 0x01, 0x04, 0x09, 0x00, 0x02, 0x00, 0x0e, 0x00, 0x2a, 0x00, 0x03, 0x00, 0x01, 0x04, 0x09, 0x00, 0x03, 0x00, 0x2a, 
    0x00, 0x00, 0x00, 0x03, 0x00, 0x01, 0x04, 0x09, 0x00, 0x04, 0x00, 0x2a, 0x00, 0x00, 0x00, 0x03, 0x00, 0x01, 0x04, 0x09, 
    0x00, 0x05, 0x00, 0x16, 0x00, 0x38, 0x00, 0x03, 0x00, 0x01, 0x04, 0x09, 0x00, 0x06, 0x00, 0x26, 0x00, 0x4e, 0x00, 0x4d, 
    0x00, 0x61, 0x00, 0x74, 0x00, 0x65, 0x00, 0x72, 0x00, 0x69, 0x00, 0x61, 0x00, 0x6c, 0x00, 0x20, 0x00, 0x44, 0x00, 0x65, 
    0x00, 0x73, 0x00, 0x69, 0x00, 0x67, 0x00, 0x6e, 0x00, 0x20, 0x00, 0x49, 0x00, 0x63, 0x00, 0x6f, 0x00, 0x6e, 0x00, 0x73, 
    0x00, 0x52, 0x00, 0x65, 0x00, 0x67, 0x00, 0x75, 0x00, 0x6c, 0x00, 0x61, 0x00, 0x72, 0x00, 0x56, 0x00, 0x65, 0x00, 0x72, 
    0x00, 0x73, 0x00, 0x69, 0x00, 0x6f, 0x00, 0x6e, 0x00, 0x20, 0x00, 0x31, 0x00, 0x2e, 0x00, 0x30, 0x00, 0x4d, 0x00, 0x61, 
    0x00, 0x74, 0x00, 0x65, 0x00, 0x72, 0x00, 0x69, 0x00, 0x61, 0x00, 0x6c, 0x00, 0x44, 0x00, 0x65, 0x00, 0x73, 0x00, 0x69, 
    0x00, 0x67, 0x00, 0x6e, 0x00, 0x49, 0x00, 0x63, 0x00, 0x6f, 0x00, 0x6e, 0x00, 0x73, 0x00, 0x00, 0x00, 0x03, 0x00, 0x00, 
    0x00, 0x00, 0x00, 0x00, 0x00, 0x05, 0x00, 0x00, 0x00, 0x00, 0x00, 0x00, 0x00, 0x00, 0x00, 0x00, 0x00, 0x00, 0x00, 0x00, 
    0x00, 0x00, 0x00, 0x00, 0x00, 0x00, 0x00, 0x00, 0x00, 0x01, 0x00, 0x00, 0x00, 0x0a, 0x00, 0x26, 0x00, 0x28, 0x00, 0x02, 
    0x44, 0x46, 0x4c, 0x54, 0x00, 0x0e, 0x6c, 0x61, 0x74, 0x6e, 0x00, 0x18, 0x00, 0x04, 0x00, 0x00, 0x00, 0x00, 0xff, 0xff, 
    0x00, 0x00, 0x00, 0x00, 0x00, 0x00, 0x00, 0x00, 0x00, 0x00, 0x00, 0x00, 
};

size_t ttffont_mdi_size = sizeof(ttffont_mdi);

const uint8_t ttffont_shutdown[] = {
    0x00, 0x01, 0x00, 0x00, 0x00, 0x0a, 0x00, 0x80, 0x00, 0x03, 0x00, 0x20, 0x4f, 0x53, 0x2f, 0x32, 0x42, 0x62, 0x40, 0xde, 
    0x00, 0x00, 0x01, 0x28, 0x00, 0x00, 0x00, 0x60, 0x63, 0x6d, 0x61, 0x70, 0x00, 0x0c, 0xe3, 0xe0, 0x00, 0x00, 0x01, 0x90, 
    0x00, 0x00, 0x00, 0x34, 0x67, 0x6c, 0x79, 0x66, 0x15, 0x13, 0x2a, 0x7f, 0x00, 0x00, 0x01, 0xcc, 0x00, 0x00, 0x01, 0xda, 
    0x68, 0x65, 0x61, 0x64, 0x28, 0x02, 0xa9, 0x3a, 0x00, 0x00, 0x00, 0xac, 0x00, 0x00, 0x00, 0x36, 0x68, 0x68, 0x65, 0x61, 
    0x03, 0xc5, 0x01, 0xc1, 0x00, 0x00, 0x00, 0xe4, 0x00, 0x00, 0x00, 0x24, 0x68, 0x6d, 0x74, 0x78, 0x03, 0x80, 0x00, 0x00, 
    0x00, 0x00, 0x01, 0x88, 0x00, 0x00, 0x00, 0x08, 0x6c, 0x6f, 0x63, 0x61, 0x00, 0xed, 0x00, 0x00, 0x00, 0x00, 0x01, 0xc4, 
    0x00, 0x00, 0x00, 0x06, 0x6d, 0x61, 0x78, 0x70, 0x00, 0x0b, 0x00, 0xa0, 0x00, 0x00, 0x01, 0x08, 0x00, 0x00, 0x00, 0x20, 
    0x6e, 0x61, 0x6d, 0x65, 0x1d, 0x29, 0x37, 0xb0, 0x00, 0x00, 0x03, 0xa8, 0x00, 0x00, 0x01, 0x92, 0x70, 0x6f, 0x73, 0x74, 
    0xff, 0xde, 0x00, 0x19, 0x00, 0x00, 0x05, 0x3c, 0x00, 0x00, 0x00, 0x20, 0x00, 0x01, 0x00, 0x00, 0x03, 0x04, 0x01, 0x00, 
    0x5c, 0x06, 0x2f, 0xf5, 0x5f, 0x0f, 0x3c, 0xf5, 0x00, 0x0b, 0x02, 0x00, 0x00, 0x00, 0x00, 0x00, 0xe0, 0x42, 0x63, 0xe1, 
    0x00, 0x00, 0x00, 0x00, 0xe3, 0x9c, 0x03, 0xdc, 0x00, 0x00, 0xff, 0xc0, 0x02, 0x02, 0x01, 0xc0, 0x00, 0x00, 0x00, 0x08, 
    0x00, 0x02, 0x00, 0x00, 0x00, 0x00, 0x00, 0x00, 0x00, 0x01, 0x00, 0x00, 0x01, 0xc0, 0xff, 0xc0, 0x00, 0x00, 0x02, 0x00, 
    0x00, 0x00, 0xff, 0xfe, 0x02, 0x02, 0x00, 0x01, 0x00, 0x00, 0x00, 0x00, 0x00, 0x00, 0x00, 0x00, 0x00, 0x00, 0x00, 0x00, 
    0x00, 0x00, 0x00, 0x02, 0x00, 0x01, 0x00, 0x00, 0x00, 0x02, 0x00, 0x9e, 0x00, 0x07, 0x00, 0x00, 0x00, 0x00, 0x00, 0x01, 
    0x00, 0x00, 0x00, 0x01, 0x00, 0x01, 0x00, 0x00, 0x00, 0x00, 0x00, 0x00, 0x00, 0x00, 0x00, 0x00, 0x00, 0x04, 0x02, 0x08, 
    0x01, 0x2c, 0x00, 0x05, 0x00, 0x04, 0x01, 0x4c, 0x01, 0x66, 0x00, 0x00, 0x00, 0x47, 0x01, 0x4c, 0x01, 0x66, 0x00, 0x00, 
    0x00, 0xf5, 0x00, 0x19, 0x00, 0x84, 0x00, 0x00, 0x02, 0x00, 0x04, 0x03, 0x00, 0x00, 0x00, 0x00, 0x00, 0x00, 0x00, 0x00, 
    0x00, 0x00, 0x10, 0x00, 0x00, 0x00, 0x00, 0x00, 0x00, 0x00, 0x00, 0x00, 0x00, 0x00, 0x41, 0x57, 0x53, 0x4d, 0x00, 0x80, 
    0xe3, 0x8d, 0xe3, 0x8d, 0x01, 0xc0, 0xff, 0xc0, 0x00, 0x00, 0x01, 0xc0, 0x00, 0x40, 0x00, 0x00, 0x00, 0x01, 0x00, 0x00, 
    0x00, 0x00, 0x01, 0x39, 0x01, 0xa5, 0x00, 0x00, 0x00, 0x20, 0x00, 0x00, 0x01, 0x80, 0x00, 0x00, 0x02, 0x00, 0x00, 0x00, 
    0x00, 0x00, 0x00, 0x02, 0x00, 0x00, 0x00, 0x03, 0x00, 0x00, 0x00, 0x14, 0x00, 0x03, 0x00, 0x01, 0x00, 0x00, 0x00, 0x14, 
    0x00, 0x04, 0x00, 0x20, 0x00, 0x00, 0x00, 0x04, 0x00, 0x04, 0x00, 0x01, 0x00, 0x00, 0xe3, 0x8d, 0xff, 0xff, 0x00, 0x00, 
    0xe3, 0x8d, 0xff, 0xff, 0x1c, 0x74, 0x00, 0x01, 0x00, 0x00, 0x00, 0x00, 0x00, 0x00, 0x00, 0x00, 0x00, 0xed, 0x00, 0x00, 
    0x00, 0x07, 0x00, 0x00, 0xff, 0xc0, 0x02, 0x02, 0x01, 0xc0, 0x00, 0x36, 0x00, 0x3f, 0x00, 0x4c, 0x00, 0x63, 0x00, 0x7a, 
    0x00, 0x8c, 0x00, 0x9d, 0x00, 0x00, 0x37, 0x36, 0x37, 0x31, 0x36, 0x37, 0x31, 0x36, 0x37, 0x32, 0x17, 0x16, 0x37, 0x36, 
    0x27, 0x26, 0x23, 0x06, 0x07, 0x06, 0x07, 0x06, 0x07, 0x16, 0x17, 0x16, 0x17, 0x16, 0x17, 0x36, 0x37, 0x36, 0x37, 0x36, 
    0x37, 0x34, 0x27, 0x26, 0x07, 0x06, 0x17, 0x16, 0x15, 0x06, 0x07, 0x06, 0x07, 0x06, 0x07, 0x26, 0x27, 0x26, 0x27, 0x26, 
    0x27, 0x17, 0x36, 0x37, 0x16, 0x17, 0x06, 0x07, 0x26, 0x27, 0x33, 0x26, 0x27, 0x26, 0x07, 0x06, 0x07, 0x16, 0x17, 0x16, 
    0x37, 0x36, 0x37, 0x13, 0x33, 0x07, 0x06, 0x17, 0x16, 0x17, 0x33, 0x36, 0x37, 0x26, 0x27, 0x23, 0x37, 0x36, 0x27, 0x26, 
    0x27, 0x23, 0x06, 0x07, 0x16, 0x17, 0x37, 0x16, 0x17, 0x33, 0x07, 0x06, 0x17, 0x16, 0x17, 0x33, 0x36, 0x37, 0x26, 0x27, 
    0x23, 0x37, 0x36, 0x27, 0x26, 0x27, 0x23, 0x06, 0x07, 0x07, 0x06, 0x23, 0x31, 0x22, 0x27, 0x26, 0x07, 0x06, 0x17, 0x16, 
    0x33, 0x32, 0x37, 0x36, 0x27, 0x26, 0x07, 0x21, 0x26, 0x07, 0x06, 0x17, 0x16, 0x33, 0x32, 0x37, 0x36, 0x27, 0x26, 0x07, 
    0x06, 0x23, 0x22, 0x27, 0x20, 0x01, 0x1e, 0x1d, 0x33, 0x32, 0x3f, 0x32, 0x2b, 0x0e, 0x07, 0x05, 0x0d, 0x31, 0x39, 0x48, 
    0x39, 0x3a, 0x22, 0x22, 0x01, 0x01, 0x22, 0x22, 0x3a, 0x39, 0x48, 0x48, 0x39, 0x3a, 0x22, 0x22, 0x01, 0x17, 0x07, 0x0e, 
    0x0d, 0x05, 0x14, 0x01, 0x1e, 0x1d, 0x33, 0x32, 0x3f, 0x3f, 0x32, 0x33, 0x1d, 0x1e, 0x01, 0xc8, 0x02, 0x16, 0x16, 0x02, 
    0x02, 0x16, 0x16, 0x02, 0x50, 0x01, 0x1b, 0x1c, 0x1c, 0x1b, 0x01, 0x01, 0x1b, 0x1c, 0x1c, 0x1b, 0x01, 0x08, 0x19, 0x24, 
    0x07, 0x03, 0x05, 0x0a, 0x40, 0x0f, 0x01, 0x01, 0x0f, 0x19, 0x24, 0x07, 0x03, 0x05, 0x0a, 0x40, 0x0f, 0x01, 0x01, 0x0f, 
    0x60, 0x01, 0x0f, 0x19, 0x24, 0x07, 0x03, 0x05, 0x0a, 0x40, 0x0f, 0x01, 0x01, 0x0f, 0x19, 0x24, 0x07, 0x03, 0x05, 0x0a, 
    0x40, 0x0f, 0x01, 0x1d, 0x0e, 0x15, 0x15, 0x0e, 0x0a, 0x0d, 0x0a, 0x07, 0x19, 0x24, 0x24, 0x19, 0x08, 0x0b, 0x0d, 0x0a, 
    0xfe, 0xfa, 0x0a, 0x0d, 0x0a, 0x07, 0x19, 0x24, 0x24, 0x19, 0x08, 0x0b, 0x0d, 0x0a, 0x0e, 0x15, 0x15, 0x0e, 0xc0, 0x3f, 
    0x32, 0x33, 0x1d, 0x1e, 0x01, 0x14, 0x05, 0x0d, 0x0e, 0x07, 0x17, 0x01, 0x22, 0x22, 0x3a, 0x39, 0x48, 0x48, 0x39, 0x3a, 
    0x22, 0x22, 0x01, 0x01, 0x22, 0x22, 0x3a, 0x39, 0x48, 0x39, 0x31, 0x0d, 0x05, 0x08, 0x0d, 0x2b, 0x32, 0x3f, 0x32, 0x33, 
    0x1e, 0x1d, 0x01, 0x01, 0x1e, 0x1d, 0x33, 0x32, 0x3f, 0x80, 0x16, 0x02, 0x02, 0x16, 0x16, 0x02, 0x02, 0x16, 0x20, 0x10, 
    0x10, 0x10, 0x10, 0x20, 0x20, 0x10, 0x10, 0x10, 0x10, 0x20, 0x01, 0x00, 0x25, 0x07, 0x0a, 0x09, 0x01, 0x01, 0x0f, 0x0f, 
    0x01, 0x25, 0x07, 0x0a, 0x09, 0x01, 0x01, 0x0f, 0x0f, 0x01, 0x70, 0x0f, 0x01, 0x25, 0x07, 0x0a, 0x09, 0x01, 0x01, 0x0f, 
    0x0f, 0x01, 0x25, 0x07, 0x0a, 0x09, 0x01, 0x01, 0x0f, 0xde, 0x12, 0x12, 0x0b, 0x08, 0x0a, 0x0d, 0x1e, 0x1e, 0x0d, 0x0a, 
    0x07, 0x0a, 0x0b, 0x08, 0x0a, 0x0d, 0x1e, 0x1e, 0x0d, 0x0a, 0x07, 0x0a, 0x12, 0x12, 0x00, 0x00, 0x00, 0x00, 0x00, 0x07, 
    0x00, 0x5a, 0x00, 0x03, 0x00, 0x01, 0x04, 0x09, 0x00, 0x00, 0x00, 0x34, 0x00, 0x00, 0x00, 0x03, 0x00, 0x01, 0x04, 0x09, 
    0x00, 0x01, 0x00, 0x30, 0x00, 0x34, 0x00, 0x03, 0x00, 0x01, 0x04, 0x09, 0x00, 0x02, 0x00, 0x0a, 0x00, 0x64, 0x00, 0x03, 
    0x00, 0x01, 0x04, 0x09, 0x00, 0x03, 0x00, 0x3c, 0x00, 0x6e, 0x00, 0x03, 0x00, 0x01, 0x04, 0x09, 0x00, 0x04, 0x00, 0x30, 
    0x00, 0x34, 0x00, 0x03, 0x00, 0x01, 0x04, 0x09, 0x00, 0x05, 0x00, 0x64, 0x00, 0xaa, 0x00, 0x03, 0x00, 0x01, 0x04, 0x09, 
    0x00, 0x06, 0x00, 0x2a, 0x01, 0x0e, 0x00, 0x43, 0x00, 0x6f, 0x00, 0x70, 0x00, 0x79, 0x00, 0x72, 0x00, 0x69, 0x00, 0x67, 
    0x00, 0x68, 0x00, 0x74, 0x00, 0x20, 0x00, 0x28, 0x00, 0x63, 0x00, 0x29, 0x00, 0x20, 0x00, 0x46, 0x00, 0x6f, 0x00, 0x6e, 
    0x00, 0x74, 0x00, 0x20, 0x00, 0x41, 0x00, 0x77, 0x00, 0x65, 0x00, 0x73, 0x00, 0x6f, 0x00, 0x6d, 0x00, 0x65, 0x00, 0x46, 
    0x00, 0x6f, 0x00, 0x6e, 0x00, 0x74, 0x00, 0x20, 0x00, 0x41, 0x00, 0x77, 0x00, 0x65, 0x00, 0x73, 0x00, 0x6f, 0x00, 0x6d, 
    0x00, 0x65, 0x00, 0x20, 0x00, 0x36, 0x00, 0x20, 0x00, 0x50, 0x00, 0x72, 0x00, 0x6f, 0x00, 0x20, 0x00, 0x4c, 0x00, 0x69, 
    0x00, 0x67, 0x00, 0x68, 0x00, 0x74, 0x00, 0x4c, 0x00, 0x69, 0x00, 0x67, 0x00, 0x68, 0x00, 0x74, 0x00, 0x46, 0x00, 0x6f, 
    0x00, 0x6e, 0x00, 0x74, 0x00, 0x20, 0x00, 0x41, 0x00, 0x77, 0x00, 0x65, 0x00, 0x73, 0x00, 0x6f, 0x00, 0x6d, 0x00, 0x65, 
    0x00, 0x20, 0x00, 0x36, 0x00, 0x20, 0x00, 0x50, 0x00, 0x72, 0x00, 0x6f, 0x00, 0x20, 0x00, 0x4c, 0x00, 0x69, 0x00, 0x67, 
    0x00, 0x68, 0x00, 0x74, 0x00, 0x2d, 0x00, 0x36, 0x00, 0x2e, 0x00, 0x34, 0x00, 0x2e, 0x00, 0x30, 0x00, 0x56, 0x00, 0x65, 
    0x00, 0x72, 0x00, 0x73, 0x00, 0x69, 0x00, 0x6f, 0x00, 0x6e, 0x00, 0x20, 0x00, 0x37, 0x00, 0x37, 0x00, 0x32, 0x00, 0x2e, 
    0x00, 0x30, 0x00, 0x30, 0x00, 0x33, 0x00, 0x39, 0x00, 0x30, 0x00, 0x36, 0x00, 0x32, 0x00, 0x35, 0x00, 0x20, 0x00, 0x28, 
    0x00, 0x46, 0x00, 0x6f, 0x00, 0x6e, 0x00, 0x74, 0x00, 0x20, 0x00, 0x41, 0x00, 0x77, 0x00, 0x65, 0x00, 0x73, 0x00, 0x6f, 
    0x00, 0x6d, 0x00, 0x65, 0x00, 0x20, 0x00, 0x76, 0x00, 0x65, 0x00, 0x72, 0x00, 0x73, 0x00, 0x69, 0x00, 0x6f, 0x00, 0x6e, 
    0x00, 0x3a, 0x00, 0x20, 0x00, 0x36, 0x00, 0x2e, 0x00, 0x34, 0x00, 0x2e, 0x00, 0x30, 0x00, 0x29, 0x00, 0x46, 0x00, 0x6f, 
    0x00, 0x6e, 0x00, 0x74, 0x00, 0x41, 0x00, 0x77, 0x00, 0x65, 0x00, 0x73, 0x00, 0x6f, 0x00, 0x6d, 0x00, 0x65, 0x00, 0x36, 
    0x00, 0x50, 0x00, 0x72, 0x00, 0x6f, 0x00, 0x2d, 0x00, 0x4c, 0x00, 0x69, 0x00, 0x67, 0x00, 0x68, 0x00, 0x74, 0x00, 0x00, 
    0x00, 0x03, 0x00, 0x00, 0x00, 0x00, 0x00, 0x00, 0xff, 0xdb, 0x00, 0x19, 0x00, 0x00, 0x00, 0x00, 0x00, 0x00, 0x00, 0x00, 
    0x00, 0x00, 0x00, 0x00, 0x00, 0x00, 0x00, 0x00, 0x00, 0x00, 0x00, 0x00, 
};

size_t ttffont_shutdown_size = sizeof(ttffont_shutdown);

